case;throughput [sim_y/day];cpl_comm_sec [sec];total_time_sec [sec];total_corehours [hr];hours_per_simmonth [hr]
sps4_202603_001;0,25;373,239;29188,238;2724,2208;8,0000
sps4_202603_001;0,30;190,465;25232,506;2355,0240;6,6666
sps4_202603_001;0,27;340,331;28204,508;2632,3920;7,4074
sps4_202603_001;0,31;5,321;1630,175;152,1408;6,4516
sps4_202603_001;0,23;442,797;33048,036;3084,4800;8,6956
sps4_202603_001;0,23;417,831;31619,823;2951,1552;8,6956
sps4_202603_001;0,25;281,621;30254,730;2823,7440;8,0000
sps4_202603_002;0,24;393,602;31339,211;2924,9808;8,3333
sps4_202603_002;0,26;255,477;28449,564;2655,2736;7,6923
sps4_202603_002;0,29;225,757;26160,791;2441,6448;6,8965
sps4_202603_002;0,29;7,346;1640,306;153,0816;6,8965
sps4_202603_002;0,28;260,078;27169,380;2535,7920;7,1428
sps4_202603_002;0,26;301,815;27933,814;2607,1248;7,6923
sps4_202603_002;0,27;296,244;27198,288;2538,4800;7,4074
sps4_202603_003;0,29;239,983;26279,755;2452,7664;6,8965
sps4_202603_003;0,31;157,842;24152,541;2254,2240;6,4516
sps4_202603_003;0,23;455,551;33065,488;3086,0928;8,6956
sps4_202603_003;0,27;287,897;27560,402;2572,2816;7,4074
sps4_202603_003;0,26;10,716;1705,295;159,1296;7,6923
sps4_202603_003;0,29;218,349;25088,425;2341,5840;6,8965
sps4_202603_003;0,31;183,845;24587,243;2294,7792;6,4516
sps4_202603_004;0,31;158,307;24193,838;2258,0880;6,4516
sps4_202603_004;0,26;342,730;28220,047;2633,8704;7,6923
sps4_202603_004;0,24;390,970;30992,726;2892,6240;8,3333
sps4_202603_004;0,24;400,803;30534,099;2849,8176;8,3333
sps4_202603_004;0,32;5,419;1596,471;148,9824;6,2500
sps4_202603_004;0,25;392,687;30613,765;2857,2768;8,0000
sps4_202603_004;0,28;267,563;27315,076;2549,4000;7,1428
sps4_202603_005;0,30;208,533;25460,828;2376,3264;6,6666
sps4_202603_005;0,31;172,090;24229,105;2261,3808;6,4516
sps4_202603_005;0,22;523,332;33974,200;3170,8992;9,0909
sps4_202603_005;0,29;223,817;25981,607;2424,9456;6,8965
sps4_202603_005;0,30;195,889;24656,840;2301,2976;6,6666
sps4_202603_005;0,30;203,573;25013,662;2334,5952;6,6666
sps4_202603_005;0,24;12,955;1835,396;171,2928;8,3333
sps4_202603_006;0,25;327,947;29534,685;2756,5440;8,0000
sps4_202603_006;0,27;261,313;27667,751;2582,2944;7,4074
sps4_202603_006;0,28;245,269;25948,024;2421,7872;7,1428
sps4_202603_006;0,29;237,189;26427,652;2466,5760;6,8965
sps4_202603_006;0,24;12,869;1966,359;183,5232;8,3333
sps4_202603_006;0,28;261,201;27342,105;2551,9200;7,1428
sps4_202603_006;0,30;206,957;25447,615;2375,0832;6,6666
sps4_202603_007;0,29;232,423;25925,875;2419,7376;6,8965
sps4_202603_007;0,26;12,339;1822,773;170,1168;7,6923
sps4_202603_007;0,31;177,999;24512,651;2287,8240;6,4516
sps4_202603_007;0,29;192,753;25397,008;2370,3792;6,8965
sps4_202603_007;0,30;178,385;24863,907;2320,6176;6,6666
sps4_202603_007;0,28;243,410;26616,025;2484,1488;7,1428
sps4_202603_007;0,29;228,995;25533,549;2383,1136;6,8965
sps4_202603_008;0,24;12,521;1889,862;176,3664;8,3333
sps4_202603_008;0,27;285,408;26793,148;2500,6800;7,4074
sps4_202603_008;0,25;371,006;30330,070;2830,8000;8,0000
sps4_202603_008;0,29;219,923;25736,625;2402,0640;6,8965
sps4_202603_008;0,30;194,437;25177,177;2349,8496;6,6666
sps4_202603_008;0,26;305,214;28893,695;2696,7360;7,6923
sps4_202603_008;0,29;228,810;25785,573;2406,6336;6,8965
sps4_202603_009;0,30;218,458;25671,854;2396,0160;6,6666
sps4_202603_009;0,26;349,477;29126,943;2718,5088;7,6923
sps4_202603_009;0,28;270,751;26400,655;2464,0560;7,1428
sps4_202603_009;0,24;393,676;29992,152;2799,2496;8,3333
sps4_202603_009;0,28;7,337;1633,135;152,4096;7,1428
sps4_202603_009;0,26;316,373;29004,478;2707,0512;7,6923
sps4_202603_009;0,24;392,390;30811,021;2875,6896;8,3333
sps4_202603_010;0,30;174,175;24721,067;2307,2784;6,6666
sps4_202603_010;0,26;10,188;1753,832;163,6656;7,6923
sps4_202603_010;0,23;420,034;32328,227;3017,2800;8,6956
sps4_202603_010;0,30;199,443;24163,049;2255,1984;6,6666
sps4_202603_010;0,23;457,819;32494,458;3032,8032;8,6956
sps4_202603_010;0,29;220,052;25374,494;2368,2624;6,8965
sps4_202603_010;0,30;203,346;25574,589;2386,9440;6,6666
sps4_202603_011;0,30;6,480;1602,740;149,5872;6,6666
sps4_202603_011;0,30;212,914;24831,421;2317,5936;6,6666
sps4_202603_011;0,31;173,514;24633,038;2299,0800;6,4516
sps4_202603_011;0,26;329,150;27748,501;2589,8544;7,6923
sps4_202603_011;0,30;208,825;25345,377;2365,5408;6,6666
sps4_202603_011;0,24;405,011;31783,636;2966,4432;8,3333
sps4_202603_011;0,26;331,206;29458,158;2749,4208;7,6923
sps4_202603_012;0,22;471,617;33153,087;3094,2576;9,0909
sps4_202603_012;0,23;406,860;31874,814;2974,9776;8,6956
sps4_202603_012;0,31;4,863;1592,173;148,5792;6,4516
sps4_202603_012;0,22;506,598;34175,930;3189,7488;9,0909
sps4_202603_012;0,28;237,636;26835,808;2504,6448;7,1428
sps4_202603_012;0,23;452,814;32142,568;2999,9424;8,6956
sps4_202603_012;0,28;230,548;26629,375;2485,3920;7,1428
sps4_202603_013;0,29;236,827;25621,381;2391,3120;6,8965
sps4_202603_013;0,27;312,377;28342,387;2645,2608;7,4074
sps4_202603_013;0,28;234,733;26780,932;2499,5376;7,1428
sps4_202603_013;0,29;7,595;1692,333;157,9200;6,8965
sps4_202603_013;0,29;235,038;25402,217;2370,8496;6,8965
sps4_202603_013;0,30;204,967;25405,496;2371,1520;6,6666
sps4_202603_013;0,26;300,607;28935,479;2700,6336;7,6923
sps4_202603_014;0,32;5,062;1529,878;142,7664;6,2500
sps4_202603_014;0,24;261,951;30929,535;2886,7440;8,3333
sps4_202603_014;0,32;128,801;22849,798;2132,6256;6,2500
sps4_202603_014;0,23;508,260;33350,608;3112,7040;8,6956
sps4_202603_014;0,31;138,473;24144,566;2253,4848;6,4516
sps4_202603_014;0,32;142,108;24211,119;2259,7008;6,2500
sps4_202603_014;0,27;279,971;26945,861;2514,9264;7,4074
sps4_202603_015;0,23;436,360;32493,661;3032,7360;8,6956
sps4_202603_015;0,30;217,251;25051,138;2338,0896;6,6666
sps4_202603_015;0,23;414,498;31402,735;2930,8944;8,6956
sps4_202603_015;0,24;379,465;31038,798;2896,9248;8,3333
sps4_202603_015;0,28;240,287;25754,153;2403,7104;7,1428
sps4_202603_015;0,30;6,554;1562,621;145,8240;6,6666
sps4_202603_015;0,29;209,270;25573,973;2386,8768;6,8965
sps4_202603_016;0,29;244,813;26616,027;2484,1488;6,8965
sps4_202603_016;0,26;314,493;28772,208;2685,3792;7,6923
sps4_202603_016;0,31;5,054;1602,559;149,5536;6,4516
sps4_202603_016;0,25;285,014;29708,407;2772,7728;8,0000
sps4_202603_016;0,25;336,123;29142,093;2719,9200;8,0000
sps4_202603_016;0,26;313,100;29258,264;2730,7392;7,6923
sps4_202603_016;0,28;237,506;26013,440;2427,9024;7,1428
sps4_202603_017;0,31;5,164;1589,400;148,3440;6,4516
sps4_202603_017;0,23;455,958;33343,206;3112,0320;8,6956
sps4_202603_017;0,29;197,014;26284,319;2453,1696;6,8965
sps4_202603_017;0,28;234,023;26614,377;2483,9808;7,1428
sps4_202603_017;0,24;395,521;29874,572;2788,2624;8,3333
sps4_202603_017;0,24;373,865;30319,295;2829,7920;8,3333
sps4_202603_017;0,24;395,427;31733,099;2961,7392;8,3333
sps4_202603_018;0,27;271,459;26944,119;2514,7584;7,4074
sps4_202603_018;0,29;220,432;26101,744;2436,1344;6,8965
sps4_202603_018;0,27;284,771;27511,233;2567,7120;7,4074
sps4_202603_018;0,26;10,509;1709,698;159,5664;7,6923
sps4_202603_018;0,26;327,721;29388,454;2742,9024;7,6923
sps4_202603_018;0,26;321,699;28052,230;2618,1792;7,6923
sps4_202603_018;0,27;284,967;27653,391;2580,9504;7,4074
sps4_202603_019;0,24;440,852;31463,573;2936,5728;8,3333
sps4_202603_019;0,25;319,885;29986,589;2798,7456;8,0000
sps4_202603_019;0,29;219,095;26204,601;2445,7440;6,8965
sps4_202603_019;0,23;405,772;31762,288;2964,4608;8,6956
sps4_202603_019;0,32;4,814;1531,171;142,9008;6,2500
sps4_202603_019;0,22;490,761;33270,359;3105,2112;9,0909
sps4_202603_019;0,23;468,632;32655,700;3047,8560;8,6956
sps4_202603_020;0,27;268,404;26864,257;2507,2992;7,4074
sps4_202603_020;0,26;320,626;29080,709;2714,1744;7,6923
sps4_202603_020;0,31;181,666;24434,159;2280,4992;6,4516
sps4_202603_020;0,33;130,468;23406,297;2184,5712;6,0606
sps4_202603_020;0,30;173,286;25056,243;2338,5600;6,6666
sps4_202603_020;0,27;275,618;27203,926;2539,0176;7,4074
sps4_202603_020;0,31;4,985;1534,152;143,1696;6,4516
sps4_202603_021;0,26;317,283;27837,447;2598,1536;7,6923
sps4_202603_021;0,24;387,681;30822,168;2876,7312;8,3333
sps4_202603_021;0,26;334,111;28498,206;2659,8096;7,6923
sps4_202603_021;0,31;4,867;1553,097;144,9504;6,4516
sps4_202603_021;0,28;255,508;27091,766;2528,5344;7,1428
sps4_202603_021;0,25;369,159;30127,712;2811,9168;8,0000
sps4_202603_021;0,25;329,973;29784,956;2779,8960;8,0000
sps4_202603_022;0,29;221,069;25910,599;2418,2928;6,8965
sps4_202603_022;0,23;491,472;33286,086;3106,6896;8,6956
sps4_202603_022;0,26;325,650;28622,290;2671,4016;7,6923
sps4_202603_022;0,23;417,751;32434,321;3027,1920;8,6956
sps4_202603_022;0,28;279,230;27313,203;2549,2320;7,1428
sps4_202603_022;0,23;442,415;31775,918;2965,7376;8,6956
sps4_202603_022;0,31;5,046;1585,065;147,9072;6,4516
sps4_202603_023;0,27;286,067;28199,299;2631,9216;7,4074
sps4_202603_023;0,22;492,735;32721,072;3053,9376;9,0909
sps4_202603_023;0,28;257,048;26905,958;2511,1968;7,1428
sps4_202603_023;0,23;468,537;31664,045;2955,2880;8,6956
sps4_202603_023;0,26;324,104;28967,424;2703,6240;7,6923
sps4_202603_023;0,25;352,683;30516,446;2848,1712;8,0000
sps4_202603_023;0,31;4,943;1533,140;143,0688;6,4516
sps4_202603_024;0,27;314,197;28087,957;2621,5392;7,4074
sps4_202603_024;0,27;294,844;28135,424;2625,9408;7,4074
sps4_202603_024;0,29;218,618;25352,482;2366,2128;6,8965
sps4_202603_024;0,24;298,937;31396,296;2930,2896;8,3333
sps4_202603_024;0,23;441,333;33037,750;3083,5056;8,6956
sps4_202603_024;0,24;393,830;30442,702;2841,3168;8,3333
sps4_202603_024;0,32;4,838;1527,476;142,5312;6,2500
sps4_202603_025;0,24;256,586;31604,953;2949,7776;8,3333
sps4_202603_025;0,22;543,256;33898,722;3163,8768;9,0909
sps4_202603_025;0,32;4,918;1552,385;144,8832;6,2500
sps4_202603_025;0,23;447,024;32800,316;3061,3296;8,6956
sps4_202603_025;0,29;240,963;26570,234;2479,8816;6,8965
sps4_202603_025;0,24;432,415;31120,423;2904,5520;8,3333
sps4_202603_025;0,28;260,727;26488,841;2472,2880;7,1428
sps4_202603_026;0,29;209,510;25684,575;2397,2256;6,8965
sps4_202603_026;0,28;311,419;26900,746;2510,7264;7,1428
sps4_202603_026;0,27;327,096;27486,157;2565,3600;7,4074
sps4_202603_026;0,24;291,588;31465,484;2936,7744;8,3333
sps4_202603_026;0,30;6,440;1505,536;140,5152;6,6666
sps4_202603_026;0,26;301,019;28589,438;2668,3440;7,6923
sps4_202603_026;0,25;355,300;29541,314;2757,1824;8,0000
sps4_202603_027;0,23;485,941;32987,808;3078,8352;8,6956
sps4_202603_027;0,23;434,111;32897,012;3070,3680;8,6956
sps4_202603_027;0,29;202,335;25832,568;2411,0352;6,8965
sps4_202603_027;0,31;4,953;1552,661;144,8832;6,4516
sps4_202603_027;0,24;388,181;30315,012;2829,3888;8,3333
sps4_202603_027;0,25;376,573;29938,973;2794,2768;8,0000
sps4_202603_027;0,22;471,266;33029,419;3082,7328;9,0909
sps4_202603_028;0,30;191,552;24780,713;2312,8560;6,6666
sps4_202603_028;0,28;263,129;27534,838;2569,8960;7,1428
sps4_202603_028;0,23;489,007;33325,200;3110,3520;8,6956
sps4_202603_028;0,26;366,606;29545,199;2757,5184;7,6923
sps4_202603_028;0,32;5,320;1548,703;144,5136;6,2500
sps4_202603_028;0,25;379,982;29636,793;2766,0864;8,0000
sps4_202603_028;0,23;438,896;31745,070;2962,8480;8,6956
sps4_202603_029;0,23;542,668;32974,196;3077,5584;8,6956
sps4_202603_029;0,30;179,989;25111,615;2343,7344;6,6666
sps4_202603_029;0,31;6,069;1602,481;149,5536;6,4516
sps4_202603_029;0,22;472,647;32991,404;3079,1712;9,0909
sps4_202603_029;0,23;438,147;32887,641;3069,4944;8,6956
sps4_202603_029;0,24;342,295;31014,078;2894,6400;8,3333
sps4_202603_029;0,27;274,434;27481,418;2564,9232;7,4074
sps4_202603_030;0,23;428,255;31973,680;2984,1840;8,6956
sps4_202603_030;0,23;441,268;33099,569;3089,2848;8,6956
sps4_202603_030;0,30;200,785;25185,757;2350,6560;6,6666
sps4_202603_030;0,31;5,091;1578,919;147,3360;6,4516
sps4_202603_030;0,23;412,520;31460,103;2936,2704;8,6956
sps4_202603_030;0,29;215,275;25732,245;2401,6608;6,8965
sps4_202603_030;0,27;240,450;27826,611;2597,1456;7,4074
sps4_202603_031;0,32;4,967;1541,509;143,8416;6,2500
sps4_202603_031;0,28;244,607;27062,963;2525,8464;7,1428
sps4_202603_031;0,26;346,206;28671,463;2675,9712;7,6923
sps4_202603_031;0,23;446,072;32838,836;3064,9248;8,6956
sps4_202603_031;0,31;167,331;24651,911;2300,8272;6,4516
sps4_202603_031;0,24;382,446;30207,477;2819,3424;8,3333
sps4_202603_031;0,25;363,910;30395,313;2836,8816;8,0000
sps4_202603_032;0,22;479,239;32787,421;3060,1536;9,0909
sps4_202603_032;0,23;433,795;32612,402;3043,8240;8,6956
sps4_202603_032;0,32;142,712;23821,671;2223,3456;6,2500
sps4_202603_032;0,22;504,592;34654,363;3234,4032;9,0909
sps4_202603_032;0,32;4,648;2040,277;190,4112;6,2500
sps4_202603_032;0,24;391,000;31403,708;2930,9952;8,3333
sps4_202603_032;0,24;399,957;31010,031;2894,2368;8,3333
sps4_202603_033;0,30;195,949;25410,306;2371,6224;6,6666
sps4_202603_033;0,29;222,990;26048,546;2431,1952;6,8965
sps4_202603_033;0,31;174,034;24519,970;2288,5296;6,4516
sps4_202603_033;0,27;9,515;1702,707;158,8944;7,4074
sps4_202603_033;0,30;188,423;24585,537;2294,6448;6,6666
sps4_202603_033;0,30;211,518;25678,193;2396,6208;6,6666
sps4_202603_033;0,28;241,160;26741,690;2495,8752;7,1428
sps4_202603_034;0,22;463,975;32542,926;3037,3392;9,0909
sps4_202603_034;0,24;386,325;31416,298;2932,1712;8,3333
sps4_202603_034;0,31;180,699;24609,288;2296,8624;6,4516
sps4_202603_034;0,31;5,323;1443,883;134,7360;6,4516
sps4_202603_034;0,22;506,579;34627,879;3231,9168;9,0909
sps4_202603_034;0,23;445,684;32537,193;3036,8016;8,6956
sps4_202603_034;0,23;438,111;31524,456;2942,2512;8,6956
sps4_202603_035;0,24;373,401;30241,325;2822,5008;8,3333
sps4_202603_035;0,31;156,120;24226,112;2261,0784;6,4516
sps4_202603_035;0,27;278,910;27881,478;2602,2528;7,4074
sps4_202603_035;0,22;498,425;32756,790;3057,2976;9,0909
sps4_202603_035;0,22;475,477;33991,592;3172,5456;9,0909
sps4_202603_035;0,31;5,244;1608,821;150,1248;6,4516
sps4_202603_035;0,25;341,573;30086,120;2808,0192;8,0000
sps4_202603_036;0,27;284,061;27387,037;2556,1200;7,4074
sps4_202603_036;0,32;4,896;1568,473;146,3616;6,2500
sps4_202603_036;0,29;198,747;25799,680;2407,9440;6,8965
sps4_202603_036;0,23;456,743;33119,072;3091,0992;8,6956
sps4_202603_036;0,26;331,554;29482,261;2751,6720;7,6923
sps4_202603_036;0,31;196,016;24830,972;2317,5264;6,4516
sps4_202603_036;0,23;402,736;31527,671;2942,5536;8,6956
sps4_202603_037;0,27;300,942;28114,498;2623,9920;7,4074
sps4_202603_037;0,29;225,868;26189,177;2444,2992;6,8965
sps4_202603_037;0,25;371,147;29378,648;2741,9952;8,0000
sps4_202603_037;0,26;9,777;1707,093;159,2976;7,6923
sps4_202603_037;0,29;223,027;25815,942;2409,4560;6,8965
sps4_202603_037;0,27;284,788;27022,414;2522,0832;7,4074
sps4_202603_037;0,30;196,497;25017,681;2334,9648;6,6666
sps4_202603_038;0,22;442,719;32527,105;3035,8608;9,0909
sps4_202603_038;0,29;242,448;26289,169;2453,6400;6,8965
sps4_202603_038;0,25;379,118;30682,945;2863,7280;8,0000
sps4_202603_038;0,30;186,665;24952,862;2328,9168;6,6666
sps4_202603_038;0,32;4,860;1551,600;144,8160;6,2500
sps4_202603_038;0,26;312,841;28581,607;2667,6048;7,6923
sps4_202603_038;0,23;449,028;31815,894;2969,4672;8,6956
sps4_202603_039;0,22;480,391;33077,841;3087,2352;9,0909
sps4_202603_039;0,23;428,852;32698,815;3051,8880;8,6956
sps4_202603_039;0,31;5,279;1613,206;150,5616;6,4516
sps4_202603_039;0,30;193,486;25338,268;2364,9024;6,6666
sps4_202603_039;0,24;398,653;31301,285;2921,4528;8,3333
sps4_202603_039;0,30;199,481;24306,772;2268,6048;6,6666
sps4_202603_039;0,23;420,104;32407,231;3024,6720;8,6956
sps4_202603_040;0,29;227,239;25786,380;2406,7008;6,8965
sps4_202603_040;0,26;289,731;28322,550;2643,4128;7,6923
sps4_202603_040;0,26;310,980;28957,169;2702,6496;7,6923
sps4_202603_040;0,26;321,281;28058,931;2618,8176;7,6923
sps4_202603_040;0,29;236,878;25226,229;2354,4192;6,8965
sps4_202603_040;0,30;206,087;25399,756;2370,6144;6,6666
sps4_202603_040;0,26;10,023;1658,836;154,7952;7,6923
sps4_202603_041;0,22;448,649;32943,897;3074,7360;9,0909
sps4_202603_041;0,26;327,090;29323,890;2736,8880;7,6923
sps4_202603_041;0,28;256,533;26898,946;2510,5584;7,1428
sps4_202603_041;0,23;314,207;32344,133;3018,7584;8,6956
sps4_202603_041;0,29;222,092;25244,102;2356,0992;6,8965
sps4_202603_041;0,29;232,738;25920,302;2419,2000;6,8965
sps4_202603_041;0,31;5,003;1570,171;146,5296;6,4516
sps4_202603_042;0,25;324,216;29871,567;2787,9936;8,0000
sps4_202603_042;0,22;438,556;32567,218;3039,5904;9,0909
sps4_202603_042;0,30;181,866;25166,290;2348,8416;6,6666
sps4_202603_042;0,23;478,451;33093,745;3088,7472;8,6956
sps4_202603_042;0,32;4,833;1546,899;144,3456;6,2500
sps4_202603_042;0,25;376,738;30658,194;2861,4096;8,0000
sps4_202603_042;0,26;343,629;28227,573;2634,5424;7,6923
sps4_202603_043;0,31;5,403;1576,799;147,1344;6,4516
sps4_202603_043;0,29;205,031;25988,116;2425,5504;6,8965
sps4_202603_043;0,27;283,895;28013,951;2614,6176;7,4074
sps4_202603_043;0,25;378,828;29317,572;2736,2832;8,0000
sps4_202603_043;0,23;462,876;32791,831;3060,5568;8,6956
sps4_202603_043;0,26;303,898;27971,666;2610,6864;7,6923
sps4_202603_043;0,24;381,739;31519,625;2941,8144;8,3333
sps4_202603_044;0,26;326,070;28862,377;2693,8128;7,6923
sps4_202603_044;0,22;488,780;33597,219;3135,7200;9,0909
sps4_202603_044;0,27;278,345;28087,741;2621,5056;7,4074
sps4_202603_044;0,26;298,537;28687,117;2677,4496;7,6923
sps4_202603_044;0,29;210,822;24949,595;2328,6144;6,8965
sps4_202603_044;0,30;196,022;25242,536;2355,9648;6,6666
sps4_202603_044;0,31;4,900;1545,419;144,2112;6,4516
sps4_202603_045;0,25;331,081;28818,334;2689,6800;8,0000
sps4_202603_045;0,30;5,996;1586,529;148,0752;6,6666
sps4_202603_045;0,27;314,554;28498,653;2659,8432;7,4074
sps4_202603_045;0,29;205,412;25079,182;2340,7104;6,8965
sps4_202603_045;0,30;203,239;25126,758;2345,1456;6,6666
sps4_202603_045;0,29;242,013;26376,627;2461,8048;6,8965
sps4_202603_045;0,25;365,648;31086,785;2901,4272;8,0000
sps4_202603_046;0,22;550,137;34285,811;3199,9968;9,0909
sps4_202603_046;0,28;216,325;26439,341;2467,6512;7,1428
sps4_202603_046;0,29;223,989;26159,772;2441,5776;6,8965
sps4_202603_046;0,28;245,619;25966,045;2423,4672;7,1428
sps4_202603_046;0,26;312,670;28629,602;2672,0736;7,6923
sps4_202603_046;0,23;408,508;31275,497;2919,0336;8,6956
sps4_202603_046;0,31;4,852;1576,227;147,1008;6,4516
sps4_202603_047;0,25;301,431;30141,249;2813,1600;8,0000
sps4_202603_047;0,24;409,846;31427,119;2933,1792;8,3333
sps4_202603_047;0,32;4,732;2032,792;189,7056;6,2500
sps4_202603_047;0,31;164,857;24656,913;2301,2976;6,4516
sps4_202603_047;0,23;450,408;32222,499;3007,4016;8,6956
sps4_202603_047;0,21;506,300;35161,223;3281,7120;9,5238
sps4_202603_047;0,24;406,173;30751,188;2870,0784;8,3333
sps4_202603_048;0,30;172,307;24989,867;2332,3776;6,6666
sps4_202603_048;0,22;436,785;32654,805;3047,7552;9,0909
sps4_202603_048;0,23;302,157;32360,971;3020,3376;8,6956
sps4_202603_048;0,24;395,231;31679,377;2956,7328;8,3333
sps4_202603_048;0,25;352,669;29014,340;2707,9920;8,0000
sps4_202603_048;0,32;4,756;1495,175;139,5408;6,2500
sps4_202603_048;0,22;506,397;34572,189;3226,7088;9,0909
sps4_202603_049;0,30;5,903;1589,206;148,3104;6,6666
sps4_202603_049;0,30;205,097;24761,161;2311,0416;6,6666
sps4_202603_049;0,30;209,324;24715,367;2306,7408;6,6666
sps4_202603_049;0,23;506,924;33378,597;3115,3248;8,6956
sps4_202603_049;0,29;219,272;25830,943;2410,8672;6,8965
sps4_202603_049;0,30;205,490;24794,119;2314,0992;6,6666
sps4_202603_049;0,27;282,182;28072,575;2620,0944;7,4074
sps4_202603_050;0,31;178,232;24730,624;2308,1856;6,4516
sps4_202603_050;0,23;438,384;32729,966;3054,7776;8,6956
sps4_202603_050;0,22;451,913;32664,864;3048,6960;9,0909
sps4_202603_050;0,23;444,003;32989,776;3079,0368;8,6956
sps4_202603_050;0,31;5,398;1587,247;148,1424;6,4516
sps4_202603_050;0,23;411,358;31387,531;2929,4832;8,6956
sps4_202603_050;0,30;173,893;25346,818;2365,6752;6,6666
sps4_202603_051;0,25;341,034;29468,945;2750,4288;8,0000
sps4_202603_051;0,29;214,846;25027,999;2335,9392;6,8965
sps4_202603_051;0,28;252,375;26865,556;2507,4336;7,1428
sps4_202603_051;0,23;454,293;32959,956;3076,2480;8,6956
sps4_202603_051;0,25;302,750;29525,634;2755,7040;8,0000
sps4_202603_051;0,31;4,892;1586,625;148,0752;6,4516
sps4_202603_051;0,30;191,311;25292,419;2360,6016;6,6666
sps4_202603_052;0,32;149,379;23595,400;2202,2112;6,2500
sps4_202603_052;0,23;431,434;31861,139;2973,7008;8,6956
sps4_202603_052;0,30;208,029;24940,881;2327,8080;6,6666
sps4_202603_052;0,31;4,771;1524,632;142,2960;6,4516
sps4_202603_052;0,23;410,433;32060,768;2992,3152;8,6956
sps4_202603_052;0,22;502,505;34699,314;3238,5696;9,0909
sps4_202603_052;0,24;383,011;30192,034;2817,8976;8,3333
sps4_202603_053;0,23;475,923;33084,169;3087,8400;8,6956
sps4_202603_053;0,32;4,771;1539,397;143,6736;6,2500
sps4_202603_053;0,22;499,017;33361,677;3113,7456;9,0909
sps4_202603_053;0,23;493,580;33225,761;3101,0448;8,6956
sps4_202603_053;0,30;204,284;25114,195;2343,9696;6,6666
sps4_202603_053;0,29;198,196;25704,598;2399,0736;6,8965
sps4_202603_053;0,27;292,207;27616,302;2577,4896;7,4074
sps4_202603_054;0,28;225,024;26507,795;2474,0352;7,1428
sps4_202603_054;0,32;5,111;1509,340;140,8512;6,2500
sps4_202603_054;0,31;155,327;24182,997;2257,0464;6,4516
sps4_202603_054;0,22;531,879;33781,516;3152,9232;9,0909
sps4_202603_054;0,24;439,481;30924,940;2886,3072;8,3333
sps4_202603_054;0,24;422,222;31543,556;2944,0320;8,3333
sps4_202603_054;0,22;466,198;32804,187;3061,6992;9,0909
sps4_202604_001;0,28;226,371;27963,474;2609,9136;7,1428
sps4_202604_001;0,29;238,967;26243,828;2449,4064;6,8965
sps4_202604_001;0,25;326,973;28986,785;2705,4048;8,0000
sps4_202604_001;0,31;149,310;23402,990;2184,2688;6,4516
sps4_202604_001;0,22;436,894;34284,970;3199,9296;9,0909
sps4_202604_001;0,27;18,546;2685,690;250,6560;7,4074
sps4_202604_001;0,24;347,820;29971,131;2797,3008;8,3333
sps4_202604_002;0,28;251,399;26561,765;2479,0752;7,1428
sps4_202604_002;0,23;370,158;33308,494;3108,7728;8,6956
sps4_202604_002;0,23;434,135;32348,678;3019,1952;8,6956
sps4_202604_002;0,29;169,169;25706,535;2399,2752;6,8965
sps4_202604_002;0,32;9,138;2266,427;211,5120;6,2500
sps4_202604_002;0,24;367,666;30363,657;2833,9248;8,3333
sps4_202604_002;0,22;443,355;34066,314;3179,5008;9,0909
sps4_202604_003;0,23;432,104;32893,233;3070,0320;8,6956
sps4_202604_003;0,21;385,451;35846,902;3345,6864;9,5238
sps4_202604_003;0,24;441,024;31915,431;2978,7408;8,3333
sps4_202604_003;0,24;372,987;30540,164;2850,3888;8,3333
sps4_202604_003;0,32;9,465;2343,180;218,6688;6,2500
sps4_202604_003;0,30;169,867;24115,844;2250,7968;6,6666
sps4_202604_003;0,28;271,179;26548,882;2477,8656;7,1428
sps4_202604_004;0,24;391,362;30423,613;2839,5360;8,3333
sps4_202604_004;0,26;272,287;28666,761;2675,5344;7,6923
sps4_202604_004;0,23;432,530;32195,159;3004,8480;8,6956
sps4_202604_004;0,31;152,192;23317,893;2176,3056;6,4516
sps4_202604_004;0,25;323,611;29733,531;2775,1248;8,0000
sps4_202604_004;0,23;395,418;33141,181;3093,1488;8,6956
sps4_202604_004;0,32;9,418;2405,812;224,5152;6,2500
sps4_202604_005;0,30;187,756;25030,931;2336,2080;6,6666
sps4_202604_005;0,28;241,254;27234,216;2541,8400;7,1428
sps4_202604_005;0,23;403,752;31240,588;2915,7744;8,6956
sps4_202604_005;0,22;466,773;32639,911;3046,3776;9,0909
sps4_202604_005;0,29;252,978;26114,363;2437,3104;6,8965
sps4_202604_005;0,31;13,099;2513,965;234,6288;6,4516
sps4_202604_005;0,29;153,917;24978,188;2331,2688;6,8965
sps4_202604_006;0,30;13,734;2621,266;244,6416;6,6666
sps4_202604_006;0,29;248,490;26298,416;2454,5136;6,8965
sps4_202604_006;0,22;468,567;32665,324;3048,7632;9,0909
sps4_202604_006;0,23;391,329;32458,343;3029,4432;8,6956
sps4_202604_006;0,24;367,019;30145,470;2813,5632;8,3333
sps4_202604_006;0,25;311,541;29736,188;2775,3600;8,0000
sps4_202604_006;0,31;155,633;23767,291;2218,2720;6,4516
sps4_202604_007;0,31;171,716;23891,291;2229,8304;6,4516
sps4_202604_007;0,32;127,194;22891,560;2136,5232;6,2500
sps4_202604_007;0,33;8,693;2310,145;215,6112;6,0606
sps4_202604_007;0,26;324,563;28881,173;2695,5600;7,6923
sps4_202604_007;0,25;392,865;30587,331;2854,7904;8,0000
sps4_202604_007;0,23;445,916;32113,948;2997,2880;8,6956
sps4_202604_007;0,24;418,338;30563,521;2852,5728;8,3333
sps4_202604_008;0,26;321,267;29213,389;2726,5728;7,6923
sps4_202604_008;0,24;387,536;30255,048;2823,7776;8,3333
sps4_202604_008;0,25;24,040;2854,492;266,4144;8,0000
sps4_202604_008;0,26;349,347;29319,939;2736,5184;7,6923
sps4_202604_008;0,26;323,718;28071,732;2620,0272;7,6923
sps4_202604_008;0,31;154,989;23243,806;2169,4176;6,4516
sps4_202604_008;0,26;359,891;29321,350;2736,6528;7,6923
sps4_202604_009;0,25;349,650;30043,473;2804,0544;8,0000
sps4_202604_009;0,25;373,585;29597,872;2762,4576;8,0000
sps4_202604_009;0,27;305,672;28196,998;2631,6864;7,4074
sps4_202604_009;0,23;459,823;33147,140;3093,7200;8,6956
sps4_202604_009;0,32;144,749;23122,724;2158,0944;6,2500
sps4_202604_009;0,28;245,292;25798,642;2407,8432;7,1428
sps4_202604_009;0,24;26,922;2909,692;271,5552;8,3333
sps4_202604_010;0,25;303,751;30569,998;2853,1776;8,0000
sps4_202604_010;0,29;232,350;26115,068;2437,3776;6,8965
sps4_202604_010;0,29;14,898;2612,058;243,7680;6,8965
sps4_202604_010;0,29;210,167;25112,363;2343,8016;6,8965
sps4_202604_010;0,28;158,919;26650,643;2487,3744;7,1428
sps4_202604_010;0,29;231,281;26335,085;2457,9408;6,8965
sps4_202604_010;0,23;417,735;31578,480;2947,3248;8,6956
sps4_202604_011;0,26;311,953;28614,879;2670,6960;7,6923
sps4_202604_011;0,30;169,979;24500,270;2286,6816;6,6666
sps4_202604_011;0,25;376,393;30809,655;2875,5552;8,0000
sps4_202604_011;0,32;10,217;2422,353;226,0608;6,2500
sps4_202604_011;0,22;495,085;34105,927;3183,1968;9,0909
sps4_202604_011;0,27;278,898;27436,146;2560,6896;7,4074
sps4_202604_011;0,24;402,025;30935,056;2887,2480;8,3333
sps4_202604_012;0,24;407,079;31182,870;2910,3984;8,3333
sps4_202604_012;0,24;357,295;30259,789;2824,2144;8,3333
sps4_202604_012;0,31;158,747;23875,634;2228,3856;6,4516
sps4_202604_012;0,30;11,021;2491,183;232,4784;6,6666
sps4_202604_012;0,27;284,378;27425,166;2559,6816;7,4074
sps4_202604_012;0,23;466,055;32377,453;3021,8832;8,6956
sps4_202604_012;0,30;210,198;25398,415;2370,5136;6,6666
sps4_202604_013;0,25;343,735;30057,978;2805,3984;8,0000
sps4_202604_013;0,28;244,673;26264,862;2451,3552;7,1428
sps4_202604_013;0,31;158,303;23995,388;2239,5408;6,4516
sps4_202604_013;0,30;213,942;25522,604;2382,1056;6,6666
sps4_202604_013;0,30;202,620;25383,106;2369,0688;6,6666
sps4_202604_013;0,21;37,599;3341,647;311,8752;9,5238
sps4_202604_013;0,27;291,114;27433,150;2560,4208;7,4074
sps4_202604_014;0,26;308,614;28697,700;2678,4240;7,6923
sps4_202604_014;0,27;298,126;28718,392;2680,3728;7,4074
sps4_202604_014;0,26;20,210;2822,225;263,3904;7,6923
sps4_202604_014;0,29;256,829;26473,717;2470,8768;6,8965
sps4_202604_014;0,22;452,938;34201,328;3192,1008;9,0909
sps4_202604_014;0,31;151,795;23807,011;2221,9680;6,4516
sps4_202604_014;0,27;304,341;27232,105;2541,6384;7,4074
sps4_202604_015;0,25;397,836;30833,301;2877,7728;8,0000
sps4_202604_015;0,23;436,828;32441,800;3027,8976;8,6956
sps4_202604_015;0,25;353,409;29640,064;2766,3888;8,0000
sps4_202604_015;0,27;277,698;27943,279;2608,0320;7,4074
sps4_202604_015;0,30;158,837;24006,427;2240,5824;6,6666
sps4_202604_015;0,23;400,696;31260,514;2917,6224;8,6956
sps4_202604_015;0,31;10,027;2408,828;224,8176;6,4516
sps4_202604_016;0,27;350,701;28394,087;2650,0992;7,4074
sps4_202604_016;0,31;152,438;23440,284;2187,7296;6,4516
sps4_202604_016;0,24;410,971;31764,346;2964,6624;8,3333
sps4_202604_016;0,29;13,486;2548,872;237,8880;6,8965
sps4_202604_016;0,22;474,183;33633,097;3139,0800;9,0909
sps4_202604_016;0,27;276,105;27225,704;2541,0336;7,4074
sps4_202604_016;0,25;336,823;28922,135;2699,3904;8,0000
sps4_202604_017;0,28;257,259;27363,071;2553,8688;7,1428
sps4_202604_017;0,28;223,800;25750,948;2403,4080;7,1428
sps4_202604_017;0,33;9,037;2456,557;229,2528;6,0606
sps4_202604_017;0,31;156,263;23586,963;2201,4384;6,4516
sps4_202604_017;0,23;417,027;32326,432;3017,1120;8,6956
sps4_202604_017;0,32;126,605;22916,249;2138,8416;6,2500
sps4_202604_017;0,28;265,993;27433,745;2560,4544;7,1428
sps4_202604_018;0,23;434,536;31634,723;2952,5664;8,6956
sps4_202604_018;0,22;455,393;34151,388;3187,4304;9,0909
sps4_202604_018;0,32;9,637;2412,253;225,1200;6,2500
sps4_202604_018;0,26;296,145;28046,350;2617,6416;7,6923
sps4_202604_018;0,31;151,084;23799,741;2221,2960;6,4516
sps4_202604_018;0,27;293,903;28173,971;2629,5696;7,4074
sps4_202604_018;0,25;347,953;31042,401;2897,2608;8,0000
sps4_202604_019;0,22;473,837;34123,975;3184,8768;9,0909
sps4_202604_019;0,28;242,613;26306,027;2455,2192;7,1428
sps4_202604_019;0,26;324,306;29219,268;2727,1104;7,6923
sps4_202604_019;0,32;9,084;2240,010;209,0592;6,2500
sps4_202604_019;0,25;356,084;30467,533;2843,6352;8,0000
sps4_202604_019;0,24;428,397;30654,436;2861,0736;8,3333
sps4_202604_019;0,31;157,921;23758,332;2217,4320;6,4516
sps4_202604_020;0,24;397,336;31737,363;2962,1424;8,3333
sps4_202604_020;0,23;419,600;32360,403;3020,3040;8,6956
sps4_202604_020;0,24;360,736;30415,473;2838,7632;8,3333
sps4_202604_020;0,32;9,102;2375,805;221,7264;6,2500
sps4_202604_020;0,29;153,080;25205,346;2352,4704;6,8965
sps4_202604_020;0,25;358,458;28853,319;2692,9728;8,0000
sps4_202604_020;0,22;453,939;34293,604;3200,7360;9,0909
sps4_202604_021;0,26;332,837;28778,582;2685,9840;7,6923
sps4_202604_021;0,28;227,128;26749,561;2496,6144;7,1428
sps4_202604_021;0,24;370,000;30833,939;2877,8064;8,3333
sps4_202604_021;0,24;392,369;31014,690;2894,6736;8,3333
sps4_202604_021;0,32;9,781;2382,021;222,2976;6,2500
sps4_202604_021;0,25;181,577;29427,178;2746,5312;8,0000
sps4_202604_021;0,28;261,676;26764,036;2497,9584;7,1428
sps4_202604_022;0,32;8,844;2408,190;224,7504;6,2500
sps4_202604_022;0,27;279,273;28170,081;2629,2000;7,4074
sps4_202604_022;0,32;124,233;22772,818;2125,4352;6,2500
sps4_202604_022;0,23;412,348;32115,430;2997,4224;8,6956
sps4_202604_022;0,25;169,283;28743,753;2682,7248;8,0000
sps4_202604_022;0,25;396,965;29695,409;2771,5632;8,0000
sps4_202604_022;0,26;298,929;29051,484;2711,4528;7,6923
sps4_202604_023;0,26;320,785;27952,642;2608,9056;7,6923
sps4_202604_023;0,32;10,206;2436,632;227,4048;6,2500
sps4_202604_023;0,32;147,200;22944,757;2141,4960;6,2500
sps4_202604_023;0,28;277,351;27520,156;2568,5184;7,1428
sps4_202604_023;0,26;312,781;28261,167;2637,7008;7,6923
sps4_202604_023;0,22;472,175;33830,076;3157,4592;9,0909
sps4_202604_023;0,23;448,290;32979,544;3078,0624;8,6956
sps4_202604_024;0,24;377,067;31121,378;2904,6528;8,3333
sps4_202604_024;0,33;9,098;2308,056;215,4096;6,0606
sps4_202604_024;0,24;367,153;30145,019;2813,5296;8,3333
sps4_202604_024;0,23;421,508;32495,721;3032,9040;8,6956
sps4_202604_024;0,30;156,572;24322,333;2270,0832;6,6666
sps4_202604_024;0,24;389,675;30741,064;2869,1376;8,3333
sps4_202604_024;0,26;301,137;28758,960;2684,1696;7,6923
sps4_202604_025;0,32;9,417;2378,801;221,9952;6,2500
sps4_202604_025;0,30;163,077;24202,257;2258,8608;6,6666
sps4_202604_025;0,23;478,959;33238,937;3102,2880;8,6956
sps4_202604_025;0,26;306,845;28271,580;2638,6752;7,6923
sps4_202604_025;0,27;288,897;28015,895;2614,7856;7,4074
sps4_202604_025;0,24;393,557;30674,871;2862,9552;8,3333
sps4_202604_025;0,26;307,234;28973,709;2704,1952;7,6923
sps4_202604_026;0,28;247,784;26141,906;2439,8976;7,1428
sps4_202604_026;0,31;151,955;23381,187;2182,2192;6,4516
sps4_202604_026;0,24;379,755;30154,759;2814,4368;8,3333
sps4_202604_026;0,32;9,840;2320,691;216,5856;6,2500
sps4_202604_026;0,22;476,769;33899,956;3163,9776;9,0909
sps4_202604_026;0,26;291,750;28737,072;2682,1200;7,6923
sps4_202604_026;0,24;365,445;31846,188;2972,2896;8,3333
sps4_202604_027;0,31;159,076;23428,713;2186,6544;6,4516
sps4_202604_027;0,27;17,563;2748,684;256,5360;7,4074
sps4_202604_027;0,27;300,093;27003,673;2520,3360;7,4074
sps4_202604_027;0,27;278,841;27665,439;2582,0928;7,4074
sps4_202604_027;0,23;424,785;31827,600;2970,5760;8,6956
sps4_202604_027;0,22;483,831;34478,502;3217,9728;9,0909
sps4_202604_027;0,29;228,312;25655,750;2394,5040;6,8965
sps4_202604_028;0,23;424,262;32603,660;3042,9840;8,6956
sps4_202604_028;0,21;237,590;34316,127;3202,8192;9,5238
sps4_202604_028;0,32;121,321;22646,420;2113,6416;6,2500
sps4_202604_028;0,24;414,968;30340,971;2831,8080;8,3333
sps4_202604_028;0,33;8,630;2400,382;224,0112;6,0606
sps4_202604_028;0,32;131,426;24054,654;2245,0848;6,2500
sps4_202604_028;0,31;174,795;24642,815;2299,9872;6,4516
sps4_202604_029;0,26;307,811;28512,054;2661,1200;7,6923
sps4_202604_029;0,23;206,233;31661,500;2955,0528;8,6956
sps4_202604_029;0,25;327,755;30544,050;2850,7584;8,0000
sps4_202604_029;0,32;10,159;2395,602;223,5744;6,2500
sps4_202604_029;0,26;328,536;29046,427;2710,9824;7,6923
sps4_202604_029;0,26;336,448;28553,186;2664,9504;7,6923
sps4_202604_029;0,28;242,644;26236,767;2448,7344;7,1428
sps4_202604_030;0,25;351,985;29853,191;2786,2800;8,0000
sps4_202604_030;0,24;379,316;30823,165;2876,7984;8,3333
sps4_202604_030;0,26;302,959;27745,868;2589,5856;7,6923
sps4_202604_030;0,26;182,273;28037,271;2616,8016;7,6923
sps4_202604_030;0,32;9,148;2348,878;219,2064;6,2500
sps4_202604_030;0,22;489,319;33743,571;3149,3952;9,0909
sps4_202604_030;0,28;252,188;27283,132;2546,4096;7,1428
sps4_202604_031;0,30;202,948;25352,482;2366,2128;6,6666
sps4_202604_031;0,23;471,960;33278,054;3105,9504;8,6956
sps4_202604_031;0,25;168,961;29270,439;2731,8816;8,0000
sps4_202604_031;0,32;9,455;2420,550;225,8928;6,2500
sps4_202604_031;0,25;393,850;29292,757;2733,9648;8,0000
sps4_202604_031;0,25;379,819;29571,528;2760,0048;8,0000
sps4_202604_031;0,29;246,252;26395,510;2463,5520;6,8965
sps4_202604_032;0,28;252,173;26860,392;2506,9632;7,1428
sps4_202604_032;0,30;12,038;2497,859;233,1168;6,6666
sps4_202604_032;0,29;229,359;25747,608;2403,1056;6,8965
sps4_202604_032;0,25;381,307;29246,611;2729,6640;8,0000
sps4_202604_032;0,27;164,304;27297,365;2547,7536;7,4074
sps4_202604_032;0,26;354,728;28401,396;2650,7712;7,6923
sps4_202604_032;0,22;469,492;33955,021;3169,1184;9,0909
sps4_202604_033;0,23;498,432;32295,391;3014,2224;8,6956
sps4_202604_033;0,25;406,875;30232,077;2821,6272;8,0000
sps4_202604_033;0,28;175,837;26400,764;2464,0560;7,1428
sps4_202604_033;0,33;8,872;2329,804;217,4256;6,0606
sps4_202604_033;0,24;380,809;30295,189;2827,5408;8,3333
sps4_202604_033;0,23;413,752;32775,353;3059,0112;8,6956
sps4_202604_033;0,29;221,010;25697,508;2398,4016;6,8965
sps4_202604_034;0,30;182,281;24264,691;2264,6736;6,6666
sps4_202604_034;0,23;222,263;31660,273;2954,9520;8,6956
sps4_202604_034;0,33;8,946;2411,826;225,0864;6,0606
sps4_202604_034;0,27;263,596;27789,118;2593,6176;7,4074
sps4_202604_034;0,26;320,443;28891,828;2696,5680;7,6923
sps4_202604_034;0,27;278,186;27923,512;2606,1840;7,4074
sps4_202604_034;0,26;318,304;28825,489;2690,3520;7,6923
sps4_202604_035;0,24;356,559;30128,019;2811,9168;8,3333
sps4_202604_035;0,28;236,096;26691,682;2491,2048;7,1428
sps4_202604_035;0,29;232,474;26072,599;2433,4128;6,8965
sps4_202604_035;0,24;408,574;31371,111;2927,9376;8,3333
sps4_202604_035;0,22;213,654;32673,520;3049,5024;9,0909
sps4_202604_035;0,33;8,913;2315,382;216,0816;6,0606
sps4_202604_035;0,24;369,997;30251,783;2823,4752;8,3333
sps4_202604_036;0,29;253,000;26523,917;2475,5472;6,8965
sps4_202604_036;0,22;420,354;33412,157;3118,4496;9,0909
sps4_202604_036;0,25;310,378;29297,009;2734,3680;8,0000
sps4_202604_036;0,32;9,527;2334,658;217,8960;6,2500
sps4_202604_036;0,28;278,015;26853,838;2506,3248;7,1428
sps4_202604_036;0,22;452,429;33191,837;3097,8864;9,0909
sps4_202604_036;0,23;246,049;32197,168;3005,0496;8,6956
sps4_202604_037;0,29;208,439;25133,273;2345,7504;6,8965
sps4_202604_037;0,19;330,356;38362,607;3580,4832;10,5263
sps4_202604_037;0,29;237,920;26424,596;2466,2736;6,8965
sps4_202604_037;0,24;401,678;31562,206;2945,7792;8,3333
sps4_202604_037;0,32;9,647;2351,179;219,4416;6,2500
sps4_202604_037;0,28;253,123;26654,349;2487,7104;7,1428
sps4_202604_037;0,23;439,002;32714,370;3053,3328;8,6956
sps4_202604_038;0,29;168,158;25001,408;2333,4528;6,8965
sps4_202604_038;0,29;221,535;25484,688;2378,5440;6,8965
sps4_202604_038;0,32;8,988;2349,184;219,2400;6,2500
sps4_202604_038;0,23;455,491;32943,837;3074,7360;8,6956
sps4_202604_038;0,25;346,085;29737,472;2775,4944;8,0000
sps4_202604_038;0,30;212,373;25702,294;2398,8720;6,6666
sps4_202604_038;0,29;243,477;26505,887;2473,8672;6,8965
sps4_202604_039;0,22;224,193;32746,725;3056,3568;9,0909
sps4_202604_039;0,27;276,895;27822,702;2596,7760;7,4074
sps4_202604_039;0,29;218,923;26198,304;2445,1728;6,8965
sps4_202604_039;0,27;283,762;28063,945;2619,2880;7,4074
sps4_202604_039;0,24;360,282;29962,374;2796,4608;8,3333
sps4_202604_039;0,30;10,877;2629,430;245,3808;6,6666
sps4_202604_039;0,27;264,403;26880,910;2508,8784;7,4074
sps4_202604_040;0,26;352,042;28733,221;2681,7504;7,6923
sps4_202604_040;0,26;294,378;27837,311;2598,1200;7,6923
sps4_202604_040;0,22;457,015;34135,331;3185,9520;9,0909
sps4_202604_040;0,32;9,089;2318,992;216,4176;6,2500
sps4_202604_040;0,26;348,651;29342,409;2738,6016;7,6923
sps4_202604_040;0,27;177,509;26573,344;2480,1504;7,4074
sps4_202604_040;0,25;328,351;29119,565;2717,8032;8,0000
sps4_202604_041;0,32;9,069;2352,790;219,5760;6,2500
sps4_202604_041;0,24;386,717;30359,282;2833,5216;8,3333
sps4_202604_041;0,24;419,953;31049,588;2897,9328;8,3333
sps4_202604_041;0,26;307,411;29398,997;2743,8768;7,6923
sps4_202604_041;0,28;256,182;26464,736;2470,0368;7,1428
sps4_202604_041;0,24;381,499;31073,887;2900,2176;8,3333
sps4_202604_041;0,29;176,403;25457,412;2376,0240;6,8965
sps4_202604_042;0,26;350,195;29397,842;2743,7760;7,6923
sps4_202604_042;0,25;349,116;29845,062;2785,5072;8,0000
sps4_202604_042;0,32;9,112;2340,639;218,4336;6,2500
sps4_202604_042;0,24;378,719;30931,726;2886,9456;8,3333
sps4_202604_042;0,22;486,078;33893,049;3163,3392;9,0909
sps4_202604_042;0,30;169,795;24039,786;2243,7072;6,6666
sps4_202604_042;0,27;292,751;28397,948;2650,4688;7,4074
sps4_202604_043;0,27;272,519;27503,484;2566,9728;7,4074
sps4_202604_043;0,28;267,241;26646,387;2486,9712;7,1428
sps4_202604_043;0,30;210,835;25452,883;2375,5872;6,6666
sps4_202604_043;0,27;185,154;27456,269;2562,5712;7,4074
sps4_202604_043;0,24;386,392;30817,612;2876,2944;8,3333
sps4_202604_043;0,28;241,760;26894,129;2510,0880;7,1428
sps4_202604_043;0,28;16,757;2658,259;248,1024;7,1428
sps4_202604_044;0,30;157,527;24040,744;2243,7744;6,6666
sps4_202604_044;0,22;484,132;34037,460;3176,8128;9,0909
sps4_202604_044;0,29;219,489;25101,244;2342,7600;6,8965
sps4_202604_044;0,27;262,626;26763,337;2497,8912;7,4074
sps4_202604_044;0,27;254,483;27889,937;2603,0592;7,4074
sps4_202604_044;0,25;315,284;30399,871;2837,3184;8,0000
sps4_202604_044;0,30;10,803;2419,582;225,8256;6,6666
sps4_202604_045;0,22;412,624;33953,791;3169,0176;9,0909
sps4_202604_045;0,30;196,441;24880,136;2322,1296;6,6666
sps4_202604_045;0,22;283,578;33389,748;3116,3664;9,0909
sps4_202604_045;0,32;9,600;2543,609;237,3840;6,2500
sps4_202604_045;0,28;249,773;26270,309;2451,8928;7,1428
sps4_202604_045;0,23;443,948;33456,480;3122,5824;8,6956
sps4_202604_045;0,22;493,306;33861,308;3160,3824;9,0909
sps4_202604_046;0,28;165,315;26292,215;2453,9088;7,1428
sps4_202604_046;0,32;9,088;2384,632;222,5328;6,2500
sps4_202604_046;0,30;227,453;25010,349;2334,2928;6,6666
sps4_202604_046;0,23;468,007;33127,500;3091,8720;8,6956
sps4_202604_046;0,22;467,339;33869,652;3161,1552;9,0909
sps4_202604_046;0,25;364,804;29098,722;2715,8544;8,0000
sps4_202604_046;0,27;299,752;27976,303;2611,0896;7,4074
sps4_202604_047;0,27;267,259;27571,696;2573,3568;7,4074
sps4_202604_047;0,27;283,162;27290,258;2547,0816;7,4074
sps4_202604_047;0,27;300,821;28256,843;2637,2976;7,4074
sps4_202604_047;0,25;356,343;29692,219;2771,2608;8,0000
sps4_202604_047;0,25;192,573;28945,247;2701,5408;8,0000
sps4_202604_047;0,33;9,059;2341,242;218,5008;6,0606
sps4_202604_047;0,26;340,978;28434,347;2653,8624;7,6923
sps4_202604_048;0,25;357,697;29881,222;2788,9008;8,0000
sps4_202604_048;0,30;203,490;25348,786;2365,8768;6,6666
sps4_202604_048;0,30;200,781;24990,275;2332,4112;6,6666
sps4_202604_048;0,31;10,032;2444,809;228,1776;6,4516
sps4_202604_048;0,25;360,833;30235,027;2821,9296;8,0000
sps4_202604_048;0,21;230,102;34454,414;3215,7216;9,5238
sps4_202604_048;0,29;218,969;25556,228;2385,2304;6,8965
sps4_202604_049;0,33;7,972;2159,868;201,5664;6,0606
sps4_202604_049;0,23;459,885;32701,556;3052,1232;8,6956
sps4_202604_049;0,25;377,885;29608,167;2763,3984;8,0000
sps4_202604_049;0,23;437,400;32127,471;2998,5312;8,6956
sps4_202604_049;0,22;266,454;33051,931;3084,8160;9,0909
sps4_202604_049;0,32;124,561;22707,607;2119,3536;6,2500
sps4_202604_049;0,22;508,432;34102,181;3182,8608;9,0909
sps4_202604_050;0,31;156,252;24679,530;2303,4144;6,4516
sps4_202604_050;0,22;448,354;34059,908;3178,8960;9,0909
sps4_202604_050;0,32;125,355;23457,564;2189,3424;6,2500
sps4_202604_050;0,31;157,800;24189,585;2257,6848;6,4516
sps4_202604_050;0,26;324,712;28024,734;2615,6256;7,6923
sps4_202604_050;0,33;8,924;2185,176;203,9184;6,0606
sps4_202604_050;0,23;499,081;33417,048;3118,9200;8,6956
sps4_202604_051;0,24;411,077;31856,481;2973,2640;8,3333
sps4_202604_051;0,32;9,161;2363,524;220,5840;6,2500
sps4_202604_051;0,25;351,678;29390,232;2743,0704;8,0000
sps4_202604_051;0,29;171,593;25179,481;2350,0848;6,8965
sps4_202604_051;0,24;369,935;30020,883;2801,9376;8,3333
sps4_202604_051;0,29;245,249;26311,299;2455,6896;6,8965
sps4_202604_051;0,24;364,265;31235,069;2915,2704;8,3333
sps4_202604_052;0,26;300,498;28652,274;2674,1904;7,6923
sps4_202604_052;0,28;225,801;26928,872;2513,3472;7,1428
sps4_202604_052;0,22;292,544;33269,370;3105,1104;9,0909
sps4_202604_052;0,32;9,088;2363,828;220,6176;6,2500
sps4_202604_052;0,27;287,075;27793,136;2594,0208;7,4074
sps4_202604_052;0,26;293,711;27711,359;2586,3600;7,6923
sps4_202604_052;0,22;415,961;34042,658;3177,2832;9,0909
sps4_202604_053;0,32;9,395;2375,870;221,7264;6,2500
sps4_202604_053;0,24;393,894;31792,980;2967,3168;8,3333
sps4_202604_053;0,22;432,930;34031,170;3176,2416;9,0909
sps4_202604_053;0,26;315,584;28011,801;2614,4160;7,6923
sps4_202604_053;0,24;478,777;32143,430;3000,0432;8,3333
sps4_202604_053;0,29;206,138;25352,406;2366,2128;6,8965
sps4_202604_053;0,27;163,001;26699,799;2491,9776;7,4074
sps4_202604_054;0,20;301,511;37088,139;3461,5392;10,0000
sps4_202604_054;0,23;426,007;31661,795;2955,0864;8,6956
sps4_202604_054;0,31;158,062;23744,225;2216,1216;6,4516
sps4_202604_054;0,24;392,045;31835,638;2971,3152;8,3333
sps4_202604_054;0,27;304,174;28272,024;2638,7088;7,4074
sps4_202604_054;0,32;9,235;2397,461;223,7424;6,2500
sps4_202604_054;0,24;433,307;31088,604;2901,5952;8,3333
sps4ext_199511_001;0,19;694,098;38302,681;3574,9056;10,5263
sps4ext_199511_001;0,32;149,822;23642,437;2206,6128;6,2500
sps4ext_199511_001;0,25;40,003;3382,131;315,6384;8,0000
sps4ext_199511_001;0,26;354,008;28091,308;2621,8416;7,6923
sps4ext_199511_001;0,21;530,621;34052,745;3178,2240;9,5238
sps4ext_199511_001;0,22;332,069;33588,621;3134,9136;9,0909
sps4ext_199511_001;0,28;231,480;23920,448;2232,5520;7,1428
sps4ext_199511_001;0,24;407,412;31313,058;2922,5280;8,3333
sps4ext_199511_001;0,28;247,368;26651,055;2487,4080;7,1428
sps4ext_199511_001;0,24;410,841;31196,217;2911,6416;8,3333
sps4ext_199511_001;0,24;385,873;30861,269;2880,3600;8,3333
sps4ext_199511_002;0,24;440,571;31112,220;2903,7792;8,3333
sps4ext_199511_002;0,21;489,384;33817,216;3156,2496;9,5238
sps4ext_199511_002;0,33;114,804;22924,842;2139,6480;6,0606
sps4ext_199511_002;0,24;403,832;30740,653;2869,1040;8,3333
sps4ext_199511_002;0,27;270,286;26551,255;2478,1008;7,4074
sps4ext_199511_002;0,26;318,826;28828,240;2690,6208;7,6923
sps4ext_199511_002;0,31;164,881;22056,671;2058,6048;6,4516
sps4ext_199511_002;0,24;389,318;30748,749;2869,8768;8,3333
sps4ext_199511_002;0,22;469,731;33522,305;3128,7312;9,0909
sps4ext_199511_002;0,25;35,795;3372,156;314,7312;8,0000
sps4ext_199511_002;0,20;606,161;36231,162;3381,5712;10,0000
sps4ext_199511_003;0,22;474,953;34049,641;3177,9552;9,0909
sps4ext_199511_003;0,30;21,323;2944,719;274,8144;6,6666
sps4ext_199511_003;0,23;443,541;32387,036;3022,7568;8,6956
sps4ext_199511_003;0,24;392,270;30753,878;2870,3472;8,3333
sps4ext_199511_003;0,33;122,212;23007,548;2147,3424;6,0606
sps4ext_199511_003;0,22;515,642;33302,024;3108,1680;9,0909
sps4ext_199511_003;0,21;553,159;35079,257;3274,0512;9,5238
sps4ext_199511_003;0,24;444,183;31547,928;2944,4688;8,3333
sps4ext_199511_003;0,22;311,211;32948,171;3075,1392;9,0909
sps4ext_199511_003;0,29;207,906;24897,779;2323,7760;6,8965
sps4ext_199511_003;0,25;362,485;27271,285;2545,3008;8,0000
sps4ext_199511_004;0,27;32,606;3411,326;318,3600;7,4074
sps4ext_199511_004;0,26;313,928;27894,702;2603,4960;7,6923
sps4ext_199511_004;0,23;467,053;32870,533;3067,9152;8,6956
sps4ext_199511_004;0,25;353,294;29480,363;2751,4704;8,0000
sps4ext_199511_004;0,20;653,938;36907,752;3444,7056;10,0000
sps4ext_199511_004;0,27;279,614;28169,928;2629,1664;7,4074
sps4ext_199511_004;0,33;117,096;22660,115;2114,9184;6,0606
sps4ext_199511_004;0,27;284,536;27178,797;2536,6656;7,4074
sps4ext_199511_004;0,25;385,877;30029,656;2802,7440;8,0000
sps4ext_199511_004;0,28;244,255;24723,418;2307,5136;7,1428
sps4ext_199511_004;0,24;361,369;30555,485;2851,8336;8,3333
sps4ext_199511_005;0,22;470,449;32242,116;3009,2496;9,0909
sps4ext_199511_005;0,24;456,645;30654,994;2861,1072;8,3333
sps4ext_199511_005;0,33;128,081;22874,802;2134,9776;6,0606
sps4ext_199511_005;0,25;375,647;30253,772;2823,6768;8,0000
sps4ext_199511_005;0,25;34,928;3470,626;323,9040;8,0000
sps4ext_199511_005;0,27;329,771;28216,041;2633,4672;7,4074
sps4ext_199511_005;0,26;317,126;27833,555;2597,7840;7,6923
sps4ext_199511_005;0,30;199,024;24912,789;2325,1872;6,6666
sps4ext_199511_005;0,23;366,196;29687,776;2770,8576;8,6956
sps4ext_199511_005;0,29;199,622;25589,090;2388,2880;6,8965
sps4ext_199511_005;0,21;548,604;35700,340;3332,0112;9,5238
sps4ext_199511_006;0,28;247,912;25725,327;2401,0224;7,1428
sps4ext_199511_006;0,33;122,781;22980,702;2144,8560;6,0606
sps4ext_199511_006;0,24;428,310;31474,080;2937,5808;8,3333
sps4ext_199511_006;0,28;244,851;26608,973;2483,4768;7,1428
sps4ext_199511_006;0,26;314,287;28453,129;2655,6096;7,6923
sps4ext_199511_006;0,20;609,425;36659,001;3421,4880;10,0000
sps4ext_199511_006;0,26;339,817;28659,414;2674,8624;7,6923
sps4ext_199511_006;0,25;262,495;29073,981;2713,5696;8,0000
sps4ext_199511_006;0,25;402,623;30325,420;2830,3632;8,0000
sps4ext_199511_006;0,31;18,399;2865,956;267,4560;6,4516
sps4ext_199511_006;0,24;366,543;28422,030;2652,7200;8,3333
sps4ext_199511_007;0,27;286,809;27570,861;2573,2560;7,4074
sps4ext_199511_007;0,25;306,168;29262,812;2731,1760;8,0000
sps4ext_199511_007;0,33;124,228;23146,564;2160,3456;6,0606
sps4ext_199511_007;0,27;291,022;27696,095;2584,9488;7,4074
sps4ext_199511_007;0,21;547,773;34899,739;3257,2848;9,5238
sps4ext_199511_007;0,26;307,945;27895,224;2603,5296;7,6923
sps4ext_199511_007;0,21;483,701;35328,058;3297,2688;9,5238
sps4ext_199511_007;0,30;205,793;24283,920;2266,4880;6,6666
sps4ext_199511_007;0,26;376,279;29268,845;2731,7472;7,6923
sps4ext_199511_007;0,21;469,738;31646,759;2953,6752;9,5238
sps4ext_199511_007;0,28;25,412;3101,335;289,4304;7,1428
sps4ext_199511_008;0,21;546,335;35508,180;3314,0688;9,5238
sps4ext_199511_008;0,29;232,051;25616,369;2390,8416;6,8965
sps4ext_199511_008;0,20;596,261;37100,022;3462,6480;10,0000
sps4ext_199511_008;0,33;122,152;23212,040;2166,4272;6,0606
sps4ext_199511_008;0,26;312,998;27548,479;2571,1728;7,6923
sps4ext_199511_008;0,23;450,279;32555,830;3038,5152;8,6956
sps4ext_199511_008;0,21;342,350;35192,477;3284,6016;9,5238
sps4ext_199511_008;0,27;298,040;27978,001;2611,2576;7,4074
sps4ext_199511_008;0,25;337,946;29836,345;2784,7008;8,0000
sps4ext_199511_008;0,30;22,205;2885,778;269,3376;6,6666
sps4ext_199511_008;0,25;354,074;27242,439;2542,6128;8,0000
sps4ext_199511_009;0,23;513,513;32902,882;3070,9056;8,6956
sps4ext_199511_009;0,19;683,945;37193,289;3471,3504;10,5263
sps4ext_199511_009;0,27;316,640;28754,706;2683,7664;7,4074
sps4ext_199511_009;0,22;448,924;30815,281;2876,0928;9,0909
sps4ext_199511_009;0,29;247,669;26214,005;2446,6176;6,8965
sps4ext_199511_009;0,27;302,958;27940,045;2607,7296;7,4074
sps4ext_199511_009;0,27;303,514;28053,249;2618,2800;7,4074
sps4ext_199511_009;0,32;17,154;2788,088;260,1984;6,2500
sps4ext_199511_009;0,31;163,539;23164,835;2162,0256;6,4516
sps4ext_199511_009;0,22;526,052;33674,858;3142,9776;9,0909
sps4ext_199511_009;0,26;346,110;29329,524;2737,3920;7,6923
sps4ext_199511_010;0,25;382,704;29173,730;2722,8768;8,0000
sps4ext_199511_010;0,32;143,761;23572,095;2200,0608;6,2500
sps4ext_199511_010;0,27;298,585;27664,703;2582,0256;7,4074
sps4ext_199511_010;0,24;419,306;31774,604;2965,6032;8,3333
sps4ext_199511_010;0,27;257,172;24879,692;2322,0960;7,4074
sps4ext_199511_010;0,26;329,222;27522,509;2568,7536;7,6923
sps4ext_199511_010;0,24;402,326;30914,169;2885,2992;8,3333
sps4ext_199511_010;0,21;546,396;34233,624;3195,1248;9,5238
sps4ext_199511_010;0,24;416,242;31116,600;2904,2160;8,3333
sps4ext_199511_010;0,25;352,269;29644,600;2766,8256;8,0000
sps4ext_199511_010;0,31;20,463;2891,777;269,8752;6,4516
sps4ext_199511_011;0,23;492,571;33031,334;3082,9008;8,6956
sps4ext_199511_011;0,22;478,756;32972,611;3077,4240;9,0909
sps4ext_199511_011;0,23;439,533;32421,073;3025,9488;8,6956
sps4ext_199511_011;0,24;412,353;31395,389;2930,2224;8,3333
sps4ext_199511_011;0,22;48,098;3741,232;349,1712;9,0909
sps4ext_199511_011;0,21;590,569;35829,305;3344,0400;9,5238
sps4ext_199511_011;0,24;441,446;31561,076;2945,6784;8,3333
sps4ext_199511_011;0,26;361,428;28172,952;2629,4688;7,6923
sps4ext_199511_011;0,22;409,403;30092,092;2808,5904;9,0909
sps4ext_199511_011;0,29;240,352;25142,335;2346,5904;6,8965
sps4ext_199511_011;0,28;257,338;26828,904;2504,0064;7,1428
sps4ext_199511_012;0,25;377,148;30341,761;2831,8752;8,0000
sps4ext_199511_012;0,27;31,855;3134,327;292,5216;7,4074
sps4ext_199511_012;0,22;534,422;34042,935;3177,3168;9,0909
sps4ext_199511_012;0,29;209,887;23181,155;2163,5712;6,8965
sps4ext_199511_012;0,32;148,921;23964,217;2236,6512;6,2500
sps4ext_199511_012;0,28;258,794;26969,834;2517,1776;7,1428
sps4ext_199511_012;0,25;352,344;29343,935;2738,7360;8,0000
sps4ext_199511_012;0,28;245,181;25739,182;2402,2992;7,1428
sps4ext_199511_012;0,24;418,267;30417,149;2838,9312;8,3333
sps4ext_199511_012;0,22;496,193;33750,600;3150,0336;9,0909
sps4ext_199511_012;0,25;363,132;28830,145;2690,7888;8,0000
sps4ext_199511_013;0,25;376,234;29398,086;2743,8096;8,0000
sps4ext_199511_013;0,26;323,071;29045,050;2710,8480;7,6923
sps4ext_199511_013;0,23;455,607;33167,748;3095,6352;8,6956
sps4ext_199511_013;0,23;269,727;31072,467;2900,0832;8,6956
sps4ext_199511_013;0,29;245,459;26324,424;2456,9328;6,8965
sps4ext_199511_013;0,24;418,242;30798,441;2874,5136;8,3333
sps4ext_199511_013;0,25;319,877;27045,928;2524,2672;8,0000
sps4ext_199511_013;0,23;423,657;32009,747;2987,5440;8,6956
sps4ext_199511_013;0,24;42,313;3544,654;330,8256;8,3333
sps4ext_199511_013;0,24;405,674;31845,350;2972,2224;8,3333
sps4ext_199511_013;0,23;454,244;31835,880;2971,3488;8,6956
sps4ext_199511_014;0,28;273,392;26268,132;2451,6912;7,1428
sps4ext_199511_014;0,25;402,427;30555,424;2851,8336;8,0000
sps4ext_199511_014;0,30;21,284;2914,446;271,9920;6,6666
sps4ext_199511_014;0,21;602,499;34998,703;3266,5248;9,5238
sps4ext_199511_014;0,22;446,944;30424,888;2839,6368;9,0909
sps4ext_199511_014;0,26;312,501;28566,725;2666,2272;7,6923
sps4ext_199511_014;0,26;357,151;28900,867;2697,4080;7,6923
sps4ext_199511_014;0,28;279,108;27048,936;2524,5360;7,1428
sps4ext_199511_014;0,22;353,941;33572,776;3133,4352;9,0909
sps4ext_199511_014;0,24;411,811;31175,233;2909,6592;8,3333
sps4ext_199511_014;0,27;260,989;27393,000;2556,6576;7,4074
sps4ext_199511_015;0,20;595,752;36948,676;3448,5360;10,0000
sps4ext_199511_015;0,26;31,801;3292,830;307,3056;7,6923
sps4ext_199511_015;0,28;254,413;26194,312;2444,7696;7,1428
sps4ext_199511_015;0,21;559,097;36019,430;3361,7808;9,5238
sps4ext_199511_015;0,23;451,767;32421,135;3025,9488;8,6956
sps4ext_199511_015;0,24;423,135;31330,607;2924,1744;8,3333
sps4ext_199511_015;0,26;310,990;26632,508;2485,6944;7,6923
sps4ext_199511_015;0,27;257,822;27730,451;2588,1744;7,4074
sps4ext_199511_015;0,28;254,908;26849,559;2505,9552;7,1428
sps4ext_199511_015;0,28;292,752;27385,558;2555,9520;7,1428
sps4ext_199511_015;0,24;389,628;30862,452;2880,4944;8,3333
sps4ext_199511_016;0,24;398,505;30698,266;2865,1392;8,3333
sps4ext_199511_016;0,26;332,689;28126,501;2625,1344;7,6923
sps4ext_199511_016;0,24;430,726;31630,581;2952,1632;8,3333
sps4ext_199511_016;0,28;28,965;3128,774;292,0176;7,1428
sps4ext_199511_016;0,25;365,558;30139,727;2813,0256;8,0000
sps4ext_199511_016;0,25;367,715;27586,161;2574,7008;8,0000
sps4ext_199511_016;0,30;188,992;24995,246;2332,8816;6,6666
sps4ext_199511_016;0,22;518,483;33299,214;3107,8992;9,0909
sps4ext_199511_016;0,25;384,189;30264,138;2824,6512;8,0000
sps4ext_199511_016;0,19;641,985;37424,208;3492,9216;10,5263
sps4ext_199511_016;0,24;369,851;29994,964;2799,5184;8,3333
sps4ext_199511_017;0,22;496,001;33266,534;3104,8752;9,0909
sps4ext_199511_017;0,23;470,430;32898,997;3070,5696;8,6956
sps4ext_199511_017;0,25;307,213;26766,267;2498,1600;8,0000
sps4ext_199511_017;0,27;292,475;26749,114;2496,5808;7,4074
sps4ext_199511_017;0,25;359,533;29963,831;2796,5952;8,0000
sps4ext_199511_017;0,24;427,706;31740,205;2962,4112;8,3333
sps4ext_199511_017;0,30;191,607;24384,347;2275,8624;6,6666
sps4ext_199511_017;0,26;316,848;28455,325;2655,8112;7,6923
sps4ext_199511_017;0,30;20,626;2903,991;271,0176;6,6666
sps4ext_199511_017;0,20;627,397;37359,548;3486,8736;10,0000
sps4ext_199511_017;0,20;589,623;36636,654;3419,4048;10,0000
sps4ext_199511_018;0,24;404,007;31052,110;2898,1680;8,3333
sps4ext_199511_018;0,25;32,712;3455,748;322,5264;8,0000
sps4ext_199511_018;0,23;412,159;29592,262;2761,9200;8,6956
sps4ext_199511_018;0,26;314,048;27475,281;2564,3520;7,6923
sps4ext_199511_018;0,20;665,319;37821,996;3530,0496;10,0000
sps4ext_199511_018;0,27;312,657;27323,283;2550,1728;7,4074
sps4ext_199511_018;0,22;480,914;34214,108;3193,3104;9,0909
sps4ext_199511_018;0,25;386,357;29751,133;2776,7712;8,0000
sps4ext_199511_018;0,26;340,745;28982,587;2705,0352;7,6923
sps4ext_199511_018;0,28;246,616;25696,103;2398,3008;7,1428
sps4ext_199511_018;0,30;201,612;25531,517;2382,9120;6,6666
sps4ext_199511_019;0,23;447,482;33241,319;3102,4896;8,6956
sps4ext_199511_019;0,26;330,517;28236,677;2635,4160;7,6923
sps4ext_199511_019;0,21;513,931;33782,272;3152,9904;9,5238
sps4ext_199511_019;0,22;453,920;30787,109;2873,4384;9,0909
sps4ext_199511_019;0,30;192,683;24322,635;2270,0832;6,6666
sps4ext_199511_019;0,31;18,805;3821,821;356,6976;6,4516
sps4ext_199511_019;0,21;505,457;34784,961;3246,5664;9,5238
sps4ext_199511_019;0,27;310,998;28075,159;2620,3296;7,4074
sps4ext_199511_019;0,24;411,935;30659,476;2861,5440;8,3333
sps4ext_199511_019;0,26;328,709;28837,637;2691,4944;7,6923
sps4ext_199511_019;0,28;272,747;27146,613;2533,6752;7,1428
sps4ext_199511_020;0,20;687,409;36480,363;3404,8224;10,0000
sps4ext_199511_020;0,30;20,566;2865,727;267,4560;6,6666
sps4ext_199511_020;0,29;192,355;26103,519;2436,3024;6,8965
sps4ext_199511_020;0,26;279,195;28101,216;2622,7488;7,6923
sps4ext_199511_020;0,22;476,127;32747,348;3056,3904;9,0909
sps4ext_199511_020;0,23;459,749;32430,172;3026,7888;8,6956
sps4ext_199511_020;0,25;346,314;29793,463;2780,7024;8,0000
sps4ext_199511_020;0,32;144,839;21511,598;2007,7344;6,2500
sps4ext_199511_020;0,21;454,088;36114,259;3370,6512;9,5238
sps4ext_199511_020;0,27;287,561;27918,740;2605,7472;7,4074
sps4ext_199511_020;0,20;611,606;37784,539;3526,5552;10,0000
sps4ext_199611_001;0,29;24,711;2976,654;277,8048;6,8965
sps4ext_199611_001;0,25;351,932;27386,073;2556,0192;8,0000
sps4ext_199611_001;0,25;394,447;29307,304;2735,3424;8,0000
sps4ext_199611_001;0,19;624,668;37668,543;3515,7024;10,5263
sps4ext_199611_001;0,26;336,626;29417,329;2745,5904;7,6923
sps4ext_199611_001;0,23;396,751;32051,645;2991,4752;8,6956
sps4ext_199611_001;0,29;239,716;26356,912;2459,9568;6,8965
sps4ext_199611_001;0,20;588,505;36667,334;3422,2608;10,0000
sps4ext_199611_001;0,27;311,297;27431,505;2560,2528;7,4074
sps4ext_199611_001;0,26;363,307;29332,271;2737,6608;7,6923
sps4ext_199611_001;0,24;421,290;31190,091;2911,0704;8,3333
sps4ext_199611_002;0,31;19,037;2834,952;264,5664;6,4516
sps4ext_199611_002;0,28;287,410;27268,656;2545,0656;7,1428
sps4ext_199611_002;0,25;358,216;29291,775;2733,8976;8,0000
sps4ext_199611_002;0,26;345,051;28830,447;2690,8224;7,6923
sps4ext_199611_002;0,27;309,775;28071,399;2619,9936;7,4074
sps4ext_199611_002;0,27;303,891;28273,025;2638,8096;7,4074
sps4ext_199611_002;0,27;303,604;26670,056;2489,1888;7,4074
sps4ext_199611_002;0,24;382,629;31453,217;2935,6320;8,3333
sps4ext_199611_002;0,28;264,022;24187,217;2257,4496;7,1428
sps4ext_199611_002;0,23;489,646;32713,871;3053,2656;8,6956
sps4ext_199611_002;0,25;346,209;29683,374;2770,4208;8,0000
sps4ext_199611_003;0,29;229,072;25788,851;2406,9360;6,8965
sps4ext_199611_003;0,22;424,821;30549,194;2851,2288;9,0909
sps4ext_199611_003;0,24;411,833;30704,997;2865,7776;8,3333
sps4ext_199611_003;0,29;250,301;26377,368;2461,8720;6,8965
sps4ext_199611_003;0,30;196,278;25123,576;2344,8432;6,6666
sps4ext_199611_003;0,27;291,428;27561,378;2572,3824;7,4074
sps4ext_199611_003;0,24;400,104;31160,747;2908,3152;8,3333
sps4ext_199611_003;0,33;15,730;2722,695;254,1168;6,0606
sps4ext_199611_003;0,24;368,030;30484,703;2845,2144;8,3333
sps4ext_199611_003;0,22;458,567;32461,780;3029,7456;9,0909
sps4ext_199611_003;0,21;534,083;34888,725;3256,2768;9,5238
sps4ext_199611_004;0,24;456,925;30801,230;2874,7488;8,3333
sps4ext_199611_004;0,25;396,499;29777,154;2779,1904;8,0000
sps4ext_199611_004;0,25;393,880;29501,112;2753,4192;8,0000
sps4ext_199611_004;0,24;410,847;31035,619;2896,6560;8,3333
sps4ext_199611_004;0,28;280,478;27170,991;2535,9264;7,1428
sps4ext_199611_004;0,24;379,051;28827,557;2690,5536;8,3333
sps4ext_199611_004;0,28;269,163;27560,760;2572,3152;7,1428
sps4ext_199611_004;0,33;13,340;2687,435;250,8240;6,0606
sps4ext_199611_004;0,24;382,720;31825,650;2970,3744;8,3333
sps4ext_199611_004;0,30;193,379;24211,314;2259,7008;6,6666
sps4ext_199611_004;0,26;328,425;28509,980;2660,9184;7,6923
sps4ext_199611_005;0,23;469,365;32561,988;3039,0864;8,6956
sps4ext_199611_005;0,30;21,278;2986,481;278,7120;6,6666
sps4ext_199611_005;0,28;264,545;26712,559;2493,1536;7,1428
sps4ext_199611_005;0,24;332,891;30638,753;2859,5952;8,3333
sps4ext_199611_005;0,28;258,893;26263,751;2451,2544;7,1428
sps4ext_199611_005;0,21;549,860;35448,113;3308,4576;9,5238
sps4ext_199611_005;0,22;461,746;34269,833;3198,4848;9,0909
sps4ext_199611_005;0,24;367,910;30102,131;2809,5312;8,3333
sps4ext_199611_005;0,27;279,575;27497,236;2566,4016;7,4074
sps4ext_199611_005;0,19;682,947;37745,419;3522,8928;10,5263
sps4ext_199611_005;0,22;460,450;30745,675;2869,5744;9,0909
sps4ext_199611_006;0,23;457,741;32432,428;3027,0240;8,6956
sps4ext_199611_006;0,26;314,218;28699,124;2678,5584;7,6923
sps4ext_199611_006;0,25;339,820;28830,471;2690,8224;8,0000
sps4ext_199611_006;0,29;231,773;25751,811;2403,4752;6,8965
sps4ext_199611_006;0,23;443,616;31925,852;2979,7152;8,6956
sps4ext_199611_006;0,24;44,825;3562,076;332,4384;8,3333
sps4ext_199611_006;0,21;531,178;35142,340;3279,9312;9,5238
sps4ext_199611_006;0,27;300,955;27565,394;2572,7520;7,4074
sps4ext_199611_006;0,23;469,250;32931,040;3073,5600;8,6956
sps4ext_199611_006;0,25;349,317;27368,168;2554,3392;8,0000
sps4ext_199611_006;0,25;347,915;29063,432;2712,5616;8,0000
sps4ext_199611_007;0,26;299,433;26076,736;2433,8160;7,6923
sps4ext_199611_007;0,29;221,711;24928,072;2326,5984;6,8965
sps4ext_199611_007;0,22;471,628;33331,617;3110,9232;9,0909
sps4ext_199611_007;0,25;384,062;30397,817;2837,1168;8,0000
sps4ext_199611_007;0,28;258,220;27133,932;2532,4992;7,1428
sps4ext_199611_007;0,19;664,403;37592,217;3508,5792;10,5263
sps4ext_199611_007;0,27;234,054;27649,271;2580,5808;7,4074
sps4ext_199611_007;0,22;493,090;32975,996;3077,7264;9,0909
sps4ext_199611_007;0,26;338,555;28727,138;2681,1792;7,6923
sps4ext_199611_007;0,31;18,751;2834,314;264,5328;6,4516
sps4ext_199611_007;0,20;577,258;36486,520;3405,3936;10,0000
sps4ext_199611_008;0,24;274,513;30413,624;2838,5952;8,3333
sps4ext_199611_008;0,31;179,830;24353,048;2272,9392;6,4516
sps4ext_199611_008;0,27;285,593;27035,685;2523,3264;7,4074
sps4ext_199611_008;0,24;373,334;31170,893;2909,2560;8,3333
sps4ext_199611_008;0,23;462,517;32948,562;3075,1728;8,6956
sps4ext_199611_008;0,28;292,593;26958,618;2516,1360;7,1428
sps4ext_199611_008;0,24;447,967;31423,404;2932,8432;8,3333
sps4ext_199611_008;0,32;16,686;2911,925;271,7568;6,2500
sps4ext_199611_008;0,30;211,516;25431,992;2373,6384;6,6666
sps4ext_199611_008;0,28;292,493;26143,217;2440,0320;7,1428
sps4ext_199611_008;0,22;463,247;31458,280;2936,1024;9,0909
sps4ext_199611_009;0,25;369,049;30177,978;2816,5872;8,0000
sps4ext_199611_009;0,22;464,405;32909,182;3071,5104;9,0909
sps4ext_199611_009;0,24;351,393;30272,071;2825,3904;8,3333
sps4ext_199611_009;0,27;276,659;27751,768;2590,1568;7,4074
sps4ext_199611_009;0,22;508,094;34373,222;3208,1616;9,0909
sps4ext_199611_009;0,22;487,926;33537,953;3130,1760;9,0909
sps4ext_199611_009;0,28;269,922;26814,165;2502,6288;7,1428
sps4ext_199611_009;0,26;328,094;28803,166;2688,2688;7,6923
sps4ext_199611_009;0,26;38,212;3235,211;301,9296;7,6923
sps4ext_199611_009;0,25;403,695;29055,700;2711,8560;8,0000
sps4ext_199611_009;0,23;427,085;29570,474;2759,9040;8,6956
sps4ext_199611_010;0,27;300,540;25489,940;2379,0480;7,4074
sps4ext_199611_010;0,24;404,651;31206,427;2912,5824;8,3333
sps4ext_199611_010;0,29;179,709;25085,622;2341,3152;6,8965
sps4ext_199611_010;0,25;36,641;3487,092;325,4496;8,0000
sps4ext_199611_010;0,27;285,365;26897,082;2510,3904;7,4074
sps4ext_199611_010;0,23;378,756;32800,823;3061,3968;8,6956
sps4ext_199611_010;0,24;410,098;31702,602;2958,8832;8,3333
sps4ext_199611_010;0,27;304,417;27355,855;2553,1968;7,4074
sps4ext_199611_010;0,26;295,246;29103,025;2716,2576;7,6923
sps4ext_199611_010;0,19;627,961;37858,473;3533,4432;10,5263
sps4ext_199611_010;0,21;531,051;35584,105;3321,1584;9,5238
sps4ext_199611_011;0,28;244,097;26599,947;2482,6368;7,1428
sps4ext_199611_011;0,30;183,102;22583,400;2107,7616;6,6666
sps4ext_199611_011;0,21;546,270;36387,001;3396,1200;9,5238
sps4ext_199611_011;0,21;526,943;35190,824;3284,4672;9,5238
sps4ext_199611_011;0,27;285,507;27694,365;2584,7808;7,4074
sps4ext_199611_011;0,20;621,051;37135,274;3465,9408;10,0000
sps4ext_199611_011;0,28;191,008;25757,173;2403,9792;7,1428
sps4ext_199611_011;0,25;329,762;29774,894;2778,9888;8,0000
sps4ext_199611_011;0,25;371,994;29113,447;2717,2320;8,0000
sps4ext_199611_011;0,26;345,211;28258,173;2637,3984;7,6923
sps4ext_199611_011;0,33;12,811;2691,666;251,1936;6,0606
sps4ext_199611_012;0,24;393,874;31167,318;2908,9200;8,3333
sps4ext_199611_012;0,23;477,777;32690,373;3051,0816;8,6956
sps4ext_199611_012;0,22;338,695;34156,057;3187,8672;9,0909
sps4ext_199611_012;0,22;469,961;34388,716;3209,6064;9,0909
sps4ext_199611_012;0,30;183,720;24230,570;2261,5152;6,6666
sps4ext_199611_012;0,24;39,576;3526,825;329,1456;8,3333
sps4ext_199611_012;0,29;240,635;26026,735;2429,1456;6,8965
sps4ext_199611_012;0,26;332,610;29179,440;2723,4144;7,6923
sps4ext_199611_012;0,22;461,171;33315,069;3109,3776;9,0909
sps4ext_199611_012;0,23;425,798;31207,340;2912,6832;8,6956
sps4ext_199611_012;0,24;357,177;27872,685;2601,4464;8,3333
sps4ext_199611_013;0,23;444,350;32428,688;3026,6544;8,6956
sps4ext_199611_013;0,33;14,137;2728,837;254,6880;6,0606
sps4ext_199611_013;0,22;502,042;33600,146;3135,9888;9,0909
sps4ext_199611_013;0,31;177,893;22336,455;2084,7120;6,4516
sps4ext_199611_013;0,24;330,685;30295,069;2827,5072;8,3333
sps4ext_199611_013;0,28;267,993;27019,506;2521,8144;7,1428
sps4ext_199611_013;0,21;513,384;33838,339;3158,2320;9,5238
sps4ext_199611_013;0,30;215,613;25389,867;2369,7072;6,6666
sps4ext_199611_013;0,28;257,811;26824,906;2503,6368;7,1428
sps4ext_199611_013;0,25;374,737;30327,183;2830,5312;8,0000
sps4ext_199611_013;0,22;446,959;32501,945;3033,5088;9,0909
sps4ext_199611_014;0,22;483,986;33853,461;3159,6432;9,0909
sps4ext_199611_014;0,21;553,585;34939,838;3261,0480;9,5238
sps4ext_199611_014;0,26;344,808;29290,391;2733,7632;7,6923
sps4ext_199611_014;0,25;306,833;26709,484;2492,8848;8,0000
sps4ext_199611_014;0,21;527,774;35466,486;3310,2048;9,5238
sps4ext_199611_014;0,23;438,833;32176,039;3003,0672;8,6956
sps4ext_199611_014;0,24;344,024;30985,882;2891,9856;8,3333
sps4ext_199611_014;0,24;426,425;31710,176;2959,5888;8,3333
sps4ext_199611_014;0,20;660,858;36930,541;3446,8224;10,0000
sps4ext_199611_014;0,29;222,105;25011,457;2334,3936;6,8965
sps4ext_199611_014;0,31;18,746;2862,540;267,1536;6,4516
sps4ext_199611_015;0,25;377,761;28734,220;2681,8512;8,0000
sps4ext_199611_015;0,27;297,855;28316,562;2642,8752;7,4074
sps4ext_199611_015;0,24;351,241;30155,466;2814,5040;8,3333
sps4ext_199611_015;0,31;180,359;22182,120;2070,3312;6,4516
sps4ext_199611_015;0,21;600,164;35845,248;3345,5520;9,5238
sps4ext_199611_015;0,31;174,015;24140,571;2253,1152;6,4516
sps4ext_199611_015;0,27;293,744;27224,791;2540,9664;7,4074
sps4ext_199611_015;0,25;366,356;29574,587;2760,2736;8,0000
sps4ext_199611_015;0,21;551,534;35446,793;3308,3568;9,5238
sps4ext_199611_015;0,22;501,863;34681,086;3236,8896;9,0909
sps4ext_199611_015;0,28;25,806;3097,276;289,0608;7,1428
sps4ext_199611_016;0,25;390,880;29761,981;2777,7792;8,0000
sps4ext_199611_016;0,21;527,087;35910,582;3351,6336;9,5238
sps4ext_199611_016;0,24;36,467;3553,589;331,6656;8,3333
sps4ext_199611_016;0,24;407,208;29709,674;2772,8736;8,3333
sps4ext_199611_016;0,26;309,311;29243,133;2729,3280;7,6923
sps4ext_199611_016;0,26;360,084;29153,965;2721,0288;7,6923
sps4ext_199611_016;0,30;175,984;22596,273;2108,9712;6,6666
sps4ext_199611_016;0,25;345,612;29629,544;2765,4144;8,0000
sps4ext_199611_016;0,29;210,274;24637,237;2299,4496;6,8965
sps4ext_199611_016;0,32;165,581;23633,594;2205,7728;6,2500
sps4ext_199611_016;0,20;613,627;36202,641;3378,8832;10,0000
sps4ext_199611_017;0,25;366,710;29093,238;2715,3504;8,0000
sps4ext_199611_017;0,24;415,603;29962,260;2796,4608;8,3333
sps4ext_199611_017;0,21;521,852;36098,747;3369,2064;9,5238
sps4ext_199611_017;0,31;175,823;22070,158;2059,8480;6,4516
sps4ext_199611_017;0,27;330,130;28049,584;2617,9440;7,4074
sps4ext_199611_017;0,26;336,465;28793,430;2687,3616;7,6923
sps4ext_199611_017;0,26;325,188;29376,966;2741,8272;7,6923
sps4ext_199611_017;0,32;17,264;2736,323;255,3600;6,2500
sps4ext_199611_017;0,22;467,633;33534,135;3129,8400;9,0909
sps4ext_199611_017;0,24;396,837;30743,607;2869,3728;8,3333
sps4ext_199611_017;0,26;310,319;28176,601;2629,8048;7,6923
sps4ext_199611_018;0,29;214,277;25826,766;2410,4976;6,8965
sps4ext_199611_018;0,28;265,800;25943,798;2421,4176;7,1428
sps4ext_199611_018;0,21;637,476;36228,422;3381,3024;9,5238
sps4ext_199611_018;0,21;507,675;34890,759;3256,4448;9,5238
sps4ext_199611_018;0,21;571,041;36462,785;3403,1760;9,5238
sps4ext_199611_018;0,24;289,953;29913,917;2791,9584;8,3333
sps4ext_199611_018;0,33;13,013;2666,308;248,8416;6,0606
sps4ext_199611_018;0,24;421,152;31231,792;2914,9344;8,3333
sps4ext_199611_018;0,26;340,635;28202,084;2632,1904;7,6923
sps4ext_199611_018;0,24;436,604;31496,927;2939,6976;8,3333
sps4ext_199611_018;0,32;157,586;21567,237;2012,9088;6,2500
sps4ext_199611_019;0,26;337,888;28409,524;2651,5440;7,6923
sps4ext_199611_019;0,25;364,509;29489,833;2752,3776;8,0000
sps4ext_199611_019;0,31;162,284;21774,218;2032,2288;6,4516
sps4ext_199611_019;0,24;381,123;30292,182;2827,2384;8,3333
sps4ext_199611_019;0,22;465,830;33374,820;3114,9552;9,0909
sps4ext_199611_019;0,29;231,806;26304,976;2455,1184;6,8965
sps4ext_199611_019;0,30;214,911;25438,763;2374,2768;6,6666
sps4ext_199611_019;0,26;353,988;29221,384;2727,3120;7,6923
sps4ext_199611_019;0,19;61,706;4389,185;409,6512;10,5263
sps4ext_199611_019;0,24;375,339;30483,262;2845,0800;8,3333
sps4ext_199611_019;0,29;259,067;26326,831;2457,1680;6,8965
sps4ext_199611_020;0,23;486,741;32520,007;3035,1888;8,6956
sps4ext_199611_020;0,25;387,023;30283,341;2826,4320;8,0000
sps4ext_199611_020;0,25;364,176;29035,575;2709,9744;8,0000
sps4ext_199611_020;0,33;13,859;2705,914;252,5376;6,0606
sps4ext_199611_020;0,24;409,471;31663,163;2955,2208;8,3333
sps4ext_199611_020;0,21;579,535;36224,092;3380,8992;9,5238
sps4ext_199611_020;0,27;243,807;24883,821;2322,4656;7,4074
sps4ext_199611_020;0,23;475,453;31970,581;2983,9152;8,6956
sps4ext_199611_020;0,26;347,398;29443,726;2748,0768;7,6923
sps4ext_199611_020;0,27;301,816;27203,177;2538,9504;7,4074
sps4ext_199611_020;0,25;253,236;29053,177;2711,6208;8,0000
sps4ext_199711_001;0,26;347,317;29276,261;2732,4192;7,6923
sps4ext_199711_001;0,28;276,433;26950,986;2515,3968;7,1428
sps4ext_199711_001;0,20;576,238;36762,383;3431,1312;10,0000
sps4ext_199711_001;0,20;567,225;36159,083;3374,8176;10,0000
sps4ext_199711_001;0,23;452,874;31523,041;2942,1504;8,6956
sps4ext_199711_001;0,25;374,717;30130,355;2812,1520;8,0000
sps4ext_199711_001;0,22;394,952;30027,024;2802,5088;9,0909
sps4ext_199711_001;0,27;268,779;27019,581;2521,8144;7,4074
sps4ext_199711_001;0,23;463,534;32440,809;3027,7968;8,6956
sps4ext_199711_001;0,20;62,344;4196,587;391,6752;10,0000
sps4ext_199711_001;0,25;387,640;30346,343;2832,3120;8,0000
sps4ext_199711_002;0,28;271,262;25909,861;2418,2256;7,1428
sps4ext_199711_002;0,24;342,980;30413,669;2838,5952;8,3333
sps4ext_199711_002;0,22;492,229;33632,909;3139,0464;9,0909
sps4ext_199711_002;0,22;515,413;34741,761;3242,5344;9,0909
sps4ext_199711_002;0,21;612,090;36245,665;3382,9152;9,5238
sps4ext_199711_002;0,26;338,677;29515,106;2754,7296;7,6923
sps4ext_199711_002;0,25;37,443;3416,169;318,8304;8,0000
sps4ext_199711_002;0,27;303,572;27887,519;2602,8240;7,4074
sps4ext_199711_002;0,27;299,324;27053,792;2525,0064;7,4074
sps4ext_199711_002;0,24;397,417;31094,212;2902,0992;8,3333
sps4ext_199711_002;0,26;282,710;25922,718;2419,4352;7,6923
sps4ext_199711_003;0,28;282,964;26276,250;2452,4304;7,1428
sps4ext_199711_003;0,25;364,906;29751,722;2776,8048;8,0000
sps4ext_199711_003;0,22;359,149;30898,629;2883,8544;9,0909
sps4ext_199711_003;0,33;13,412;2676,669;249,8160;6,0606
sps4ext_199711_003;0,26;307,759;28484,003;2658,4992;7,6923
sps4ext_199711_003;0,22;543,870;34695,808;3238,2672;9,0909
sps4ext_199711_003;0,22;478,138;33855,287;3159,8112;9,0909
sps4ext_199711_003;0,30;202,320;24272,277;2265,3792;6,6666
sps4ext_199711_003;0,31;186,655;24028,320;2242,6320;6,4516
sps4ext_199711_003;0,29;226,364;25537,278;2383,4496;6,8965
sps4ext_199711_003;0,27;288,659;26575,311;2480,3520;7,4074
sps4ext_199711_004;0,23;468,673;32058,853;2992,1472;8,6956
sps4ext_199711_004;0,24;383,861;30139,239;2812,9920;8,3333
sps4ext_199711_004;0,28;320,298;27269,103;2545,0992;7,1428
sps4ext_199711_004;0,33;13,459;2665,793;248,7744;6,0606
sps4ext_199711_004;0,26;328,311;28807,743;2688,7056;7,6923
sps4ext_199711_004;0,27;330,938;28330,460;2644,1520;7,4074
sps4ext_199711_004;0,29;189,212;24903,611;2324,3136;6,8965
sps4ext_199711_004;0,22;504,108;33329,569;3110,7552;9,0909
sps4ext_199711_004;0,23;344,948;32549,427;3037,9440;8,6956
sps4ext_199711_004;0,26;309,792;26011,537;2427,7344;7,6923
sps4ext_199711_004;0,20;635,377;37055,201;3458,4816;10,0000
sps4ext_199711_005;0,25;42,148;3433,822;320,4768;8,0000
sps4ext_199711_005;0,25;440,079;30246,594;2823,0048;8,0000
sps4ext_199711_005;0,21;554,011;35049,236;3271,2288;9,5238
sps4ext_199711_005;0,21;594,569;35675,423;3329,6928;9,5238
sps4ext_199711_005;0,27;290,340;27120,321;2531,2224;7,4074
sps4ext_199711_005;0,23;483,031;32918,444;3072,3840;8,6956
sps4ext_199711_005;0,24;422,631;30322,340;2830,0608;8,3333
sps4ext_199711_005;0,22;329,593;33969,236;3170,4288;9,0909
sps4ext_199711_005;0,23;463,019;32371,379;3021,3120;8,6956
sps4ext_199711_005;0,25;341,614;27429,555;2560,0848;8,0000
sps4ext_199711_005;0,23;391,845;31395,843;2930,2560;8,6956
sps4ext_199711_006;0,26;40,027;3321,787;310,0272;7,6923
sps4ext_199711_006;0,20;606,208;37941,927;3541,2384;10,0000
sps4ext_199711_006;0,23;483,030;31485,162;2938,5888;8,6956
sps4ext_199711_006;0,23;454,914;33035,756;3083,3040;8,6956
sps4ext_199711_006;0,22;479,451;32897,356;3070,4016;9,0909
sps4ext_199711_006;0,30;215,881;25434,144;2373,8400;6,6666
sps4ext_199711_006;0,24;384,865;30037,764;2803,5168;8,3333
sps4ext_199711_006;0,28;252,626;24684,337;2303,8512;7,1428
sps4ext_199711_006;0,24;332,182;31485,811;2938,6560;8,3333
sps4ext_199711_006;0,28;254,387;26464,879;2470,0368;7,1428
sps4ext_199711_006;0,23;506,655;33161,753;3095,0640;8,6956
sps4ext_199711_007;0,26;309,924;27687,014;2584,1088;7,6923
sps4ext_199711_007;0,25;331,335;30141,548;2813,1936;8,0000
sps4ext_199711_007;0,28;242,544;26447,379;2468,3904;7,1428
sps4ext_199711_007;0,24;383,464;29800,886;2781,4080;8,3333
sps4ext_199711_007;0,29;180,404;23078,552;2153,9952;6,8965
sps4ext_199711_007;0,23;450,527;31941,840;2981,2272;8,6956
sps4ext_199711_007;0,28;250,623;25895,986;2416,9488;7,1428
sps4ext_199711_007;0,29;212,069;25634,664;2392,5552;6,8965
sps4ext_199711_007;0,27;276,572;27292,373;2547,2832;7,4074
sps4ext_199711_007;0,30;184,894;24735,764;2308,6560;6,6666
sps4ext_199711_007;0,24;42,745;3594,871;335,4960;8,3333
sps4ext_199711_008;0,26;344,463;29352,255;2739,5424;7,6923
sps4ext_199711_008;0,27;280,474;27524,277;2568,9216;7,4074
sps4ext_199711_008;0,24;414,308;31197,327;2911,7424;8,3333
sps4ext_199711_008;0,27;259,817;24853,811;2319,6768;7,4074
sps4ext_199711_008;0,23;508,555;33195,204;3098,1888;8,6956
sps4ext_199711_008;0,25;330,442;28498,712;2659,8768;8,0000
sps4ext_199711_008;0,23;406,971;30972,818;2890,7760;8,6956
sps4ext_199711_008;0,21;579,358;35724,185;3334,2288;9,5238
sps4ext_199711_008;0,26;327,522;28832,993;2691,0576;7,6923
sps4ext_199711_008;0,22;53,462;3881,651;362,2752;9,0909
sps4ext_199711_008;0,25;357,374;28749,379;2683,2624;8,0000
sps4ext_199711_009;0,23;440,568;30893,217;2883,3504;8,6956
sps4ext_199711_009;0,28;262,733;26188,567;2444,2656;7,1428
sps4ext_199711_009;0,29;217,659;25751,467;2403,4416;6,8965
sps4ext_199711_009;0,28;269,578;26700,966;2492,0784;7,1428
sps4ext_199711_009;0,28;242,410;26312,606;2455,8240;7,1428
sps4ext_199711_009;0,21;529,889;35207,776;3286,0464;9,5238
sps4ext_199711_009;0,24;37,796;3603,987;336,3696;8,3333
sps4ext_199711_009;0,23;401,754;29604,307;2763,0624;8,6956
sps4ext_199711_009;0,26;345,285;29276,527;2732,4528;7,6923
sps4ext_199711_009;0,27;343,370;28339,919;2645,0256;7,4074
sps4ext_199711_009;0,26;329,889;27754,923;2590,4592;7,6923
sps4ext_199711_010;0,29;190,956;24768,430;2311,7136;6,8965
sps4ext_199711_010;0,28;278,476;27206,040;2539,2192;7,1428
sps4ext_199711_010;0,24;285,683;31715,239;2960,0592;8,3333
sps4ext_199711_010;0,24;434,287;31421,990;2932,7088;8,3333
sps4ext_199711_010;0,25;328,915;26728,984;2494,6992;8,0000
sps4ext_199711_010;0,23;461,107;31653,551;2954,3136;8,6956
sps4ext_199711_010;0,26;313,700;28430,715;2653,5264;7,6923
sps4ext_199711_010;0,26;343,972;28774,391;2685,5808;7,6923
sps4ext_199711_010;0,23;496,842;32495,715;3032,9040;8,6956
sps4ext_199711_010;0,33;12,668;2663,520;248,5728;6,0606
sps4ext_199711_010;0,22;501,526;32735,457;3055,2816;9,0909
sps4ext_199711_011;0,31;167,379;24146,950;2253,6864;6,4516
sps4ext_199711_011;0,20;602,605;38419,934;3585,8592;10,0000
sps4ext_199711_011;0,22;522,778;34426,247;3213,1008;9,0909
sps4ext_199711_011;0,24;383,115;30353,406;2832,9840;8,3333
sps4ext_199711_011;0,33;13,394;2799,029;261,2400;6,0606
sps4ext_199711_011;0,24;386,382;30330,450;2830,8336;8,3333
sps4ext_199711_011;0,26;338,215;28575,913;2667,0672;7,6923
sps4ext_199711_011;0,21;511,927;33745,812;3149,5968;9,5238
sps4ext_199711_011;0,26;349,111;28487,877;2658,8352;7,6923
sps4ext_199711_011;0,22;484,338;33859,265;3160,1808;9,0909
sps4ext_199711_011;0,26;297,816;26585,867;2481,3264;7,6923
sps4ext_199711_012;0,23;476,699;33438,504;3120,9024;8,6956
sps4ext_199711_012;0,25;335,699;29201,412;2725,4640;8,0000
sps4ext_199711_012;0,24;462,473;31234,542;2915,2032;8,3333
sps4ext_199711_012;0,20;604,941;35396,905;3303,6864;10,0000
sps4ext_199711_012;0,24;413,721;31354,796;2926,4256;8,3333
sps4ext_199711_012;0,26;300,802;28265,778;2638,1376;7,6923
sps4ext_199711_012;0,32;16,968;2806,981;261,9792;6,2500
sps4ext_199711_012;0,23;451,956;32570,430;3039,8928;8,6956
sps4ext_199711_012;0,25;320,169;29872,444;2788,0944;8,0000
sps4ext_199711_012;0,21;511,684;35339,012;3298,2768;9,5238
sps4ext_199711_012;0,24;363,172;27929,159;2606,6880;8,3333
sps4ext_199711_013;0,26;316,942;28592,136;2668,5792;7,6923
sps4ext_199711_013;0,23;444,916;32499,469;3033,2736;8,6956
sps4ext_199711_013;0,25;390,811;30440,874;2841,1152;8,0000
sps4ext_199711_013;0,27;280,433;26764,802;2498,0256;7,4074
sps4ext_199711_013;0,28;266,909;26918,452;2512,3728;7,1428
sps4ext_199711_013;0,27;281,165;25549,069;2384,5584;7,4074
sps4ext_199711_013;0,21;538,455;34746,062;3242,9376;9,5238
sps4ext_199711_013;0,26;328,061;28631,375;2672,2416;7,6923
sps4ext_199711_013;0,24;470,616;30796,706;2874,3456;8,3333
sps4ext_199711_013;0,24;339,707;30531,247;2849,5824;8,3333
sps4ext_199711_013;0,33;13,579;2686,548;250,7232;6,0606
sps4ext_199711_014;0,28;257,552;25786,610;2406,7344;7,1428
sps4ext_199711_014;0,31;153,860;21708,695;2026,1136;6,4516
sps4ext_199711_014;0,24;359,976;31409,300;2931,5328;8,3333
sps4ext_199711_014;0,22;533,203;34274,555;3198,9552;9,0909
sps4ext_199711_014;0,25;359,358;28855,759;2693,1744;8,0000
sps4ext_199711_014;0,33;13,052;2710,768;252,9744;6,0606
sps4ext_199711_014;0,25;363,007;30153,766;2814,3360;8,0000
sps4ext_199711_014;0,22;498,174;33299,730;3107,9664;9,0909
sps4ext_199711_014;0,24;414,635;31767,241;2964,9312;8,3333
sps4ext_199711_014;0,25;397,973;30370,098;2834,5296;8,0000
sps4ext_199711_014;0,25;383,492;29656,120;2767,9008;8,0000
sps4ext_199711_015;0,21;513,477;36110,469;3370,2816;9,5238
sps4ext_199711_015;0,23;462,319;32008,405;2987,4432;8,6956
sps4ext_199711_015;0,25;373,827;29520,050;2755,2000;8,0000
sps4ext_199711_015;0,24;439,746;31621,740;2951,3568;8,3333
sps4ext_199711_015;0,22;490,769;34024,532;3175,6032;9,0909
sps4ext_199711_015;0,30;193,761;22411,733;2091,7344;6,6666
sps4ext_199711_015;0,26;30,657;3299,141;307,9104;7,6923
sps4ext_199711_015;0,25;359,381;29802,906;2781,5760;8,0000
sps4ext_199711_015;0,24;427,604;31782,607;2966,3760;8,3333
sps4ext_199711_015;0,21;531,920;34148,826;3187,1952;9,5238
sps4ext_199711_015;0,24;372,776;30207,259;2819,3424;8,3333
sps4ext_199711_016;0,28;231,563;25736,803;2402,0976;7,1428
sps4ext_199711_016;0,25;382,106;29520,454;2755,2336;8,0000
sps4ext_199711_016;0,26;315,710;28647,035;2673,7200;7,6923
sps4ext_199711_016;0,28;262,698;26110,247;2436,9408;7,1428
sps4ext_199711_016;0,23;432,452;31970,343;2983,8816;8,6956
sps4ext_199711_016;0,26;35,485;3299,620;307,9440;7,6923
sps4ext_199711_016;0,27;292,196;27419,911;2559,1776;7,4074
sps4ext_199711_016;0,30;194,161;23057,043;2151,9792;6,6666
sps4ext_199711_016;0,28;261,806;26720,033;2493,8592;7,1428
sps4ext_199711_016;0,29;238,863;26191,800;2444,5680;6,8965
sps4ext_199711_016;0,23;436,284;30860,136;2880,2592;8,6956
sps4ext_199711_017;0,31;147,989;21843,546;2038,7136;6,4516
sps4ext_199711_017;0,24;403,320;30752,633;2870,2128;8,3333
sps4ext_199711_017;0,32;12,997;2745,507;256,2336;6,2500
sps4ext_199711_017;0,29;247,849;25932,693;2420,3760;6,8965
sps4ext_199711_017;0,24;302,438;30248,678;2823,2064;8,3333
sps4ext_199711_017;0,22;504,747;34386,361;3209,3712;9,0909
sps4ext_199711_017;0,21;529,697;35220,485;3287,2224;9,5238
sps4ext_199711_017;0,22;482,065;32627,359;3045,2016;9,0909
sps4ext_199711_017;0,28;265,054;26902,599;2510,8944;7,1428
sps4ext_199711_017;0,25;416,782;30357,065;2833,3200;8,0000
sps4ext_199711_017;0,27;331,166;27850,081;2599,3296;7,4074
sps4ext_199711_018;0,23;453,906;29795,196;2780,8704;8,6956
sps4ext_199711_018;0,25;337,067;28710,724;2679,6672;8,0000
sps4ext_199711_018;0,28;297,421;27242,357;2542,6128;7,1428
sps4ext_199711_018;0,30;199,169;24152,905;2254,2576;6,6666
sps4ext_199711_018;0,24;417,996;31569,018;2946,4176;8,3333
sps4ext_199711_018;0,20;597,018;37395,029;3490,2000;10,0000
sps4ext_199711_018;0,22;474,312;33760,356;3150,9408;9,0909
sps4ext_199711_018;0,30;205,697;25199,076;2351,8992;6,6666
sps4ext_199711_018;0,22;471,377;33164,524;3095,3328;9,0909
sps4ext_199711_018;0,33;13,179;2661,314;248,3712;6,0606
sps4ext_199711_018;0,24;323,458;31130,566;2905,4928;8,3333
sps4ext_199711_019;0,22;485,873;33713,541;3146,5728;9,0909
sps4ext_199711_019;0,23;426,876;32762,209;3057,8016;8,6956
sps4ext_199711_019;0,24;368,770;31623,488;2951,5248;8,3333
sps4ext_199711_019;0,25;393,946;29992,505;2799,2832;8,0000
sps4ext_199711_019;0,23;408,751;29406,294;2744,5824;8,6956
sps4ext_199711_019;0,25;348,467;29517,587;2754,9648;8,0000
sps4ext_199711_019;0,22;538,039;34667,005;3235,5792;9,0909
sps4ext_199711_019;0,30;197,636;24398,243;2277,1392;6,6666
sps4ext_199711_019;0,23;466,203;31852,028;2972,8272;8,6956
sps4ext_199711_019;0,32;14,754;2730,440;254,8224;6,2500
sps4ext_199711_019;0,24;415,387;29907,423;2791,3536;8,3333
sps4ext_199711_020;0,26;332,337;28493,988;2659,4064;7,6923
sps4ext_199711_020;0,23;477,604;33336,654;3111,3936;8,6956
sps4ext_199711_020;0,24;387,438;31036,707;2896,7568;8,3333
sps4ext_199711_020;0,28;269,926;25718,404;2400,3840;7,1428
sps4ext_199711_020;0,23;435,534;32629,055;3045,3696;8,6956
sps4ext_199711_020;0,22;442,946;30353,708;2832,9840;9,0909
sps4ext_199711_020;0,31;170,553;24273,705;2265,5136;6,4516
sps4ext_199711_020;0,22;473,321;33685,154;3143,9184;9,0909
sps4ext_199711_020;0,31;182,432;24616,699;2297,5344;6,4516
sps4ext_199711_020;0,32;160,796;23620,550;2204,5632;6,2500
sps4ext_199711_020;0,33;13,475;2646,258;246,9600;6,0606
sps4ext_199811_001;0,30;196,218;23017,872;2148,3168;6,6666
sps4ext_199811_001;0,29;233,678;25902,906;2417,5872;6,8965
sps4ext_199811_001;0,30;189,467;24675,083;2302,9776;6,6666
sps4ext_199811_001;0,23;448,704;31357,863;2926,7280;8,6956
sps4ext_199811_001;0,30;213,693;24624,447;2298,2736;6,6666
sps4ext_199811_001;0,31;179,516;24034,528;2243,2032;6,4516
sps4ext_199811_001;0,34;12,683;2658,372;248,1024;5,8823
sps4ext_199811_001;0,24;411,718;30898,821;2883,8880;8,3333
sps4ext_199811_001;0,25;377,905;29393,342;2743,3728;8,0000
sps4ext_199811_001;0,22;516,024;34190,838;3191,1264;9,0909
sps4ext_199811_001;0,25;311,382;29573,504;2760,1728;8,0000
sps4ext_199811_002;0,26;342,644;29644,166;2766,7584;7,6923
sps4ext_199811_002;0,25;414,358;29517,762;2754,9648;8,0000
sps4ext_199811_002;0,34;11,395;2626,543;245,1120;5,8823
sps4ext_199811_002;0,26;327,234;28983,180;2705,0688;7,6923
sps4ext_199811_002;0,22;493,813;32739,051;3055,6176;9,0909
sps4ext_199811_002;0,29;224,894;25772,029;2405,3568;6,8965
sps4ext_199811_002;0,27;289,590;28115,279;2624,0592;7,4074
sps4ext_199811_002;0,26;300,623;26096,868;2435,6976;7,6923
sps4ext_199811_002;0,32;174,355;23870,146;2227,8480;6,2500
sps4ext_199811_002;0,24;385,758;31416,455;2932,1712;8,3333
sps4ext_199811_002;0,26;305,865;27823,637;2596,8432;7,6923
sps4ext_199811_003;0,28;247,897;26719,759;2493,8256;7,1428
sps4ext_199811_003;0,24;378,052;30784,172;2873,1696;8,3333
sps4ext_199811_003;0,31;19,979;2931,156;273,5712;6,4516
sps4ext_199811_003;0,27;300,034;27562,100;2572,4496;7,4074
sps4ext_199811_003;0,26;340,149;29379,267;2742,0624;7,6923
sps4ext_199811_003;0,28;244,866;25888,114;2416,2096;7,1428
sps4ext_199811_003;0,21;514,057;34529,675;3222,7440;9,5238
sps4ext_199811_003;0,28;266,122;26937,962;2514,1872;7,1428
sps4ext_199811_003;0,22;473,975;32424,017;3026,2176;9,0909
sps4ext_199811_003;0,31;166,101;23980,622;2238,1632;6,4516
sps4ext_199811_003;0,26;290,279;26155,895;2441,2080;7,6923
sps4ext_199811_004;0,25;359,169;29599,523;2762,5920;8,0000
sps4ext_199811_004;0,26;326,248;29312,337;2735,8128;7,6923
sps4ext_199811_004;0,26;293,822;26122,384;2438,0832;7,6923
sps4ext_199811_004;0,26;313,668;27954,164;2609,0400;7,6923
sps4ext_199811_004;0,27;272,862;26799,397;2501,2512;7,4074
sps4ext_199811_004;0,26;345,267;29243,191;2729,3616;7,6923
sps4ext_199811_004;0,23;421,936;32340,914;3018,4560;8,6956
sps4ext_199811_004;0,30;188,918;24700,793;2305,3968;6,6666
sps4ext_199811_004;0,26;334,292;28044,854;2617,5072;7,6923
sps4ext_199811_004;0,25;43,369;3446,092;321,6192;8,0000
sps4ext_199811_004;0,27;290,093;27827,308;2597,2128;7,4074
sps4ext_199811_005;0,27;263,795;26768,960;2498,4288;7,4074
sps4ext_199811_005;0,30;198,353;24980,375;2331,4704;6,6666
sps4ext_199811_005;0,32;143,244;22500,416;2100,0336;6,2500
sps4ext_199811_005;0,30;19,893;2865,264;267,4224;6,6666
sps4ext_199811_005;0,29;277,101;26314,358;2455,9920;6,8965
sps4ext_199811_005;0,30;168,373;22380,300;2088,8112;6,6666
sps4ext_199811_005;0,29;228,309;26048,727;2431,1952;6,8965
sps4ext_199811_005;0,22;503,396;34106,609;3183,2640;9,0909
sps4ext_199811_005;0,30;195,437;24747,391;2309,7312;6,6666
sps4ext_199811_005;0,22;457,697;32645,635;3046,9152;9,0909
sps4ext_199811_005;0,27;285,582;27563,207;2572,5504;7,4074
sps4ext_199811_006;0,31;189,058;24655,251;2301,1296;6,4516
sps4ext_199811_006;0,28;238,407;26521,500;2475,3120;7,1428
sps4ext_199811_006;0,29;242,112;25615,749;2390,7744;6,8965
sps4ext_199811_006;0,31;161,896;23302,650;2174,8944;6,4516
sps4ext_199811_006;0,26;362,967;28643,246;2673,3504;7,6923
sps4ext_199811_006;0,25;341,539;29390,007;2743,0368;8,0000
sps4ext_199811_006;0,24;390,262;30678,562;2863,3248;8,3333
sps4ext_199811_006;0,31;168,859;24018,638;2241,7248;6,4516
sps4ext_199811_006;0,26;34,868;3254,050;303,7104;7,6923
sps4ext_199811_006;0,26;352,716;27910,153;2604,9408;7,6923
sps4ext_199811_006;0,30;179,913;22316,289;2082,8304;6,6666
sps4ext_199811_007;0,28;274,868;27369,205;2554,4400;7,1428
sps4ext_199811_007;0,28;269,781;25854,320;2413,0512;7,1428
sps4ext_199811_007;0,23;480,020;32627,926;3045,2688;8,6956
sps4ext_199811_007;0,29;228,476;25505,032;2380,4592;6,8965
sps4ext_199811_007;0,26;320,796;28435,063;2653,9296;7,6923
sps4ext_199811_007;0,22;454,670;32865,435;3067,4112;9,0909
sps4ext_199811_007;0,22;442,915;33666,014;3142,1376;9,0909
sps4ext_199811_007;0,31;207,301;24612,700;2297,1648;6,4516
sps4ext_199811_007;0,28;222,557;24095,332;2248,8816;7,1428
sps4ext_199811_007;0,29;24,162;2964,119;276,6288;6,8965
sps4ext_199811_007;0,31;166,771;23314,527;2176,0032;6,4516
sps4ext_199811_008;0,22;486,100;33549,107;3131,2176;9,0909
sps4ext_199811_008;0,24;389,180;30708,003;2866,0800;8,3333
sps4ext_199811_008;0,32;149,246;23367,496;2180,9424;6,2500
sps4ext_199811_008;0,24;405,890;31319,786;2923,1664;8,3333
sps4ext_199811_008;0,24;402,798;31230,190;2914,8000;8,3333
sps4ext_199811_008;0,30;205,736;24950,497;2328,6816;6,6666
sps4ext_199811_008;0,27;30,559;3091,078;288,4896;7,4074
sps4ext_199811_008;0,29;224,216;25629,488;2392,0848;6,8965
sps4ext_199811_008;0,30;187,669;22580,216;2107,4592;6,6666
sps4ext_199811_008;0,32;152,609;23066,623;2152,8528;6,2500
sps4ext_199811_008;0,25;370,499;29190,017;2724,3888;8,0000
sps4ext_199811_009;0,31;176,564;23609,142;2203,4880;6,4516
sps4ext_199811_009;0,29;241,645;26244,626;2449,4736;6,8965
sps4ext_199811_009;0,31;173,560;23443,972;2188,0992;6,4516
sps4ext_199811_009;0,28;253,958;26921,016;2512,6080;7,1428
sps4ext_199811_009;0,23;426,418;29604,306;2763,0624;8,6956
sps4ext_199811_009;0,23;43,964;3606,236;336,5712;8,6956
sps4ext_199811_009;0,25;349,240;30425,375;2839,6704;8,0000
sps4ext_199811_009;0,22;514,996;33870,392;3161,2224;9,0909
sps4ext_199811_009;0,27;319,409;27945,384;2608,2336;7,4074
sps4ext_199811_009;0,26;316,933;28671,443;2675,9712;7,6923
sps4ext_199811_009;0,32;158,746;23037,635;2150,1648;6,2500
sps4ext_199811_010;0,27;318,827;28339,915;2645,0256;7,4074
sps4ext_199811_010;0,25;350,197;29967,682;2796,9648;8,0000
sps4ext_199811_010;0,27;311,154;27773,066;2592,1392;7,4074
sps4ext_199811_010;0,26;312,216;28350,705;2646,0336;7,6923
sps4ext_199811_010;0,23;437,084;31253,266;2916,9504;8,6956
sps4ext_199811_010;0,27;31,687;3211,805;299,7456;7,4074
sps4ext_199811_010;0,29;233,793;25665,359;2395,4112;6,8965
sps4ext_199811_010;0,28;259,807;26853,897;2506,3584;7,1428
sps4ext_199811_010;0,23;389,664;29132,956;2719,0464;8,6956
sps4ext_199811_010;0,25;345,934;29441,790;2747,8752;8,0000
sps4ext_199811_010;0,23;421,218;31381,583;2928,9456;8,6956
sps4ext_199811_011;0,26;350,629;28299,916;2641,2960;7,6923
sps4ext_199811_011;0,25;336,089;29387,442;2742,8016;8,0000
sps4ext_199811_011;0,26;285,779;27471,067;2563,9488;7,6923
sps4ext_199811_011;0,29;242,531;23769,466;2218,4736;6,8965
sps4ext_199811_011;0,25;343,934;29804,126;2781,7104;8,0000
sps4ext_199811_011;0,24;445,735;31719,771;2960,4960;8,3333
sps4ext_199811_011;0,27;29,835;3191,063;297,8304;7,4074
sps4ext_199811_011;0,29;223,417;25800,880;2408,0784;6,8965
sps4ext_199811_011;0,29;228,351;25300,094;2361,3408;6,8965
sps4ext_199811_011;0,25;383,519;29556,929;2758,6272;8,0000
sps4ext_199811_011;0,23;420,376;32095,058;2995,5072;8,6956
sps4ext_199811_012;0,29;217,084;24910,068;2324,9184;6,8965
sps4ext_199811_012;0,30;197,863;22988,752;2145,5952;6,6666
sps4ext_199811_012;0,26;34,757;3219,837;300,4848;7,6923
sps4ext_199811_012;0,23;454,322;31678,115;2956,5984;8,6956
sps4ext_199811_012;0,31;190,484;24507,594;2287,3536;6,4516
sps4ext_199811_012;0,28;259,015;26512,017;2474,4384;7,1428
sps4ext_199811_012;0,30;195,673;24816,740;2316,2160;6,6666
sps4ext_199811_012;0,29;243,627;26242,310;2449,2720;6,8965
sps4ext_199811_012;0,24;376,289;30684,453;2863,8624;8,3333
sps4ext_199811_012;0,23;413,098;32770,031;3058,5072;8,6956
sps4ext_199811_012;0,23;477,118;31898,093;2977,1280;8,6956
sps4ext_199811_013;0,26;271,958;25590,435;2388,4224;7,6923
sps4ext_199811_013;0,26;325,075;28256,485;2637,2640;7,6923
sps4ext_199811_013;0,26;30,676;3229,898;301,4256;7,6923
sps4ext_199811_013;0,27;293,875;26905,782;2511,1968;7,4074
sps4ext_199811_013;0,31;190,312;24334,350;2271,1920;6,4516
sps4ext_199811_013;0,24;411,119;31585,084;2947,9296;8,3333
sps4ext_199811_013;0,28;245,105;26485,562;2471,9856;7,1428
sps4ext_199811_013;0,26;322,997;28972,831;2704,1280;7,6923
sps4ext_199811_013;0,24;403,753;30455,490;2842,4928;8,3333
sps4ext_199811_013;0,29;212,254;25682,461;2397,0240;6,8965
sps4ext_199811_013;0,24;404,101;31217,318;2913,5904;8,3333
sps4ext_199811_014;0,29;215,295;24845,357;2318,8704;6,8965
sps4ext_199811_014;0,25;369,037;29756,011;2777,2080;8,0000
sps4ext_199811_014;0,23;543,899;33283,859;3106,4880;8,6956
sps4ext_199811_014;0,30;21,292;2901,099;270,7488;6,6666
sps4ext_199811_014;0,23;391,003;29633,659;2765,7840;8,6956
sps4ext_199811_014;0,30;212,563;24803,584;2314,9728;6,6666
sps4ext_199811_014;0,28;305,249;27450,618;2562,0336;7,1428
sps4ext_199811_014;0,27;288,207;26993,392;2519,3616;7,4074
sps4ext_199811_014;0,24;372,462;31381,794;2928,9456;8,3333
sps4ext_199811_014;0,30;220,685;25383,450;2369,1024;6,6666
sps4ext_199811_014;0,30;205,590;24468,364;2283,6912;6,6666
sps4ext_199811_015;0,23;439,425;31618,395;2951,0208;8,6956
sps4ext_199811_015;0,25;361,662;29415,474;2745,4224;8,0000
sps4ext_199811_015;0,27;293,532;27068,484;2526,3840;7,4074
sps4ext_199811_015;0,31;178,516;24244,860;2262,8256;6,4516
sps4ext_199811_015;0,25;274,625;30436,800;2840,7456;8,0000
sps4ext_199811_015;0,30;173,242;22637,671;2112,8352;6,6666
sps4ext_199811_015;0,25;353,552;29988,886;2798,9472;8,0000
sps4ext_199811_015;0,25;341,864;30078,709;2807,3136;8,0000
sps4ext_199811_015;0,31;170,043;23575,489;2200,3632;6,4516
sps4ext_199811_015;0,24;36,914;3535,219;329,9520;8,3333
sps4ext_199811_015;0,26;326,511;28760,731;2684,3040;7,6923
sps4ext_199811_016;0,29;24,243;3025,574;282,3744;6,8965
sps4ext_199811_016;0,33;142,630;22308,028;2082,0576;6,0606
sps4ext_199811_016;0,27;290,747;26656,629;2487,9456;7,4074
sps4ext_199811_016;0,31;161,694;24122,428;2251,4016;6,4516
sps4ext_199811_016;0,29;247,992;26273,372;2452,1616;6,8965
sps4ext_199811_016;0,33;130,768;22731,760;2121,6048;6,0606
sps4ext_199811_016;0,23;456,046;33015,741;3081,4560;8,6956
sps4ext_199811_016;0,28;239,694;24400,671;2277,3744;7,1428
sps4ext_199811_016;0,23;446,455;32710,411;3052,9632;8,6956
sps4ext_199811_016;0,24;419,396;30451,901;2842,1568;8,3333
sps4ext_199811_016;0,23;450,611;32334,543;3017,8848;8,6956
sps4ext_199811_017;0,24;408,075;31295,958;2920,9488;8,3333
sps4ext_199811_017;0,27;288,126;27610,742;2576,9856;7,4074
sps4ext_199811_017;0,25;312,777;26745,773;2496,2448;8,0000
sps4ext_199811_017;0,24;432,650;30651,645;2860,8048;8,3333
sps4ext_199811_017;0,29;219,678;25588,623;2388,2544;6,8965
sps4ext_199811_017;0,27;268,521;26601,575;2482,8048;7,4074
sps4ext_199811_017;0,33;15,136;2725,006;254,3184;6,0606
sps4ext_199811_017;0,23;460,989;32800,929;3061,3968;8,6956
sps4ext_199811_017;0,27;293,149;27243,877;2542,7472;7,4074
sps4ext_199811_017;0,31;184,936;23672,493;2209,4016;6,4516
sps4ext_199811_017;0,24;391,935;31122,525;2904,7536;8,3333
sps4ext_199811_019;0,28;282,482;26285,379;2453,2704;7,1428
sps4ext_199811_019;0,27;276,119;26874,587;2508,2736;7,4074
sps4ext_199811_019;0,23;397,047;29626,788;2765,1456;8,6956
sps4ext_199811_019;0,31;179,267;24186,786;2257,4160;6,4516
sps4ext_199811_019;0,23;435,852;32208,876;3006,1584;8,6956
sps4ext_199811_019;0,27;291,330;27947,945;2608,4688;7,4074
sps4ext_199811_019;0,31;180,319;24818,073;2316,3504;6,4516
sps4ext_199811_019;0,23;44,631;3632,242;338,9904;8,6956
sps4ext_199811_019;0,29;212,224;24738,967;2308,9584;6,8965
sps4ext_199811_019;0,29;227,374;25615,589;2390,7744;6,8965
sps4ext_199811_019;0,27;293,862;27493,038;2565,9984;7,4074
sps4ext_199811_020;0,26;338,370;28229,187;2634,7104;7,6923
sps4ext_199811_020;0,25;364,763;29372,626;2741,4240;8,0000
sps4ext_199811_020;0,24;427,165;30791,622;2873,8752;8,3333
sps4ext_199811_020;0,26;335,344;29202,864;2725,5984;7,6923
sps4ext_199811_020;0,29;225,134;25662,833;2395,1760;6,8965
sps4ext_199811_020;0,23;418,077;29344,953;2738,8368;8,6956
sps4ext_199811_020;0,27;337,592;27604,229;2576,3808;7,4074
sps4ext_199811_020;0,28;261,135;26502,657;2473,5648;7,1428
sps4ext_199811_020;0,32;173,832;23770,824;2218,6080;6,2500
sps4ext_199811_020;0,26;335,094;27802,981;2594,9280;7,6923
sps4ext_199811_020;0,25;41,182;3387,793;316,1760;8,0000
sps4ext_199911_001;0,24;401,133;31088,744;2901,5952;8,3333
sps4ext_199911_001;0,26;30,284;3246,500;303,0048;7,6923
sps4ext_199911_001;0,29;203,610;23048,253;2151,1392;6,8965
sps4ext_199911_001;0,26;322,420;27661,705;2581,7568;7,6923
sps4ext_199911_001;0,30;218,386;25032,981;2336,4096;6,6666
sps4ext_199911_001;0,29;229,685;24944,098;2328,1104;6,8965
sps4ext_199911_001;0,28;297,773;26970,207;2517,2112;7,1428
sps4ext_199911_001;0,27;253,305;26601,557;2482,8048;7,4074
sps4ext_199911_001;0,28;254,590;26444,462;2468,1216;7,1428
sps4ext_199911_001;0,23;447,945;31946,531;2981,6640;8,6956
sps4ext_199911_001;0,23;453,155;32630,427;3045,5040;8,6956
sps4ext_199911_002;0,23;448,573;30963,078;2889,8688;8,6956
sps4ext_199911_002;0,31;173,949;24710,898;2306,3376;6,4516
sps4ext_199911_002;0,24;431,437;31625,546;2951,6928;8,3333
sps4ext_199911_002;0,27;272,953;27273,544;2545,5024;7,4074
sps4ext_199911_002;0,20;677,310;37811,254;3529,0416;10,0000
sps4ext_199911_002;0,31;18,816;2958,228;276,0912;6,4516
sps4ext_199911_002;0,21;462,034;31558,601;2945,4432;9,5238
sps4ext_199911_002;0,24;410,868;30046,956;2804,3568;8,3333
sps4ext_199911_002;0,24;398,358;30321,025;2829,9600;8,3333
sps4ext_199911_002;0,27;269,670;27390,827;2556,4560;7,4074
sps4ext_199911_002;0,23;472,096;32647,320;3047,0832;8,6956
sps4ext_199911_003;0,27;288,357;27010,404;2520,9408;7,4074
sps4ext_199911_003;0,29;244,776;26216,739;2446,8864;6,8965
sps4ext_199911_003;0,24;432,823;31806,761;2968,6272;8,3333
sps4ext_199911_003;0,23;379,638;28825,465;2690,3520;8,6956
sps4ext_199911_003;0,27;31,412;3207,379;299,3424;7,4074
sps4ext_199911_003;0,28;273,487;26050,044;2431,3296;7,1428
sps4ext_199911_003;0,26;369,185;29034,042;2709,8400;7,6923
sps4ext_199911_003;0,32;143,157;23252,172;2170,1904;6,2500
sps4ext_199911_003;0,24;434,011;29762,615;2777,8128;8,3333
sps4ext_199911_003;0,26;339,140;29005,998;2707,2192;7,6923
sps4ext_199911_003;0,32;157,477;23379,141;2182,0512;6,2500
sps4ext_199911_004;0,22;463,798;33201,819;3098,8272;9,0909
sps4ext_199911_004;0,31;162,048;21695,366;2024,8704;6,4516
sps4ext_199911_004;0,25;389,160;30146,516;2813,6640;8,0000
sps4ext_199911_004;0,26;337,274;29063,801;2712,5952;7,6923
sps4ext_199911_004;0,25;386,387;29918,515;2792,3616;8,0000
sps4ext_199911_004;0,23;439,101;32550,705;3038,0448;8,6956
sps4ext_199911_004;0,24;381,003;31185,691;2910,6336;8,3333
sps4ext_199911_004;0,24;365,511;29628,341;2765,2800;8,3333
sps4ext_199911_004;0,24;410,003;30157,898;2814,7056;8,3333
sps4ext_199911_004;0,31;16,977;2869,704;267,8256;6,4516
sps4ext_199911_004;0,29;264,295;25309,428;2362,1808;6,8965
sps4ext_199911_005;0,30;21,810;2923,698;272,8656;6,6666
sps4ext_199911_005;0,25;324,353;26550,687;2478,0336;8,0000
sps4ext_199911_005;0,31;178,966;24288,914;2266,9584;6,4516
sps4ext_199911_005;0,23;437,343;32564,922;3039,3888;8,6956
sps4ext_199911_005;0,23;393,490;31575,321;2947,0224;8,6956
sps4ext_199911_005;0,29;238,225;26058,691;2432,1360;6,8965
sps4ext_199911_005;0,27;283,864;27387,463;2556,1536;7,4074
sps4ext_199911_005;0,27;317,849;27302,357;2548,1904;7,4074
sps4ext_199911_005;0,24;418,661;31738,051;2962,2096;8,3333
sps4ext_199911_005;0,26;321,353;28347,152;2645,7312;7,6923
sps4ext_199911_005;0,26;338,064;28957,666;2702,6832;7,6923
sps4ext_199911_006;0,25;34,904;3339,254;311,6400;8,0000
sps4ext_199911_006;0,31;186,856;24379,217;2275,3920;6,4516
sps4ext_199911_006;0,24;443,094;31526,179;2942,4192;8,3333
sps4ext_199911_006;0,29;218,975;23215,540;2166,7632;6,8965
sps4ext_199911_006;0,23;509,910;32811,507;3062,4048;8,6956
sps4ext_199911_006;0,30;181,999;23975,713;2237,7264;6,6666
sps4ext_199911_006;0,26;332,837;28133,563;2625,7728;7,6923
sps4ext_199911_006;0,28;280,565;27151,664;2534,1456;7,1428
sps4ext_199911_006;0,29;238,099;24817,064;2316,2496;6,8965
sps4ext_199911_006;0,28;282,705;26627,020;2485,1568;7,1428
sps4ext_199911_006;0,32;157,005;23732,410;2215,0128;6,2500
sps4ext_199911_007;0,22;501,829;33583,828;3134,4768;9,0909
sps4ext_199911_007;0,24;403,986;31622,713;2951,4240;8,3333
sps4ext_199911_007;0,32;155,133;23388,303;2182,8912;6,2500
sps4ext_199911_007;0,23;443,413;31955,629;2982,5040;8,6956
sps4ext_199911_007;0,28;246,765;26197,411;2445,0720;7,1428
sps4ext_199911_007;0,26;32,493;3271,296;305,2896;7,6923
sps4ext_199911_007;0,25;355,889;28412,369;2651,8128;8,0000
sps4ext_199911_007;0,22;482,599;32661,167;3048,3600;9,0909
sps4ext_199911_007;0,26;275,743;25868,905;2414,4288;7,6923
sps4ext_199911_007;0,25;335,723;29979,875;2798,1072;8,0000
sps4ext_199911_007;0,28;272,995;26434,266;2467,1808;7,1428
sps4ext_199911_008;0,24;428,687;31735,876;2962,0080;8,3333
sps4ext_199911_008;0,27;326,647;27419,681;2559,1440;7,4074
sps4ext_199911_008;0,28;253,708;26408,543;2464,7952;7,1428
sps4ext_199911_008;0,23;432,239;31139,176;2906,2992;8,6956
sps4ext_199911_008;0,29;250,525;26179,017;2443,3584;6,8965
sps4ext_199911_008;0,29;23,835;3043,154;284,0208;6,8965
sps4ext_199911_008;0,25;392,594;30724,504;2867,5920;8,0000
sps4ext_199911_008;0,24;385,101;30277,652;2825,8944;8,3333
sps4ext_199911_008;0,29;198,283;23152,469;2160,8832;6,8965
sps4ext_199911_008;0,29;221,689;25080,917;2340,8784;6,8965
sps4ext_199911_008;0,29;248,877;25954,085;2422,3584;6,8965
sps4ext_199911_009;0,26;287,772;27622,369;2578,0608;7,6923
sps4ext_199911_009;0,29;243,043;25632,110;2392,3200;6,8965
sps4ext_199911_009;0,31;173,950;22118,329;2064,3504;6,4516
sps4ext_199911_009;0,27;303,715;27908,528;2604,7728;7,4074
sps4ext_199911_009;0,28;267,281;27239,098;2542,3104;7,1428
sps4ext_199911_009;0,33;14,102;2749,945;256,6368;6,0606
sps4ext_199911_009;0,29;240,477;26063,109;2432,5392;6,8965
sps4ext_199911_009;0,22;466,621;32766,840;3058,2384;9,0909
sps4ext_199911_009;0,26;365,862;28298,167;2641,1616;7,6923
sps4ext_199911_009;0,24;409,872;31681,719;2956,9344;8,3333
sps4ext_199911_009;0,24;430,557;31131,143;2905,5600;8,3333
sps4ext_199911_010;0,23;435,167;32590,252;3041,7408;8,6956
sps4ext_199911_010;0,22;458,670;32712,285;3053,1312;9,0909
sps4ext_199911_010;0,23;446,029;32927,199;3073,1904;8,6956
sps4ext_199911_010;0,19;65,009;4259,681;397,5552;10,5263
sps4ext_199911_010;0,30;223,782;24978,200;2331,2688;6,6666
sps4ext_199911_010;0,28;257,575;26963,065;2516,5392;7,1428
sps4ext_199911_010;0,22;426,340;30309,368;2828,8512;9,0909
sps4ext_199911_010;0,24;400,889;30748,501;2869,8432;8,3333
sps4ext_199911_010;0,32;159,704;23645,256;2206,8816;6,2500
sps4ext_199911_010;0,27;320,871;27866,813;2600,8752;7,4074
sps4ext_199911_010;0,23;413,086;31978,612;2984,6544;8,6956
sps4ext_199911_011;0,24;416,124;31004,684;2893,7664;8,3333
sps4ext_199911_011;0,28;29,881;3103,642;289,6656;7,1428
sps4ext_199911_011;0,24;399,391;31036,374;2896,7232;8,3333
sps4ext_199911_011;0,24;397,513;29782,729;2779,6944;8,3333
sps4ext_199911_011;0,24;322,078;29687,282;2770,7904;8,3333
sps4ext_199911_011;0,25;325,082;30318,383;2829,6912;8,0000
sps4ext_199911_011;0,24;433,432;31451,770;2935,4976;8,3333
sps4ext_199911_011;0,25;351,015;27403,112;2557,5984;8,0000
sps4ext_199911_011;0,29;238,861;25534,830;2383,2480;6,8965
sps4ext_199911_011;0,30;193,763;23940,822;2234,4672;6,6666
sps4ext_199911_011;0,24;426,996;31426,589;2933,1456;8,3333
sps4ext_199911_012;0,22;426,054;30696,385;2864,9712;9,0909
sps4ext_199911_012;0,24;402,193;30646,184;2860,3008;8,3333
sps4ext_199911_012;0,25;353,773;29441,085;2747,8080;8,0000
sps4ext_199911_012;0,27;291,606;27523,888;2568,8880;7,4074
sps4ext_199911_012;0,24;401,189;31370,848;2927,9376;8,3333
sps4ext_199911_012;0,26;319,400;28496,183;2659,6416;7,6923
sps4ext_199911_012;0,20;58,208;4180,880;390,1968;10,0000
sps4ext_199911_012;0,31;192,515;24114,676;2250,6960;6,4516
sps4ext_199911_012;0,31;185,778;24766,699;2311,5456;6,4516
sps4ext_199911_012;0,29;233,361;25929,972;2420,1072;6,8965
sps4ext_199911_012;0,23;369,147;30942,825;2887,9872;8,6956
sps4ext_199911_013;0,29;23,946;3028,428;282,6432;6,8965
sps4ext_199911_013;0,23;420,687;31750,311;2963,3520;8,6956
sps4ext_199911_013;0,23;475,149;32670,855;3049,2672;8,6956
sps4ext_199911_013;0,22;476,349;33846,554;3159,0048;9,0909
sps4ext_199911_013;0,26;330,089;28999,066;2706,5472;7,6923
sps4ext_199911_013;0,25;319,692;26966,025;2516,8080;8,0000
sps4ext_199911_013;0,28;307,039;26099,050;2435,8992;7,1428
sps4ext_199911_013;0,30;233,593;25547,471;2384,4240;6,6666
sps4ext_199911_013;0,32;169,440;23041,015;2150,4672;6,2500
sps4ext_199911_013;0,26;321,038;29253,765;2730,3360;7,6923
sps4ext_199911_013;0,29;254,921;25959,759;2422,8960;6,8965
sps4ext_199911_014;0,25;382,387;30324,959;2830,2960;8,0000
sps4ext_199911_014;0,26;313,040;27863,381;2600,5728;7,6923
sps4ext_199911_014;0,28;263,323;26300,968;2454,7488;7,1428
sps4ext_199911_014;0,29;227,281;23563,673;2199,2544;6,8965
sps4ext_199911_014;0,30;212,045;25149,298;2347,2624;6,6666
sps4ext_199911_014;0,22;517,215;33811,416;3155,7120;9,0909
sps4ext_199911_014;0,20;687,993;37879,074;3535,3584;10,0000
sps4ext_199911_014;0,24;378,033;30540,973;2850,4896;8,3333
sps4ext_199911_014;0,26;32,763;3263,393;304,5504;7,6923
sps4ext_199911_014;0,24;384,394;30415,243;2838,7296;8,3333
sps4ext_199911_014;0,26;356,501;28772,259;2685,3792;7,6923
sps4ext_199911_015;0,30;202,143;24766,129;2311,4784;6,6666
sps4ext_199911_015;0,22;413,300;33024,027;3082,2288;9,0909
sps4ext_199911_015;0,27;281,302;27410,865;2558,3376;7,4074
sps4ext_199911_015;0,27;275,462;27783,463;2593,1136;7,4074
sps4ext_199911_015;0,32;17,359;2796,487;261,0048;6,2500
sps4ext_199911_015;0,23;500,515;32785,441;3059,9520;8,6956
sps4ext_199911_015;0,28;257,407;26746,243;2496,3120;7,1428
sps4ext_199911_015;0,32;157,558;23489,692;2192,3664;6,2500
sps4ext_199911_015;0,29;200,157;24788,732;2313,5952;6,8965
sps4ext_199911_015;0,30;189,934;22996,945;2146,3680;6,6666
sps4ext_199911_015;0,24;386,857;30132,586;2812,3536;8,3333
sps4ext_199911_016;0,29;208,293;25316,740;2362,8864;6,8965
sps4ext_199911_016;0,24;409,604;31578,127;2947,2912;8,3333
sps4ext_199911_016;0,24;416,333;31313,337;2922,5616;8,3333
sps4ext_199911_016;0,30;203,970;24204,187;2259,0288;6,6666
sps4ext_199911_016;0,25;306,873;26910,730;2511,6672;8,0000
sps4ext_199911_016;0,30;20,603;2874,901;268,2960;6,6666
sps4ext_199911_016;0,27;275,794;27540,390;2570,4336;7,4074
sps4ext_199911_016;0,23;478,506;31829,747;2970,7440;8,6956
sps4ext_199911_016;0,26;365,119;28890,294;2696,4000;7,6923
sps4ext_199911_016;0,26;315,239;28284,159;2639,8512;7,6923
sps4ext_199911_016;0,30;217,468;24944,731;2328,1440;6,6666
sps4ext_199911_017;0,28;248,199;25574,051;2386,9104;7,1428
sps4ext_199911_017;0,30;183,740;22588,578;2108,2656;6,6666
sps4ext_199911_017;0,24;379,766;30831,953;2877,6384;8,3333
sps4ext_199911_017;0,31;172,812;24264,769;2264,7072;6,4516
sps4ext_199911_017;0,32;157,317;22912,148;2138,4384;6,2500
sps4ext_199911_017;0,25;345,328;29666,491;2768,8416;8,0000
sps4ext_199911_017;0,27;29,900;3272,447;305,4240;7,4074
sps4ext_199911_017;0,28;279,062;27097,196;2529,0384;7,1428
sps4ext_199911_017;0,23;409,245;31969,781;2983,8144;8,6956
sps4ext_199911_017;0,27;305,977;27681,219;2583,5712;7,4074
sps4ext_199911_017;0,24;345,907;31274,533;2918,9328;8,3333
sps4ext_199911_018;0,26;33,186;3268,347;305,0208;7,6923
sps4ext_199911_018;0,23;503,102;32999,723;3079,9440;8,6956
sps4ext_199911_018;0,31;194,691;24341,923;2271,8976;6,4516
sps4ext_199911_018;0,23;433,426;31490,933;2939,1264;8,6956
sps4ext_199911_018;0,24;338,240;30241,451;2822,5344;8,3333
sps4ext_199911_018;0,25;364,436;30527,833;2849,2464;8,0000
sps4ext_199911_018;0,25;344,298;29387,829;2742,8352;8,0000
sps4ext_199911_018;0,24;432,635;31606,113;2949,8784;8,3333
sps4ext_199911_018;0,29;210,236;25748,999;2403,2064;6,8965
sps4ext_199911_018;0,25;330,620;27467,401;2563,6128;8,0000
sps4ext_199911_018;0,28;273,507;27098,729;2529,2064;7,1428
sps4ext_199911_019;0,29;238,252;25576,302;2387,1120;6,8965
sps4ext_199911_019;0,30;210,757;25155,192;2347,8000;6,6666
sps4ext_199911_019;0,31;154,531;21941,628;2047,8528;6,4516
sps4ext_199911_019;0,29;256,793;25848,644;2412,5136;6,8965
sps4ext_199911_019;0,26;305,485;28052,557;2618,2128;7,6923
sps4ext_199911_019;0,29;213,585;25707,219;2399,3088;6,8965
sps4ext_199911_019;0,29;218,718;24777,369;2312,5536;6,8965
sps4ext_199911_019;0,22;540,284;33826,702;3157,1568;9,0909
sps4ext_199911_019;0,33;15,407;2720,668;253,9152;6,0606
sps4ext_199911_019;0,25;399,378;30312,562;2829,1536;8,0000
sps4ext_199911_019;0,25;367,974;29189,279;2724,3216;8,0000
sps4ext_199911_020;0,26;368,445;29373,724;2741,5248;7,6923
sps4ext_199911_020;0,31;181,071;23987,849;2238,8352;6,4516
sps4ext_199911_020;0,29;239,042;25964,711;2423,3664;6,8965
sps4ext_199911_020;0,31;156,486;21794,889;2034,1776;6,4516
sps4ext_199911_020;0,32;15,869;2796,340;260,9712;6,2500
sps4ext_199911_020;0,25;323,403;29109,417;2716,8624;8,0000
sps4ext_199911_020;0,25;355,670;29032,264;2709,6720;8,0000
sps4ext_199911_020;0,23;465,234;33306,610;3108,6048;8,6956
sps4ext_199911_020;0,29;217,234;25821,253;2409,9600;6,8965
sps4ext_199911_020;0,28;264,011;26339,159;2458,3104;7,1428
sps4ext_199911_020;0,25;403,450;30385,253;2835,9408;8,0000
sps4ext_200011_001;0,30;22,932;2957,579;276,0240;6,6666
sps4ext_200011_001;0,29;236,943;25965,018;2423,4000;6,8965
sps4ext_200011_001;0,27;249,814;24652,215;2300,8608;7,4074
sps4ext_200011_001;0,23;457,279;32115,772;2997,4560;8,6956
sps4ext_200011_001;0,30;208,434;25473,149;2377,4688;6,6666
sps4ext_200011_001;0,31;187,111;24281,533;2266,2528;6,4516
sps4ext_200011_001;0,25;337,727;28801,616;2688,1344;8,0000
sps4ext_200011_001;0,24;370,978;30839,226;2878,3104;8,3333
sps4ext_200011_001;0,30;205,512;24460,808;2282,9856;6,6666
sps4ext_200011_001;0,23;469,494;32305,097;3015,1296;8,6956
sps4ext_200011_001;0,31;174,331;24227,811;2261,2464;6,4516
sps4ext_200011_002;0,31;181,293;24550,761;2291,3856;6,4516
sps4ext_200011_002;0,29;217,860;23536,014;2196,6672;6,8965
sps4ext_200011_002;0,24;362,156;30896,263;2883,6192;8,3333
sps4ext_200011_002;0,29;266,922;26342,183;2458,5792;6,8965
sps4ext_200011_002;0,24;398,018;30296,978;2827,7088;8,3333
sps4ext_200011_002;0,31;16,520;2847,914;265,7760;6,4516
sps4ext_200011_002;0,29;235,802;26136,145;2439,3600;6,8965
sps4ext_200011_002;0,31;186,049;24550,350;2291,3520;6,4516
sps4ext_200011_002;0,24;428,758;29962,683;2796,4944;8,3333
sps4ext_200011_002;0,25;329,213;28831,910;2690,9568;8,0000
sps4ext_200011_002;0,23;410,721;32012,815;2987,8464;8,6956
sps4ext_200011_003;0,23;452,530;31552,868;2944,9056;8,6956
sps4ext_200011_003;0,26;352,260;29118,813;2717,7360;7,6923
sps4ext_200011_003;0,32;16,794;2817,908;262,9872;6,2500
sps4ext_200011_003;0,29;235,656;25321,747;2363,3568;6,8965
sps4ext_200011_003;0,30;200,546;24207,910;2259,3984;6,6666
sps4ext_200011_003;0,24;393,704;30831,757;2877,6048;8,3333
sps4ext_200011_003;0,27;314,003;27976,549;2611,1232;7,4074
sps4ext_200011_003;0,25;370,544;30170,627;2815,9152;8,0000
sps4ext_200011_003;0,27;278,976;25248,491;2356,5024;7,4074
sps4ext_200011_003;0,31;185,749;24127,062;2251,8384;6,4516
sps4ext_200011_003;0,26;357,892;28462,174;2656,4496;7,6923
sps4ext_200011_004;0,31;176,240;23608,782;2203,4544;6,4516
sps4ext_200011_004;0,31;16,983;2824,883;263,6256;6,4516
sps4ext_200011_004;0,28;261,258;26608,772;2483,4768;7,1428
sps4ext_200011_004;0,31;165,173;24190,750;2257,7856;6,4516
sps4ext_200011_004;0,27;275,137;26745,851;2496,2784;7,4074
sps4ext_200011_004;0,29;254,319;26072,074;2433,3792;6,8965
sps4ext_200011_004;0,28;304,606;27019,218;2521,7808;7,1428
sps4ext_200011_004;0,25;346,490;29816,739;2782,8864;8,0000
sps4ext_200011_004;0,25;379,920;29591,218;2761,8192;8,0000
sps4ext_200011_004;0,28;223,613;23861,227;2227,0416;7,1428
sps4ext_200011_004;0,30;212,663;24973,746;2330,8656;6,6666
sps4ext_200011_005;0,27;298,667;27370,874;2554,6080;7,4074
sps4ext_200011_005;0,23;432,349;32328,398;3017,3136;8,6956
sps4ext_200011_005;0,28;237,331;26608,323;2483,4432;7,1428
sps4ext_200011_005;0,25;348,784;29608,973;2763,4992;8,0000
sps4ext_200011_005;0,23;458,019;31975,876;2984,3856;8,6956
sps4ext_200011_005;0,30;201,169;22816,357;2129,5008;6,6666
sps4ext_200011_005;0,30;210,235;25206,963;2352,6384;6,6666
sps4ext_200011_005;0,30;213,328;24906,553;2324,5824;6,6666
sps4ext_200011_005;0,25;369,069;29225,125;2727,6480;8,0000
sps4ext_200011_005;0,28;258,868;25975,321;2424,3408;7,1428
sps4ext_200011_005;0,26;28,597;3235,094;301,9296;7,6923
sps4ext_200011_006;0,29;225,023;25723,801;2400,8880;6,8965
sps4ext_200011_006;0,31;171,698;23670,038;2209,2000;6,4516
sps4ext_200011_006;0,27;279,946;26988,380;2518,8912;7,4074
sps4ext_200011_006;0,24;426,004;30742,724;2869,3056;8,3333
sps4ext_200011_006;0,25;361,163;29449,675;2748,6144;8,0000
sps4ext_200011_006;0,31;22,180;2885,725;269,3040;6,4516
sps4ext_200011_006;0,22;454,628;33622,441;3138,0720;9,0909
sps4ext_200011_006;0,22;462,974;32259,633;3010,8960;9,0909
sps4ext_200011_006;0,23;412,258;33134,790;3092,5776;8,6956
sps4ext_200011_006;0,26;289,738;25928,867;2420,0064;7,6923
sps4ext_200011_006;0,25;365,454;29457,402;2749,3536;8,0000
sps4ext_200011_007;0,26;339,977;27792,740;2593,9872;7,6923
sps4ext_200011_007;0,27;280,910;26575,716;2480,3856;7,4074
sps4ext_200011_007;0,27;318,515;27987,950;2612,1984;7,4074
sps4ext_200011_007;0,29;229,947;26011,916;2427,7680;6,8965
sps4ext_200011_007;0,30;191,441;24777,146;2312,5200;6,6666
sps4ext_200011_007;0,28;256,586;26677,061;2489,8272;7,1428
sps4ext_200011_007;0,29;228,601;25675,587;2396,3856;6,8965
sps4ext_200011_007;0,26;281,129;25949,916;2421,9888;7,6923
sps4ext_200011_007;0,24;369,920;30046,957;2804,3568;8,3333
sps4ext_200011_007;0,27;28,791;3191,498;297,8640;7,4074
sps4ext_200011_007;0,29;222,612;25628,745;2391,9840;6,8965
sps4ext_200011_008;0,30;209,995;24923,807;2326,1952;6,6666
sps4ext_200011_008;0,23;492,910;33177,212;3096,5088;8,6956
sps4ext_200011_008;0,28;254,734;26514,526;2474,6736;7,1428
sps4ext_200011_008;0,31;189,555;23643,565;2206,7136;6,4516
sps4ext_200011_008;0,30;185,179;22452,812;2095,5648;6,6666
sps4ext_200011_008;0,27;308,854;27858,662;2600,1360;7,4074
sps4ext_200011_008;0,24;38,308;3635,221;339,2592;8,3333
sps4ext_200011_008;0,29;245,965;25385,511;2369,3040;6,8965
sps4ext_200011_008;0,24;384,558;31220,624;2913,8928;8,3333
sps4ext_200011_008;0,26;322,731;28918,054;2698,9872;7,6923
sps4ext_200011_008;0,24;344,033;30790,570;2873,7744;8,3333
sps4ext_200011_009;0,27;282,668;26737,470;2495,4720;7,4074
sps4ext_200011_009;0,27;303,573;27119,482;2531,1216;7,4074
sps4ext_200011_009;0,25;381,608;29679,359;2770,0512;8,0000
sps4ext_200011_009;0,26;358,545;28458,658;2656,1136;7,6923
sps4ext_200011_009;0,26;308,497;27475,466;2564,3520;7,6923
sps4ext_200011_009;0,24;398,655;30663,103;2861,8800;8,3333
sps4ext_200011_009;0,31;156,612;21663,553;2021,9136;6,4516
sps4ext_200011_009;0,29;222,392;25802,779;2408,2464;6,8965
sps4ext_200011_009;0,30;215,310;24944,354;2328,1104;6,6666
sps4ext_200011_009;0,23;431,021;31884,836;2975,8848;8,6956
sps4ext_200011_009;0,29;22,695;3050,351;284,6928;6,8965
sps4ext_200011_010;0,26;316,060;29038,014;2710,2096;7,6923
sps4ext_200011_010;0,27;261,427;25166,791;2348,8752;7,4074
sps4ext_200011_010;0,29;217,835;24828,043;2317,2576;6,8965
sps4ext_200011_010;0,29;254,999;26259,647;2450,8848;6,8965
sps4ext_200011_010;0,28;258,025;26978,986;2518,0176;7,1428
sps4ext_200011_010;0,29;22,718;3019,329;281,8032;6,8965
sps4ext_200011_010;0,31;181,589;23442,713;2187,9648;6,4516
sps4ext_200011_010;0,28;256,124;26490,908;2472,4560;7,1428
sps4ext_200011_010;0,30;189,132;23984,268;2238,4992;6,6666
sps4ext_200011_010;0,24;408,076;31709,256;2959,5216;8,3333
sps4ext_200011_010;0,32;159,415;23584,015;2201,1696;6,2500
sps4ext_200011_011;0,27;271,666;26392,552;2463,2832;7,4074
sps4ext_200011_011;0,25;377,315;29709,343;2772,8400;8,0000
sps4ext_200011_011;0,23;429,178;32484,400;3031,8624;8,6956
sps4ext_200011_011;0,26;270,445;25873,570;2414,8656;7,6923
sps4ext_200011_011;0,31;19,296;2864,425;267,3216;6,4516
sps4ext_200011_011;0,23;438,332;32457,275;3029,3424;8,6956
sps4ext_200011_011;0,23;456,809;32551,260;3038,1120;8,6956
sps4ext_200011_011;0,25;350,015;29566,753;2759,5344;8,0000
sps4ext_200011_011;0,23;437,763;31815,952;2969,4672;8,6956
sps4ext_200011_011;0,29;231,715;25169,622;2349,1440;6,8965
sps4ext_200011_011;0,24;383,889;29758,960;2777,4768;8,3333
sps4ext_200011_012;0,24;435,109;30675,200;2862,9888;8,3333
sps4ext_200011_012;0,30;193,406;24150,887;2254,0560;6,6666
sps4ext_200011_012;0,26;327,981;28975,602;2704,3632;7,6923
sps4ext_200011_012;0,29;229,699;26148,556;2440,5024;6,8965
sps4ext_200011_012;0,28;293,056;27075,264;2527,0224;7,1428
sps4ext_200011_012;0,31;19,556;2864,729;267,3552;6,4516
sps4ext_200011_012;0,30;223,043;24628,752;2298,6768;6,6666
sps4ext_200011_012;0,30;201,792;25258,471;2357,4432;6,6666
sps4ext_200011_012;0,23;422,675;32493,771;3032,7360;8,6956
sps4ext_200011_012;0,29;202,995;23763,018;2217,8688;6,8965
sps4ext_200011_012;0,29;224,382;25934,996;2420,5776;6,8965
sps4ext_200011_013;0,27;299,172;27369,515;2554,4736;7,4074
sps4ext_200011_013;0,26;292,329;26267,850;2451,6576;7,6923
sps4ext_200011_013;0,29;237,420;24888,922;2322,9360;6,8965
sps4ext_200011_013;0,29;240,382;26190,378;2444,4336;6,8965
sps4ext_200011_013;0,25;35,690;3363,352;313,8912;8,0000
sps4ext_200011_013;0,31;197,507;24528,948;2289,3360;6,4516
sps4ext_200011_013;0,23;463,176;31748,858;2963,2176;8,6956
sps4ext_200011_013;0,24;373,733;29785,916;2779,9968;8,3333
sps4ext_200011_013;0,30;224,641;25289,109;2360,2992;6,6666
sps4ext_200011_013;0,23;401,987;32087,463;2994,8016;8,6956
sps4ext_200011_013;0,30;213,962;25094,982;2342,1888;6,6666
sps4ext_200011_014;0,25;391,292;29436,452;2747,3712;8,0000
sps4ext_200011_014;0,24;399,755;30259,510;2824,2144;8,3333
sps4ext_200011_014;0,23;422,771;33331,088;3110,8896;8,6956
sps4ext_200011_014;0,28;260,604;25826,337;2410,4304;7,1428
sps4ext_200011_014;0,28;251,248;26738,594;2495,5728;7,1428
sps4ext_200011_014;0,26;287,037;26151,029;2440,7376;7,6923
sps4ext_200011_014;0,30;198,723;25002,201;2333,5200;6,6666
sps4ext_200011_014;0,25;43,249;3386,959;316,1088;8,0000
sps4ext_200011_014;0,30;208,021;25005,054;2333,7888;6,6666
sps4ext_200011_014;0,30;199,674;24760,050;2310,9072;6,6666
sps4ext_200011_014;0,25;364,443;29455,642;2749,1856;8,0000
sps4ext_200011_015;0,26;328,989;28800,003;2688,0000;7,6923
sps4ext_200011_015;0,30;215,027;24519,805;2288,4960;6,6666
sps4ext_200011_015;0,27;284,728;27515,005;2568,0480;7,4074
sps4ext_200011_015;0,30;178,177;22594,249;2108,7696;6,6666
sps4ext_200011_015;0,31;17,431;2881,990;268,9680;6,4516
sps4ext_200011_015;0,20;566,001;36271,107;3385,3008;10,0000
sps4ext_200011_015;0,25;352,509;29025,843;2709,0672;8,0000
sps4ext_200011_015;0,25;347,649;29511,437;2754,3936;8,0000
sps4ext_200011_015;0,27;294,477;28003,845;2613,6768;7,4074
sps4ext_200011_015;0,25;329,094;29710,450;2772,9744;8,0000
sps4ext_200011_015;0,24;411,839;31484,568;2938,5552;8,3333
sps4ext_200011_017;0,23;428,842;31102,290;2902,8720;8,6956
sps4ext_200011_017;0,31;173,900;23802,190;2221,5312;6,4516
sps4ext_200011_017;0,29;25,394;3007,347;280,6608;6,8965
sps4ext_200011_017;0,27;278,262;26639,986;2486,3664;7,4074
sps4ext_200011_017;0,24;368,442;28537,787;2663,5056;8,3333
sps4ext_200011_017;0,30;213,419;25308,058;2362,0800;6,6666
sps4ext_200011_017;0,31;171,428;23969,833;2237,1552;6,4516
sps4ext_200011_017;0,26;324,593;29663,183;2768,5392;7,6923
sps4ext_200011_017;0,30;187,986;25127,986;2345,2464;6,6666
sps4ext_200011_017;0,25;338,675;29436,132;2747,3712;8,0000
sps4ext_200011_017;0,27;291,482;27686,277;2584,0416;7,4074
sps4ext_200011_018;0,29;206,671;24662,426;2301,8016;6,8965
sps4ext_200011_018;0,29;255,795;26027,673;2429,2464;6,8965
sps4ext_200011_018;0,25;358,487;29851,162;2786,0784;8,0000
sps4ext_200011_018;0,26;333,730;27973,682;2610,8544;7,6923
sps4ext_200011_018;0,24;368,531;28482,361;2658,3312;8,3333
sps4ext_200011_018;0,28;302,645;27050,687;2524,7040;7,1428
sps4ext_200011_018;0,28;28,193;3077,725;287,2464;7,1428
sps4ext_200011_018;0,31;172,075;23956,065;2235,8784;6,4516
sps4ext_200011_018;0,29;235,898;25932,851;2420,3760;6,8965
sps4ext_200011_018;0,29;227,145;25680,391;2396,8224;6,8965
sps4ext_200011_018;0,31;188,787;23823,334;2223,4800;6,4516
sps4ext_200011_019;0,28;252,739;24415,500;2278,7520;7,1428
sps4ext_200011_019;0,20;562,986;36796,869;3434,3568;10,0000
sps4ext_200011_019;0,28;255,454;26003,392;2426,9616;7,1428
sps4ext_200011_019;0,30;211,399;23916,312;2232,1824;6,6666
sps4ext_200011_019;0,25;362,303;29975,325;2797,6704;8,0000
sps4ext_200011_019;0,29;218,102;25586,090;2388,0192;6,8965
sps4ext_200011_019;0,31;17,570;2833,621;264,4656;6,4516
sps4ext_200011_019;0,30;192,225;24788,358;2313,5616;6,6666
sps4ext_200011_019;0,21;512,710;35155,817;3281,2080;9,5238
sps4ext_200011_019;0,27;297,409;28190,720;2631,1152;7,4074
sps4ext_200011_019;0,25;334,095;28546,198;2664,2784;8,0000
sps4ext_200011_020;0,30;22,133;2962,235;276,4608;6,6666
sps4ext_200011_020;0,26;301,201;28573,134;2666,7984;7,6923
sps4ext_200011_020;0,25;329,532;27501,567;2566,8048;8,0000
sps4ext_200011_020;0,25;335,245;28905,925;2697,8784;8,0000
sps4ext_200011_020;0,32;160,474;22846,311;2132,2896;6,2500
sps4ext_200011_020;0,27;269,083;26709,272;2492,8512;7,4074
sps4ext_200011_020;0,20;651,674;37556,085;3505,2192;10,0000
sps4ext_200011_020;0,32;160,957;23530,772;2196,1968;6,2500
sps4ext_200011_020;0,23;481,917;32976,249;3077,7600;8,6956
sps4ext_200011_020;0,25;359,062;30266,926;2824,8864;8,0000
sps4ext_200011_020;0,24;410,832;31803,115;2968,2576;8,3333
sps4ext_200111_001;0,20;55,467;4089,987;381,7296;10,0000
sps4ext_200111_001;0,29;239,460;25728,073;2401,2576;6,8965
sps4ext_200111_001;0,30;216,163;24968,497;2330,3616;6,6666
sps4ext_200111_001;0,27;268,722;26370,246;2461,2000;7,4074
sps4ext_200111_001;0,31;172,145;24003,123;2240,2800;6,4516
sps4ext_200111_001;0,21;557,428;36085,224;3367,9296;9,5238
sps4ext_200111_001;0,28;239,451;26262,700;2451,1536;7,1428
sps4ext_200111_001;0,30;212,828;24234,667;2261,8848;6,6666
sps4ext_200111_001;0,26;335,458;29247,652;2729,7648;7,6923
sps4ext_200111_001;0,23;410,454;29441,888;2747,9088;8,6956
sps4ext_200111_001;0,27;277,166;27979,381;2611,3920;7,4074
sps4ext_200111_002;0,23;522,547;31586,189;2948,0304;8,6956
sps4ext_200111_002;0,25;250,314;29964,343;2796,6624;8,0000
sps4ext_200111_002;0,24;413,076;31472,173;2937,3792;8,3333
sps4ext_200111_002;0,30;188,635;24162,517;2255,1648;6,6666
sps4ext_200111_002;0,27;333,194;28214,005;2633,2992;7,4074
sps4ext_200111_002;0,29;236,387;25691,190;2397,8304;6,8965
sps4ext_200111_002;0,24;390,914;29879,559;2788,7328;8,3333
sps4ext_200111_002;0,21;507,256;35266,705;3291,5568;9,5238
sps4ext_200111_002;0,29;252,080;26277,850;2452,5984;6,8965
sps4ext_200111_002;0,26;37,475;3706,957;345,9792;7,6923
sps4ext_200111_002;0,24;375,595;28389,318;2649,6624;8,3333
sps4ext_200111_003;0,24;441,553;31282,765;2919,7056;8,3333
sps4ext_200111_003;0,30;204,549;24991,617;2332,5456;6,6666
sps4ext_200111_003;0,30;200,441;22931,250;2140,2192;6,6666
sps4ext_200111_003;0,22;469,885;33855,512;3159,8448;9,0909
sps4ext_200111_003;0,23;312,880;32473,126;3030,8208;8,6956
sps4ext_200111_003;0,22;532,832;33528,302;3129,3024;9,0909
sps4ext_200111_003;0,33;15,096;2843,808;265,4064;6,0606
sps4ext_200111_003;0,26;297,478;28015,347;2614,7520;7,6923
sps4ext_200111_003;0,27;296,749;28015,927;2614,8192;7,4074
sps4ext_200111_003;0,23;408,320;31627,092;2951,8608;8,6956
sps4ext_200111_003;0,25;344,568;30485,294;2845,2816;8,0000
sps4ext_200111_004;0,23;477,352;32096,590;2995,6752;8,6956
sps4ext_200111_004;0,24;39,069;3878,912;362,0064;8,3333
sps4ext_200111_004;0,30;192,486;24076,576;2247,1344;6,6666
sps4ext_200111_004;0,26;333,292;28186,852;2630,7456;7,6923
sps4ext_200111_004;0,29;234,626;25563,072;2385,8688;6,8965
sps4ext_200111_004;0,24;420,214;30617,789;2857,6464;8,3333
sps4ext_200111_004;0,31;173,851;24057,196;2245,3200;6,4516
sps4ext_200111_004;0,28;259,923;26806,197;2501,8896;7,1428
sps4ext_200111_004;0,27;250,709;25083,588;2341,1136;7,4074
sps4ext_200111_004;0,30;210,363;25343,630;2365,3728;6,6666
sps4ext_200111_004;0,24;400,257;30555,716;2851,8336;8,3333
sps4ext_200111_005;0,24;436,841;31389,042;2929,6176;8,3333
sps4ext_200111_005;0,21;586,861;36132,090;3372,2976;9,5238
sps4ext_200111_005;0,27;299,026;27422,943;2559,4464;7,4074
sps4ext_200111_005;0,28;279,385;27019,567;2521,8144;7,1428
sps4ext_200111_005;0,32;146,919;21558,186;2012,0688;6,2500
sps4ext_200111_005;0,24;434,722;29940,873;2794,4784;8,3333
sps4ext_200111_005;0,24;396,881;30482,255;2844,9792;8,3333
sps4ext_200111_005;0,25;36,806;3513,579;327,9024;8,0000
sps4ext_200111_005;0,30;203,612;25152,854;2347,5984;6,6666
sps4ext_200111_005;0,25;345,955;28893,685;2696,7360;8,0000
sps4ext_200111_005;0,24;413,214;30608,689;2856,8064;8,3333
sps4ext_200111_006;0,26;307,865;29037,980;2710,2096;7,6923
sps4ext_200111_006;0,31;189,242;24372,986;2274,7872;6,4516
sps4ext_200111_006;0,28;263,192;25672,713;2396,1168;7,1428
sps4ext_200111_006;0,31;170,279;23403,674;2184,3360;6,4516
sps4ext_200111_006;0,28;241,392;25651,952;2394,1680;7,1428
sps4ext_200111_006;0,25;349,241;29750,408;2776,7040;8,0000
sps4ext_200111_006;0,23;40,989;3659,031;341,4768;8,6956
sps4ext_200111_006;0,24;362,572;28615,883;2670,7968;8,3333
sps4ext_200111_006;0,26;339,048;28314,615;2642,6736;7,6923
sps4ext_200111_006;0,26;358,817;29049,368;2711,2512;7,6923
sps4ext_200111_006;0,28;259,508;26741,632;2495,8752;7,1428
sps4ext_200111_007;0,24;396,013;30843,582;2878,7136;8,3333
sps4ext_200111_007;0,27;26,410;3394,360;316,7808;7,4074
sps4ext_200111_007;0,27;278,649;27276,590;2545,8048;7,4074
sps4ext_200111_007;0,31;191,168;23790,036;2220,3888;6,4516
sps4ext_200111_007;0,30;205,263;24422,535;2279,4240;6,6666
sps4ext_200111_007;0,30;201,519;24893,865;2323,4064;6,6666
sps4ext_200111_007;0,28;251,184;27057,998;2525,4096;7,1428
sps4ext_200111_007;0,23;425,753;31886,934;2976,0864;8,6956
sps4ext_200111_007;0,20;630,676;36279,764;3386,1072;10,0000
sps4ext_200111_007;0,24;353,198;30533,412;2849,7840;8,3333
sps4ext_200111_007;0,30;199,858;22723,087;2120,7984;6,6666
sps4ext_200111_008;0,32;158,189;23041,600;2150,5344;6,2500
sps4ext_200111_008;0,22;493,472;34262,528;3197,8128;9,0909
sps4ext_200111_008;0,26;361,081;28569,384;2666,4624;7,6923
sps4ext_200111_008;0,26;321,209;28171,285;2629,3008;7,6923
sps4ext_200111_008;0,27;275,619;27505,734;2567,1744;7,4074
sps4ext_200111_008;0,21;506,717;34797,537;3247,7424;9,5238
sps4ext_200111_008;0,23;516,746;33078,079;3087,2688;8,6956
sps4ext_200111_008;0,26;322,339;26353,012;2459,5872;7,6923
sps4ext_200111_008;0,25;373,236;30377,475;2835,2016;8,0000
sps4ext_200111_008;0,25;382,035;29925,565;2793,0336;8,0000
sps4ext_200111_008;0,30;19,424;2892,983;270,0096;6,6666
sps4ext_200111_010;0,22;498,096;33845,566;3158,9040;9,0909
sps4ext_200111_010;0,24;339,597;28408,178;2651,4096;8,3333
sps4ext_200111_010;0,31;19,916;2868,050;267,6576;6,4516
sps4ext_200111_010;0,25;348,114;29479,364;2751,4032;8,0000
sps4ext_200111_010;0,25;331,479;30593,828;2855,3952;8,0000
sps4ext_200111_010;0,28;263,240;26935,552;2513,9520;7,1428
sps4ext_200111_010;0,26;352,579;27488,616;2565,5952;7,6923
sps4ext_200111_010;0,28;252,749;26395,185;2463,5184;7,1428
sps4ext_200111_010;0,25;362,674;30455,144;2842,4592;8,0000
sps4ext_200111_010;0,30;207,560;24678,585;2303,3136;6,6666
sps4ext_200111_010;0,27;294,771;26841,237;2505,1488;7,4074
sps4ext_200111_011;0,28;278,728;26520,118;2475,1776;7,1428
sps4ext_200111_011;0,31;17,932;2906,676;271,2864;6,4516
sps4ext_200111_011;0,23;450,281;31825,063;2970,3072;8,6956
sps4ext_200111_011;0,26;335,300;28893,854;2696,7360;7,6923
sps4ext_200111_011;0,30;204,230;25492,479;2379,2832;6,6666
sps4ext_200111_011;0,28;245,297;25947,680;2421,7536;7,1428
sps4ext_200111_011;0,23;436,551;31214,782;2913,3552;8,6956
sps4ext_200111_011;0,21;514,954;34374,959;3208,2960;9,5238
sps4ext_200111_011;0,25;335,815;27204,077;2539,0176;8,0000
sps4ext_200111_011;0,27;269,453;27286,796;2546,7456;7,4074
sps4ext_200111_011;0,27;340,295;27379,233;2555,3808;7,4074
sps4ext_200111_012;0,21;574,619;35908,539;3351,4320;9,5238
sps4ext_200111_012;0,28;258,489;27065,993;2526,1488;7,1428
sps4ext_200111_012;0,23;454,440;32501,897;3033,5088;8,6956
sps4ext_200111_012;0,24;394,235;30184,047;2817,1584;8,3333
sps4ext_200111_012;0,22;512,722;32214,709;3006,6960;9,0909
sps4ext_200111_012;0,23;45,352;3729,372;348,0624;8,6956
sps4ext_200111_012;0,29;227,541;25619,022;2391,0768;6,8965
sps4ext_200111_012;0,24;397,327;30703,371;2865,6432;8,3333
sps4ext_200111_012;0,31;170,130;23369,078;2181,1104;6,4516
sps4ext_200111_012;0,31;163,257;24073,003;2246,7984;6,4516
sps4ext_200111_012;0,30;214,123;23005,810;2147,2080;6,6666
sps4ext_200111_013;0,25;324,000;29965,977;2796,7968;8,0000
sps4ext_200111_013;0,20;580,636;36547,483;3411,0720;10,0000
sps4ext_200111_013;0,31;157,706;21684,234;2023,8288;6,4516
sps4ext_200111_013;0,26;320,609;27433,436;2560,4208;7,6923
sps4ext_200111_013;0,24;396,916;30625,232;2858,3520;8,3333
sps4ext_200111_013;0,27;316,104;28213,193;2633,1984;7,4074
sps4ext_200111_013;0,28;246,560;25851,894;2412,8160;7,1428
sps4ext_200111_013;0,23;439,834;33213,124;3099,8688;8,6956
sps4ext_200111_013;0,23;412,277;31860,361;2973,6336;8,6956
sps4ext_200111_013;0,26;312,839;28800,118;2688,0000;7,6923
sps4ext_200111_013;0,32;13,842;2842,255;265,2720;6,2500
sps4ext_200111_014;0,26;294,144;28504,242;2660,3808;7,6923
sps4ext_200111_014;0,28;23,080;3179,429;296,7216;7,1428
sps4ext_200111_014;0,21;566,150;35864,925;3347,3664;9,5238
sps4ext_200111_014;0,27;276,073;26957,151;2515,9680;7,4074
sps4ext_200111_014;0,25;351,125;28722,651;2680,7760;8,0000
sps4ext_200111_014;0,26;333,649;28195,230;2631,5520;7,6923
sps4ext_200111_014;0,25;344,619;27302,791;2548,2576;8,0000
sps4ext_200111_014;0,20;573,869;38135,629;3559,3152;10,0000
sps4ext_200111_014;0,24;426,905;31506,923;2940,6384;8,3333
sps4ext_200111_014;0,31;179,201;24382,471;2275,6944;6,4516
sps4ext_200111_014;0,23;448,566;32354,295;3019,7328;8,6956
sps4ext_200111_015;0,28;224,834;24320,420;2269,8816;7,1428
sps4ext_200111_015;0,24;404,179;31170,259;2909,2224;8,3333
sps4ext_200111_015;0,28;274,807;26278,099;2452,5984;7,1428
sps4ext_200111_015;0,24;396,587;30559,777;2852,2368;8,3333
sps4ext_200111_015;0,21;611,507;35257,126;3290,6496;9,5238
sps4ext_200111_015;0,24;416,947;31260,095;2917,5888;8,3333
sps4ext_200111_015;0,31;19,002;2874,713;268,2960;6,4516
sps4ext_200111_015;0,31;162,044;24101,087;2249,4192;6,4516
sps4ext_200111_015;0,27;337,606;27501,893;2566,8384;7,4074
sps4ext_200111_015;0,25;354,027;28850,614;2692,7040;8,0000
sps4ext_200111_015;0,28;248,187;26531,819;2476,2864;7,1428
sps4ext_200111_016;0,29;214,600;25701,576;2398,8048;6,8965
sps4ext_200111_016;0,27;279,704;27329,893;2550,7776;7,4074
sps4ext_200111_016;0,27;290,628;26686,731;2490,7344;7,4074
sps4ext_200111_016;0,27;266,143;25365,430;2367,4224;7,4074
sps4ext_200111_016;0,22;49,399;3796,923;354,3792;9,0909
sps4ext_200111_016;0,23;440,357;31518,171;2941,6800;8,6956
sps4ext_200111_016;0,28;267,968;27299,291;2547,9216;7,1428
sps4ext_200111_016;0,21;564,436;36051,907;3364,8384;9,5238
sps4ext_200111_016;0,25;357,637;28492,163;2659,2384;8,0000
sps4ext_200111_016;0,29;221,403;25598,747;2389,1952;6,8965
sps4ext_200111_016;0,26;337,021;28811,408;2689,0416;7,6923
sps4ext_200111_017;0,24;35,793;3531,910;329,6160;8,3333
sps4ext_200111_017;0,29;229,892;26346,962;2459,0496;6,8965
sps4ext_200111_017;0,28;283,532;26311,833;2455,7568;7,1428
sps4ext_200111_017;0,25;371,584;29863,897;2787,2880;8,0000
sps4ext_200111_017;0,22;467,933;32666,927;3048,8976;9,0909
sps4ext_200111_017;0,21;593,147;34998,559;3266,5248;9,5238
sps4ext_200111_017;0,23;393,110;31892,347;2976,5904;8,6956
sps4ext_200111_017;0,30;205,338;24773,010;2312,1168;6,6666
sps4ext_200111_017;0,26;299,628;28550,605;2664,7152;7,6923
sps4ext_200111_017;0,28;209,376;23936,174;2234,0304;7,1428
sps4ext_200111_017;0,22;484,456;32490,783;3032,4672;9,0909
sps4ext_200111_018;0,27;309,961;26740,392;2495,7408;7,4074
sps4ext_200111_018;0,27;299,187;26539,018;2476,9584;7,4074
sps4ext_200111_018;0,31;193,751;24670,470;2302,5744;6,4516
sps4ext_200111_018;0,30;23,194;2953,292;275,6208;6,6666
sps4ext_200111_018;0,31;192,060;24763,296;2311,2096;6,4516
sps4ext_200111_018;0,25;362,363;29630,474;2765,4816;8,0000
sps4ext_200111_018;0,22;482,400;32436,568;3027,3936;9,0909
sps4ext_200111_018;0,21;510,695;35617,181;3324,2496;9,5238
sps4ext_200111_018;0,26;302,709;28423,173;2652,8208;7,6923
sps4ext_200111_018;0,30;216,556;25414,248;2371,9920;6,6666
sps4ext_200111_018;0,22;431,488;30098,716;2809,1952;9,0909
sps4ext_200111_019;0,23;463,002;33243,629;3102,7248;8,6956
sps4ext_200111_019;0,24;272,559;28417,867;2652,3168;8,3333
sps4ext_200111_019;0,20;508,150;35438,558;3307,5840;10,0000
sps4ext_200111_019;0,31;173,654;24055,612;2245,1856;6,4516
sps4ext_200111_019;0,26;304,989;28444,628;2654,8032;7,6923
sps4ext_200111_019;0,24;371,738;29685,839;2770,6560;8,3333
sps4ext_200111_019;0,29;226,566;25724,283;2400,9216;6,8965
sps4ext_200111_019;0,28;272,539;27217,967;2540,3280;7,1428
sps4ext_200111_019;0,25;341,476;30459,069;2842,8288;8,0000
sps4ext_200111_019;0,28;262,312;26000,370;2426,6928;7,1428
sps4ext_200111_019;0,32;15,171;2755,657;257,1744;6,2500
sps4ext_200111_020;0,24;416,009;31726,940;2961,1680;8,3333
sps4ext_200111_020;0,25;337,079;29449,986;2748,6480;8,0000
sps4ext_200111_020;0,24;465,310;31522,098;2942,0496;8,3333
sps4ext_200111_020;0,23;461,263;33122,005;3091,3680;8,6956
sps4ext_200111_020;0,22;489,248;32897,391;3070,4016;9,0909
sps4ext_200111_020;0,28;269,653;27051,321;2524,7712;7,1428
sps4ext_200111_020;0,23;397,076;28950,567;2702,0448;8,6956
sps4ext_200111_020;0,27;287,671;27861,733;2600,4048;7,4074
sps4ext_200111_020;0,23;42,879;3710,382;346,2816;8,6956
sps4ext_200111_020;0,23;477,274;31560,143;2945,6112;8,6956
sps4ext_200111_020;0,28;254,977;26074,148;2433,5808;7,1428
sps4ext_200211_001;0,29;249,302;25264,859;2358,0480;6,8965
sps4ext_200211_001;0,32;134,395;22478,820;2098,0176;6,2500
sps4ext_200211_001;0,32;158,214;23775,320;2219,0112;6,2500
sps4ext_200211_001;0,25;330,647;29681,873;2770,2864;8,0000
sps4ext_200211_001;0,31;169,313;24110,987;2250,3264;6,4516
sps4ext_200211_001;0,21;539,461;35001,879;3266,8272;9,5238
sps4ext_200211_001;0,26;334,238;29364,345;2740,6512;7,6923
sps4ext_200211_001;0,23;452,088;31342,248;2925,2496;8,6956
sps4ext_200211_001;0,22;574,252;34553,628;3224,9952;9,0909
sps4ext_200211_002;0,19;621,494;37045,764;3457,5744;10,5263
sps4ext_200211_002;0,24;388,863;29751,939;2776,8384;8,3333
sps4ext_200211_002;0,29;226,569;26317,490;2456,2944;6,8965
sps4ext_200211_002;0,27;253,153;25338,502;2364,9024;7,4074
sps4ext_200211_002;0,31;189,071;24607,964;2296,7280;6,4516
sps4ext_200211_002;0,24;39,661;3670,215;342,5520;8,3333
sps4ext_200211_002;0,21;498,921;33829,006;3157,3584;9,5238
sps4ext_200211_002;0,20;564,469;36566,752;3412,8864;10,0000
sps4ext_200211_002;0,27;284,212;27746,086;2589,6192;7,4074
sps4ext_200211_002;0,27;296,572;27659,436;2581,5216;7,4074
sps4ext_200211_002;0,28;281,251;26614,080;2483,9808;7,1428
sps4ext_200211_003;0,25;334,762;29431,758;2746,9344;8,0000
sps4ext_200211_003;0,27;271,529;27380,213;2555,4816;7,4074
sps4ext_200211_003;0,23;450,452;32527,990;3035,9280;8,6956
sps4ext_200211_003;0,23;447,010;31918,024;2979,0096;8,6956
sps4ext_200211_003;0,23;358,679;32165,696;3002,1264;8,6956
sps4ext_200211_003;0,35;9,734;2674,482;249,6144;5,7142
sps4ext_200211_003;0,27;268,170;24907,391;2324,6832;7,4074
sps4ext_200211_003;0,27;273,754;26604,355;2483,0400;7,4074
sps4ext_200211_003;0,28;260,179;27054,737;2525,1072;7,1428
sps4ext_200211_003;0,22;472,191;33256,913;3103,9680;9,0909
sps4ext_200211_003;0,25;325,807;29838,547;2784,9024;8,0000
sps4ext_200211_004;0,19;681,463;37373,364;3488,1504;10,5263
sps4ext_200211_004;0,23;395,499;32146,950;3000,3792;8,6956
sps4ext_200211_004;0,23;372,462;29107,688;2716,6944;8,6956
sps4ext_200211_004;0,25;346,502;29967,074;2796,8976;8,0000
sps4ext_200211_004;0,24;400,431;30900,966;2884,0896;8,3333
sps4ext_200211_004;0,28;295,793;26976,781;2517,8160;7,1428
sps4ext_200211_004;0,26;337,494;28423,453;2652,8544;7,6923
sps4ext_200211_004;0,22;470,531;32923,150;3072,8208;9,0909
sps4ext_200211_004;0,30;208,885;24832,093;2317,6608;6,6666
sps4ext_200211_004;0,24;41,392;3564,178;332,6400;8,3333
sps4ext_200211_004;0,26;354,357;29122,582;2718,1056;7,6923
sps4ext_200211_005;0,26;287,756;28287,558;2640,1536;7,6923
sps4ext_200211_005;0,30;198,108;25108,873;2343,4656;6,6666
sps4ext_200211_005;0,27;303,371;27106,440;2529,9120;7,4074
sps4ext_200211_005;0,26;30,853;3392,226;316,5792;7,6923
sps4ext_200211_005;0,24;418,542;31440,470;2934,4224;8,3333
sps4ext_200211_005;0,31;186,181;24522,934;2288,7984;6,4516
sps4ext_200211_005;0,26;321,316;28557,837;2665,3872;7,6923
sps4ext_200211_005;0,23;400,096;31975,606;2984,3856;8,6956
sps4ext_200211_005;0,26;276,969;26213,239;2446,5504;7,6923
sps4ext_200211_005;0,21;550,279;34384,151;3209,1696;9,5238
sps4ext_200211_005;0,20;655,403;36643,023;3420,0096;10,0000
sps4ext_200211_006;0,25;420,638;30160,932;2815,0080;8,0000
sps4ext_200211_006;0,26;322,975;27919,364;2605,7808;7,6923
sps4ext_200211_006;0,34;10,173;2607,509;243,3648;5,8823
sps4ext_200211_006;0,30;176,355;22881,147;2135,5488;6,6666
sps4ext_200211_006;0,23;388,359;32271,928;3012,0384;8,6956
sps4ext_200211_006;0,25;350,282;30077,032;2807,1792;8,0000
sps4ext_200211_006;0,28;268,672;27007,900;2520,7056;7,1428
sps4ext_200211_006;0,27;314,212;27806,596;2595,2640;7,4074
sps4ext_200211_006;0,26;345,773;27421,756;2559,3456;7,6923
sps4ext_200211_006;0,31;173,037;23658,037;2208,0576;6,4516
sps4ext_200211_006;0,27;329,079;27822,105;2596,7088;7,4074
sps4ext_200211_007;0,20;517,190;36691,469;3424,5120;10,0000
sps4ext_200211_007;0,27;316,439;28190,616;2631,1152;7,4074
sps4ext_200211_007;0,23;460,719;31980,786;2984,8560;8,6956
sps4ext_200211_007;0,31;169,889;23314,159;2175,9696;6,4516
sps4ext_200211_007;0,23;398,750;32051,069;2991,4080;8,6956
sps4ext_200211_007;0,27;298,766;27050,494;2524,7040;7,4074
sps4ext_200211_007;0,29;27,018;3024,202;282,2400;6,8965
sps4ext_200211_007;0,26;339,036;28513,825;2661,2880;7,6923
sps4ext_200211_007;0,28;239,382;23935,766;2233,9968;7,1428
sps4ext_200211_007;0,27;269,963;27842,893;2598,6576;7,4074
sps4ext_200211_007;0,20;483,693;36914,584;3445,3440;10,0000
sps4ext_200211_008;0,25;29,468;3429,985;320,1072;8,0000
sps4ext_200211_008;0,24;384,072;30581,777;2854,2864;8,3333
sps4ext_200211_008;0,26;328,025;28662,546;2675,1648;7,6923
sps4ext_200211_008;0,26;329,319;28321,229;2643,3120;7,6923
sps4ext_200211_008;0,26;350,041;28451,140;2655,4080;7,6923
sps4ext_200211_008;0,25;378,361;30141,425;2813,1936;8,0000
sps4ext_200211_008;0,25;329,529;28686,475;2677,3824;8,0000
sps4ext_200211_008;0,27;245,204;24757,508;2310,6720;7,4074
sps4ext_200211_008;0,26;338,968;28567,071;2666,2272;7,6923
sps4ext_200211_008;0,22;474,467;32379,194;3022,0512;9,0909
sps4ext_200211_008;0,22;325,323;32872,877;3068,1168;9,0909
sps4ext_200211_009;0,27;321,715;27052,575;2524,9056;7,4074
sps4ext_200211_009;0,25;432,590;30352,350;2832,8832;8,0000
sps4ext_200211_009;0,32;158,047;21559,945;2012,2368;6,2500
sps4ext_200211_009;0,27;293,566;26838,798;2504,9472;7,4074
sps4ext_200211_009;0,29;251,150;25834,253;2411,1696;6,8965
sps4ext_200211_009;0,29;242,958;25886,421;2416,0416;6,8965
sps4ext_200211_009;0,25;270,929;29425,065;2746,3296;8,0000
sps4ext_200211_009;0,34;10,152;2605,556;243,1632;5,8823
sps4ext_200211_009;0,24;379,484;31129,301;2905,3920;8,3333
sps4ext_200211_009;0,25;418,502;30208,264;2819,4096;8,0000
sps4ext_200211_009;0,29;266,684;26349,399;2459,2512;6,8965
sps4ext_200211_010;0,22;472,827;33432,958;3120,3984;9,0909
sps4ext_200211_010;0,24;401,886;31375,804;2928,4080;8,3333
sps4ext_200211_010;0,26;324,853;28473,754;2657,5248;7,6923
sps4ext_200211_010;0,28;286,006;26996,295;2519,6304;7,1428
sps4ext_200211_010;0,24;395,687;31103,565;2902,9728;8,3333
sps4ext_200211_010;0,30;187,316;22769,165;2125,0992;6,6666
sps4ext_200211_010;0,23;427,273;32591,340;3041,8416;8,6956
sps4ext_200211_010;0,32;155,384;22825,291;2130,3408;6,2500
sps4ext_200211_010;0,27;284,069;26933,294;2513,7504;7,4074
sps4ext_200211_010;0,26;34,412;3344,584;312,1440;7,6923
sps4ext_200211_010;0,24;383,173;30615,373;2857,4112;8,3333
sps4ext_200211_011;0,28;17,726;3657,170;341,3088;7,1428
sps4ext_200211_011;0,26;308,047;28468,502;2657,0544;7,6923
sps4ext_200211_011;0,25;315,297;29167,377;2722,2720;8,0000
sps4ext_200211_011;0,22;486,558;32185,147;3003,9408;9,0909
sps4ext_200211_011;0,22;587,579;34451,416;3215,4528;9,0909
sps4ext_200211_011;0,28;224,245;24451,923;2282,1792;7,1428
sps4ext_200211_011;0,23;445,501;33172,723;3096,1056;8,6956
sps4ext_200211_011;0,32;160,612;22956,930;2142,6384;6,2500
sps4ext_200211_011;0,23;442,741;32567,333;3039,5904;8,6956
sps4ext_200211_011;0,26;302,847;28414,394;2651,9808;7,6923
sps4ext_200211_011;0,26;327,014;29177,529;2723,2128;7,6923
sps4ext_200211_012;0,21;547,884;34667,724;3235,6464;9,5238
sps4ext_200211_012;0,23;448,712;32267,432;3011,6016;8,6956
sps4ext_200211_012;0,20;614,869;36614,684;3417,3552;10,0000
sps4ext_200211_012;0,23;396,578;32269,072;3011,7696;8,6956
sps4ext_200211_012;0,31;19,366;3565,674;332,7744;6,4516
sps4ext_200211_012;0,30;217,225;25220,043;2353,8480;6,6666
sps4ext_200211_012;0,30;200,011;24942,562;2327,9424;6,6666
sps4ext_200211_012;0,27;278,357;27254,031;2543,6880;7,4074
sps4ext_200211_012;0,27;328,535;26775,649;2499,0336;7,4074
sps4ext_200211_012;0,28;268,849;24443,979;2281,4064;7,1428
sps4ext_200211_012;0,24;390,420;30879,597;2882,0736;8,3333
sps4ext_200211_013;0,25;323,756;29523,450;2755,5024;8,0000
sps4ext_200211_013;0,24;386,914;30874,932;2881,6368;8,3333
sps4ext_200211_013;0,21;547,732;35889,077;3349,6176;9,5238
sps4ext_200211_013;0,31;166,457;24346,793;2272,3344;6,4516
sps4ext_200211_013;0,26;33,674;3301,287;308,1120;7,6923
sps4ext_200211_013;0,28;199,368;24880,880;2322,1968;7,1428
sps4ext_200211_013;0,26;330,656;28779,367;2686,0512;7,6923
sps4ext_200211_013;0,25;349,966;30500,385;2846,6928;8,0000
sps4ext_200211_013;0,24;413,864;30547,951;2851,1280;8,3333
sps4ext_200211_013;0,24;427,542;30750,952;2870,0784;8,3333
sps4ext_200211_013;0,25;383,541;29707,009;2772,6384;8,0000
sps4ext_200211_014;0,21;535,614;35649,787;3327,3072;9,5238
sps4ext_200211_014;0,24;452,310;31656,352;2954,5824;8,3333
sps4ext_200211_014;0,24;390,442;30189,402;2817,6624;8,3333
sps4ext_200211_014;0,28;263,165;25815,490;2409,4224;7,1428
sps4ext_200211_014;0,25;371,434;29931,446;2793,5712;8,0000
sps4ext_200211_014;0,23;466,602;32847,885;3065,7984;8,6956
sps4ext_200211_014;0,31;191,946;24629,705;2298,7440;6,4516
sps4ext_200211_014;0,25;25,409;3755,422;350,4816;8,0000
sps4ext_200211_014;0,27;264,559;25120,225;2344,5408;7,4074
sps4ext_200211_014;0,24;365,140;31064,315;2899,3104;8,3333
sps4ext_200211_014;0,26;308,830;27530,691;2569,5264;7,6923
sps4ext_200211_015;0,24;417,528;30777,095;2872,4976;8,3333
sps4ext_200211_015;0,26;284,532;27493,185;2565,9984;7,6923
sps4ext_200211_015;0,28;226,081;23850,089;2226,0000;7,1428
sps4ext_200211_015;0,33;122,738;22096,179;2062,3008;6,0606
sps4ext_200211_015;0,31;190,585;24528,948;2289,3360;6,4516
sps4ext_200211_015;0,31;19,854;2852,152;266,1792;6,4516
sps4ext_200211_015;0,26;307,030;28529,730;2662,7664;7,6923
sps4ext_200211_015;0,20;575,921;35644,055;3326,7696;10,0000
sps4ext_200211_015;0,24;391,326;30728,304;2867,9616;8,3333
sps4ext_200211_015;0,28;261,792;27069,776;2526,4848;7,1428
sps4ext_200211_015;0,32;132,232;23251,631;2170,1232;6,2500
sps4ext_200211_016;0,26;354,504;28147,157;2627,0496;7,6923
sps4ext_200211_016;0,25;341,841;27669,308;2582,4624;8,0000
sps4ext_200211_016;0,28;281,970;26953,432;2515,6320;7,1428
sps4ext_200211_016;0,22;518,891;34525,372;3222,3408;9,0909
sps4ext_200211_016;0,20;615,010;35261,138;3291,0192;10,0000
sps4ext_200211_016;0,26;342,255;27988,638;2612,2656;7,6923
sps4ext_200211_016;0,25;386,281;29579,877;2760,7776;8,0000
sps4ext_200211_016;0,33;14,663;2696,233;251,6304;6,0606
sps4ext_200211_016;0,28;231,065;26825,246;2503,6704;7,1428
sps4ext_200211_016;0,23;420,946;32371,972;3021,3792;8,6956
sps4ext_200211_016;0,28;269,537;26314,035;2455,9584;7,1428
sps4ext_200211_017;0,25;362,429;29760,693;2777,6448;8,0000
sps4ext_200211_017;0,29;223,795;26281,206;2452,9008;6,8965
sps4ext_200211_017;0,26;202,763;26089,372;2434,9920;7,6923
sps4ext_200211_017;0,27;252,657;27647,942;2580,4464;7,4074
sps4ext_200211_017;0,25;379,468;29457,642;2749,3536;8,0000
sps4ext_200211_017;0,26;328,965;29363,778;2740,6176;7,6923
sps4ext_200211_017;0,23;394,648;31120,129;2904,5184;8,6956
sps4ext_200211_017;0,22;512,401;34455,936;3215,8560;9,0909
sps4ext_200211_017;0,22;475,936;32421,192;3025,9488;9,0909
sps4ext_200211_017;0,31;17,756;2925,504;273,0336;6,4516
sps4ext_200211_017;0,29;225,244;25336,440;2364,7344;6,8965
sps4ext_200211_018;0,28;236,582;25526,019;2382,4080;7,1428
sps4ext_200211_018;0,26;316,835;28870,243;2694,5520;7,6923
sps4ext_200211_018;0,26;272,302;28472,876;2657,4576;7,6923
sps4ext_200211_018;0,28;258,537;26278,803;2452,6656;7,1428
sps4ext_200211_018;0,29;250,243;23659,552;2208,1920;6,8965
sps4ext_200211_018;0,29;210,209;26306,973;2455,2864;6,8965
sps4ext_200211_018;0,30;16,792;2985,676;278,6448;6,6666
sps4ext_200211_018;0,21;537,116;34978,378;3264,6432;9,5238
sps4ext_200211_018;0,23;336,163;33176,638;3096,4752;8,6956
sps4ext_200211_018;0,23;481,921;32911,927;3071,7792;8,6956
sps4ext_200211_018;0,23;461,648;31010,382;2894,2704;8,6956
sps4ext_200211_019;0,26;324,884;26135,206;2439,2592;7,6923
sps4ext_200211_019;0,21;523,091;33831,327;3157,5600;9,5238
sps4ext_200211_019;0,24;387,502;30824,068;2876,8992;8,3333
sps4ext_200211_019;0,32;16,588;2830,805;264,1968;6,2500
sps4ext_200211_019;0,24;389,446;30102,578;2809,5648;8,3333
sps4ext_200211_019;0,30;205,565;24528,584;2289,3024;6,6666
sps4ext_200211_019;0,23;463,866;32646,491;3046,9824;8,6956
sps4ext_200211_019;0,24;432,123;30934,161;2887,1808;8,3333
sps4ext_200211_019;0,29;219,661;25914,091;2418,6288;6,8965
sps4ext_200211_019;0,25;412,035;30400,707;2837,3856;8,0000
sps4ext_200211_019;0,29;217,939;25541,520;2383,8528;6,8965
sps4ext_200211_020;0,31;172,359;24669,479;2302,4736;6,4516
sps4ext_200211_020;0,24;339,294;31735,920;2962,0080;8,3333
sps4ext_200211_020;0,29;222,953;24975,729;2331,0672;6,8965
sps4ext_200211_020;0,25;328,878;30337,790;2831,5056;8,0000
sps4ext_200211_020;0,23;402,399;30768,569;2871,7248;8,6956
sps4ext_200211_020;0,23;504,232;32817,330;3062,9424;8,6956
sps4ext_200211_020;0,27;280,073;27931,024;2606,8896;7,4074
sps4ext_200211_020;0,30;194,144;22720,729;2120,5968;6,6666
sps4ext_200211_020;0,32;16,491;2785,769;259,9968;6,2500
sps4ext_200211_020;0,22;504,766;34153,846;3187,6656;9,0909
sps4ext_200211_020;0,29;224,978;24982,194;2331,6384;6,8965
sps4ext_200311_001;0,27;284,621;27142,948;2533,3392;7,4074
sps4ext_200311_001;0,26;349,195;29010,299;2707,6224;7,6923
sps4ext_200311_001;0,22;474,090;33216,310;3100,1712;9,0909
sps4ext_200311_001;0,28;245,556;26422,864;2466,1056;7,1428
sps4ext_200311_001;0,24;359,452;30804,546;2875,0848;8,3333
sps4ext_200311_001;0,35;10,153;2581,288;240,9120;5,7142
sps4ext_200311_001;0,26;299,108;25891,513;2416,5120;7,6923
sps4ext_200311_001;0,23;393,337;30881,047;2882,2080;8,6956
sps4ext_200311_001;0,23;448,814;31004,198;2893,6992;8,6956
sps4ext_200311_001;0,22;516,576;34594,385;3228,7920;9,0909
sps4ext_200311_001;0,26;351,498;29288,201;2733,5616;7,6923
sps4ext_200311_002;0,23;433,520;32126,736;2998,4640;8,6956
sps4ext_200311_002;0,25;290,500;28746,836;2683,0272;8,0000
sps4ext_200311_002;0,27;253,636;27587,793;2574,8352;7,4074
sps4ext_200311_002;0,23;43,569;3629,927;338,7888;8,6956
sps4ext_200311_002;0,21;506,969;35081,022;3274,2192;9,5238
sps4ext_200311_002;0,21;569,244;34321,016;3203,2896;9,5238
sps4ext_200311_002;0,24;395,931;31624,758;2951,6256;8,3333
sps4ext_200311_002;0,29;216,887;25324,007;2363,5584;6,8965
sps4ext_200311_002;0,27;328,322;27789,702;2593,6848;7,4074
sps4ext_200311_002;0,25;387,610;30416,833;2838,8976;8,0000
sps4ext_200311_002;0,31;164,026;22063,186;2059,2096;6,4516
sps4ext_200311_003;0,26;282,947;28511,227;2661,0192;7,6923
sps4ext_200311_003;0,26;283,179;27361,707;2553,7344;7,6923
sps4ext_200311_003;0,24;378,746;30850,920;2879,4192;8,3333
sps4ext_200311_003;0,25;400,576;30387,467;2836,1424;8,0000
sps4ext_200311_003;0,27;329,758;27247,664;2543,0832;7,4074
sps4ext_200311_003;0,22;46,312;3784,578;353,2032;9,0909
sps4ext_200311_003;0,27;296,631;28145,207;2626,8816;7,4074
sps4ext_200311_003;0,28;259,986;26416,471;2465,5344;7,1428
sps4ext_200311_003;0,29;176,959;23181,604;2163,6048;6,8965
sps4ext_200311_003;0,24;445,882;31760,103;2964,2592;8,3333
sps4ext_200311_003;0,29;202,517;24842,221;2318,6016;6,8965
sps4ext_200311_004;0,22;497,739;34178,385;3189,9504;9,0909
sps4ext_200311_004;0,28;272,859;26276,732;2452,4640;7,1428
sps4ext_200311_006;0,26;341,562;28619,925;2671,1664;7,6923
sps4ext_200311_006;0,31;149,088;23295,446;2174,2224;6,4516
sps4ext_200311_006;0,24;50,052;3477,007;324,5088;8,3333
sps4ext_200311_006;0,33;118,233;22568,223;2106,3504;6,0606
sps4ext_200311_006;0,29;221,191;23420,404;2185,8816;6,8965
sps4ext_200311_006;0,31;133,831;24107,433;2250,0240;6,4516
sps4ext_200311_006;0,27;282,485;27055,361;2525,1408;7,4074
sps4ext_200311_006;0,28;288,301;27245,955;2542,9488;7,1428
sps4ext_200311_006;0,27;288,286;26499,603;2473,2960;7,4074
sps4ext_200311_006;0,31;185,472;24107,252;2249,9904;6,4516
sps4ext_200311_006;0,26;317,254;28788,494;2686,9248;7,6923
sps4ext_200311_007;0,30;219,021;25413,285;2371,8912;6,6666
sps4ext_200311_007;0,31;185,965;24262,083;2264,4384;6,4516
sps4ext_200311_007;0,26;323,681;28739,700;2682,3552;7,6923
sps4ext_200311_007;0,28;242,014;26509,654;2474,2032;7,1428
sps4ext_200311_007;0,26;31,787;3267,717;304,9536;7,6923
sps4ext_200311_007;0,25;328,421;27511,708;2567,7456;8,0000
sps4ext_200311_007;0,25;291,720;29817,327;2782,9200;8,0000
sps4ext_200311_007;0,25;235,605;28717,374;2680,2720;8,0000
sps4ext_200311_007;0,30;189,567;24470,150;2283,8592;6,6666
sps4ext_200311_007;0,28;273,671;26026,946;2429,1792;7,1428
sps4ext_200311_007;0,24;388,070;31167,622;2908,9536;8,3333
sps4ext_200311_008;0,30;176,564;22705,843;2119,1856;6,6666
sps4ext_200311_008;0,21;571,396;36028,598;3362,6544;9,5238
sps4ext_200311_008;0,26;356,880;28064,980;2619,3888;7,6923
sps4ext_200311_008;0,27;335,459;28059,162;2618,8512;7,4074
sps4ext_200311_008;0,28;273,279;27128,086;2531,9280;7,1428
sps4ext_200311_008;0,28;26,259;3101,464;289,4640;7,1428
sps4ext_200311_008;0,26;348,144;29072,906;2713,4688;7,6923
sps4ext_200311_008;0,27;276,707;27562,161;2572,4496;7,4074
sps4ext_200311_008;0,28;252,681;26624,894;2484,9888;7,1428
sps4ext_200311_008;0,31;169,535;23393,037;2183,3280;6,4516
sps4ext_200311_008;0,29;260,488;25452,691;2375,5536;6,8965
sps4ext_200311_009;0,27;319,642;26914,804;2512,0368;7,4074
sps4ext_200311_009;0,29;216,836;26326,689;2457,1344;6,8965
sps4ext_200311_009;0,27;315,179;27516,766;2568,2160;7,4074
sps4ext_200311_009;0,22;465,334;33283,566;3106,4544;9,0909
sps4ext_200311_009;0,31;14,747;2812,348;262,4832;6,4516
sps4ext_200311_009;0,25;344,738;30217,049;2820,2496;8,0000
sps4ext_200311_009;0,29;230,011;25324,108;2363,5584;6,8965
sps4ext_200311_009;0,24;380,841;29979,598;2798,0736;8,3333
sps4ext_200311_009;0,24;327,924;31086,909;2901,4272;8,3333
sps4ext_200311_009;0,30;176,129;24828,285;2317,2912;6,6666
sps4ext_200311_009;0,28;225,672;24453,965;2282,3472;7,1428
sps4ext_200311_010;0,28;260,566;26784,751;2499,9072;7,1428
sps4ext_200311_010;0,34;11,438;2581,797;240,9456;5,8823
sps4ext_200311_010;0,24;377,621;31219,788;2913,8256;8,3333
sps4ext_200311_010;0,24;367,916;30912,415;2885,1312;8,3333
sps4ext_200311_010;0,25;331,127;29565,964;2759,4672;8,0000
sps4ext_200311_010;0,27;251,360;27741,467;2589,1824;7,4074
sps4ext_200311_010;0,28;203,791;24331,732;2270,9568;7,1428
sps4ext_200311_010;0,27;292,297;28206,061;2632,5600;7,4074
sps4ext_200311_010;0,28;225,131;25733,153;2401,7280;7,1428
sps4ext_200311_010;0,23;459,126;32679,652;3050,0736;8,6956
sps4ext_200311_010;0,27;283,780;27211,199;2539,6896;7,4074
sps4ext_200311_011;0,27;277,182;27423,798;2559,5472;7,4074
sps4ext_200311_011;0,26;306,533;28731,143;2681,5488;7,6923
sps4ext_200311_011;0,27;290,866;26876,192;2508,4416;7,4074
sps4ext_200311_011;0,25;349,078;30203,494;2818,9728;8,0000
sps4ext_200311_011;0,29;204,145;23677,656;2209,9056;6,8965
sps4ext_200311_011;0,29;243,312;25553,047;2384,9280;6,8965
sps4ext_200311_011;0,30;213,312;25178,788;2350,0176;6,6666
sps4ext_200311_011;0,26;329,152;28420,650;2652,5856;7,6923
sps4ext_200311_011;0,29;19,334;2963,265;276,5616;6,8965
sps4ext_200311_011;0,25;380,249;29742,297;2775,9312;8,0000
sps4ext_200311_011;0,26;266,206;28946,538;2701,6752;7,6923
sps4ext_200311_012;0,24;378,816;30959,443;2889,5328;8,3333
sps4ext_200311_012;0,32;14,425;2768,763;258,4176;6,2500
sps4ext_200311_012;0,25;313,522;29896,701;2790,3456;8,0000
sps4ext_200311_012;0,24;405,617;30726,432;2867,7936;8,3333
sps4ext_200311_012;0,23;438,749;32083,956;2994,4992;8,6956
sps4ext_200311_012;0,32;141,822;21378,846;1995,3360;6,2500
sps4ext_200311_012;0,28;257,791;26417,953;2465,6688;7,1428
sps4ext_200311_012;0,30;174,387;24722,773;2307,4464;6,6666
sps4ext_200311_012;0,29;207,699;25555,312;2385,1296;6,8965
sps4ext_200311_012;0,30;199,692;24396,378;2276,9712;6,6666
sps4ext_200311_012;0,26;322,865;27888,778;2602,9248;7,6923
sps4ext_200311_013;0,27;268,655;27594,258;2575,4400;7,4074
sps4ext_200311_013;0,24;405,248;30536,883;2850,0864;8,3333
sps4ext_200311_013;0,23;393,716;32205,781;3005,8560;8,6956
sps4ext_200311_013;0,29;219,581;25549,462;2384,5920;6,8965
sps4ext_200311_013;0,28;234,544;26036,360;2430,0528;7,1428
sps4ext_200311_013;0,21;53,804;3959,770;369,5664;9,5238
sps4ext_200311_013;0,25;333,971;29854,177;2786,3808;8,0000
sps4ext_200311_013;0,26;297,758;26137,653;2439,4944;7,6923
sps4ext_200311_013;0,29;194,227;25107,602;2343,3648;6,8965
sps4ext_200311_013;0,25;360,194;30015,386;2801,4336;8,0000
sps4ext_200311_013;0,27;189,828;26824,701;2503,6368;7,4074
sps4ext_200311_014;0,27;319,377;28155,868;2627,8560;7,4074
sps4ext_200311_014;0,25;261,678;29295,762;2734,2672;8,0000
sps4ext_200311_014;0,28;260,367;26892,160;2509,9200;7,1428
sps4ext_200311_014;0,24;352,019;29663,199;2768,5392;8,3333
sps4ext_200311_014;0,27;307,073;27513,686;2567,9136;7,4074
sps4ext_200311_014;0,24;412,054;31469,924;2937,1776;8,3333
sps4ext_200311_014;0,30;212,580;25079,969;2340,7776;6,6666
sps4ext_200311_014;0,27;283,311;27133,105;2532,3984;7,4074
sps4ext_200311_014;0,23;451,238;29879,565;2788,7328;8,6956
sps4ext_200311_014;0,24;40,516;3483,173;325,0800;8,3333
sps4ext_200311_014;0,26;289,213;28734,282;2681,8512;7,6923
sps4ext_200311_015;0,22;545,693;34067,010;3179,5680;9,0909
sps4ext_200311_015;0,25;349,942;27233,118;2541,7392;8,0000
sps4ext_200311_015;0,29;228,145;25641,874;2393,2272;6,8965
sps4ext_200311_015;0,23;403,630;30985,103;2891,9184;8,6956
sps4ext_200311_015;0,24;353,361;30414,852;2838,6960;8,3333
sps4ext_200311_015;0,24;341,019;30814,331;2875,9920;8,3333
sps4ext_200311_015;0,24;291,877;31259,961;2917,5888;8,3333
sps4ext_200311_015;0,30;20,645;2896,362;270,3120;6,6666
sps4ext_200311_015;0,27;297,678;27867,861;2600,9760;7,4074
sps4ext_200311_015;0,23;413,405;32923,458;3072,8544;8,6956
sps4ext_200311_015;0,27;328,144;28373,101;2648,1504;7,4074
sps4ext_200311_016;0,31;162,748;23843,059;2225,3280;6,4516
sps4ext_200311_016;0,27;320,864;28136,858;2626,0752;7,4074
sps4ext_200311_016;0,30;176,546;25224,225;2354,2512;6,6666
sps4ext_200311_016;0,22;331,835;32283,066;3013,0800;9,0909
sps4ext_200311_016;0,34;10,771;2590,846;241,7856;5,8823
sps4ext_200311_016;0,30;207,512;24620,430;2297,9040;6,6666
sps4ext_200311_016;0,24;428,500;30566,755;2852,8752;8,3333
sps4ext_200311_016;0,26;331,098;28390,037;2649,7296;7,6923
sps4ext_200311_016;0,32;152,161;23845,572;2225,5632;6,2500
sps4ext_200311_016;0,33;110,636;20735,691;1935,3264;6,0606
sps4ext_200311_016;0,31;198,321;24594,254;2295,4512;6,4516
sps4ext_200311_017;0,29;210,814;25617,897;2390,9760;6,8965
sps4ext_200311_017;0,31;176,068;23855,668;2226,5040;6,4516
sps4ext_200311_017;0,23;380,588;32566,009;3039,4896;8,6956
sps4ext_200311_017;0,26;364,733;29233,041;2728,3872;7,6923
sps4ext_200311_017;0,32;122,571;21359,802;1993,5552;6,2500
sps4ext_200311_017;0,34;118,429;22403,615;2090,9952;5,8823
sps4ext_200311_017;0,26;348,153;29167,352;2722,2720;7,6923
sps4ext_200311_017;0,27;230,568;27276,548;2545,8048;7,4074
sps4ext_200311_017;0,33;13,417;2652,082;247,4976;6,0606
sps4ext_200311_017;0,29;190,183;24648,568;2300,5248;6,8965
sps4ext_200311_017;0,23;454,904;33125,701;3091,7040;8,6956
sps4ext_200311_018;0,34;10,510;2569,453;239,8032;5,8823
sps4ext_200311_018;0,32;128,776;20970,274;1957,2000;6,2500
sps4ext_200311_018;0,31;178,865;23775,849;2219,0784;6,4516
sps4ext_200311_018;0,31;151,047;24276,803;2265,8160;6,4516
sps4ext_200311_018;0,28;313,295;27177,628;2536,5648;7,1428
sps4ext_200311_018;0,24;384,543;30977,912;2891,2464;8,3333
sps4ext_200311_018;0,29;235,279;25045,712;2337,5856;6,8965
sps4ext_200311_018;0,25;279,542;29468,889;2750,4288;8,0000
sps4ext_200311_018;0,23;356,144;32037,112;2990,0976;8,6956
sps4ext_200311_018;0,28;267,259;27055,672;2525,1744;7,1428
sps4ext_200311_018;0,23;416,011;31241,263;2915,8416;8,6956
sps4ext_200311_019;0,31;146,373;23993,322;2239,3728;6,4516
sps4ext_200311_019;0,33;102,629;20406,100;1904,5488;6,0606
sps4ext_200311_019;0,27;284,899;27913,625;2605,2432;7,4074
sps4ext_200311_019;0,23;357,665;32740,083;3055,7184;8,6956
sps4ext_200311_019;0,27;277,332;27072,373;2526,7536;7,4074
sps4ext_200311_019;0,30;171,929;24388,013;2276,1984;6,6666
sps4ext_200311_019;0,31;178,524;24580,749;2294,1744;6,4516
sps4ext_200311_019;0,23;398,080;32073,869;2993,5584;8,6956
sps4ext_200311_019;0,34;11,864;2617,779;244,3056;5,8823
sps4ext_200311_019;0,31;174,348;24230,362;2261,4816;6,4516
sps4ext_200311_019;0,31;173,520;24447,676;2281,7760;6,4516
sps4ext_200311_020;0,25;312,283;29917,207;2792,2608;8,0000
sps4ext_200311_020;0,30;156,138;24858,966;2320,1472;6,6666
sps4ext_200311_020;0,30;177,718;23916,073;2232,1488;6,6666
sps4ext_200311_020;0,29;239,477;26266,246;2451,4896;6,8965
sps4ext_200311_020;0,27;278,009;27478,235;2564,6208;7,4074
sps4ext_200311_020;0,30;196,238;24442,003;2281,2384;6,6666
sps4ext_200311_020;0,26;308,901;28355,956;2646,5376;7,6923
sps4ext_200311_020;0,25;356,397;30485,780;2845,3152;8,0000
sps4ext_200311_020;0,25;270,335;29714,922;2773,3776;8,0000
sps4ext_200311_020;0,33;12,822;2701,150;252,1008;6,0606
sps4ext_200311_020;0,33;109,016;20634,046;1925,8176;6,0606
sps4ext_200411_001;0,32;13,883;2814,457;262,6512;6,2500
sps4ext_200411_001;0,28;281,725;27160,161;2534,9184;7,1428
sps4ext_200411_001;0,25;336,249;28799,907;2687,9664;8,0000
sps4ext_200411_001;0,33;104,632;20565,989;1919,4672;6,0606
sps4ext_200411_001;0,29;194,117;25541,474;2383,8528;6,8965
sps4ext_200411_001;0,27;289,018;26969,861;2517,1776;7,4074
sps4ext_200411_001;0,28;290,292;26756,370;2497,2528;7,1428
sps4ext_200411_001;0,24;413,058;31616,751;2950,8864;8,3333
sps4ext_200411_001;0,29;237,340;25474,113;2377,5696;6,8965
sps4ext_200411_001;0,27;303,715;27923,485;2606,1840;7,4074
sps4ext_200411_001;0,31;137,287;23917,463;2232,2832;6,4516
sps4ext_200411_003;0,26;342,624;29063,895;2712,6288;7,6923
sps4ext_200411_003;0,23;395,461;32583,734;3041,1360;8,6956
sps4ext_200411_003;0,34;10,933;2633,556;245,7840;5,8823
sps4ext_200411_003;0,31;198,340;23774,550;2218,9440;6,4516
sps4ext_200411_003;0,30;197,129;25269,823;2358,4848;6,6666
sps4ext_200411_003;0,34;116,990;22274,499;2078,9328;5,8823
sps4ext_200411_003;0,30;197,189;24504,150;2287,0512;6,6666
sps4ext_200411_003;0,27;268,643;26671,901;2489,3568;7,4074
sps4ext_200411_003;0,32;166,314;23867,206;2227,5792;6,2500
sps4ext_200411_003;0,28;210,573;26497,464;2473,0944;7,1428
sps4ext_200411_003;0,34;104,098;20202,639;1885,5648;5,8823
sps4ext_200411_005;0,30;214,209;24874,912;2321,6256;6,6666
sps4ext_200411_005;0,30;224,286;24614,678;2297,3664;6,6666
sps4ext_200411_005;0,28;297,292;27078,113;2527,2576;7,1428
sps4ext_200411_005;0,21;550,213;34814,198;3249,3216;9,5238
sps4ext_200411_005;0,24;396,288;31777,508;2965,8720;8,3333
sps4ext_200411_005;0,24;400,515;30093,050;2808,6576;8,3333
sps4ext_200411_005;0,25;329,417;27460,517;2562,9744;8,0000
sps4ext_200411_005;0,25;32,666;3596,056;335,6304;8,0000
sps4ext_200411_005;0,25;343,546;30383,762;2835,8064;8,0000
sps4ext_200411_005;0,23;445,735;31918,025;2979,0096;8,6956
sps4ext_200411_005;0,26;317,771;29218,666;2727,0432;7,6923
sps4ext_200411_006;0,26;273,942;28394,997;2650,1664;7,6923
sps4ext_200411_006;0,25;408,643;29584,449;2761,2144;8,0000
sps4ext_200411_006;0,34;116,993;22388,437;2089,5840;5,8823
sps4ext_200411_006;0,30;202,180;24920,458;2325,8928;6,6666
sps4ext_200411_006;0,24;273,091;31013,616;2894,5728;8,3333
sps4ext_200411_006;0,26;347,584;28890,164;2696,4000;7,6923
sps4ext_200411_006;0,22;420,692;30199,853;2818,6368;9,0909
sps4ext_200411_006;0,31;145,074;24284,806;2266,5552;6,4516
sps4ext_200411_006;0,29;200,858;24674,822;2302,9776;6,8965
sps4ext_200411_006;0,30;21,253;2992,389;279,2832;6,6666
sps4ext_200411_006;0,27;281,420;28206,331;2632,5600;7,4074
sps4ext_200411_007;0,30;201,048;24913,376;2325,2208;6,6666
sps4ext_200411_007;0,34;107,576;21285,930;1986,6672;5,8823
sps4ext_200411_007;0,25;336,949;30292,605;2827,3056;8,0000
sps4ext_200411_007;0,28;24,423;3493,550;326,0544;7,1428
sps4ext_200411_007;0,23;497,492;31930,131;2980,1184;8,6956
sps4ext_200411_007;0,21;508,118;35031,251;3269,5824;9,5238
sps4ext_200411_007;0,23;390,157;32232,711;3008,3760;8,6956
sps4ext_200411_007;0,29;262,440;25191,541;2351,1936;6,8965
sps4ext_200411_007;0,19;666,813;35448,269;3308,4912;10,5263
sps4ext_200411_007;0,22;519,969;33961,852;3169,7568;9,0909
sps4ext_200411_007;0,31;143,903;23808,863;2222,1360;6,4516
sps4ext_200411_008;0,25;366,245;29495,404;2752,8816;8,0000
sps4ext_200411_008;0,23;294,016;32319,716;3016,4736;8,6956
sps4ext_200411_008;0,27;243,285;26393,399;2463,3504;7,4074
sps4ext_200411_008;0,26;219,907;28893,309;2696,7024;7,6923
sps4ext_200411_008;0,29;258,914;25368,437;2367,6912;6,8965
sps4ext_200411_008;0,28;226,571;26510,891;2474,3376;7,1428
sps4ext_200411_008;0,31;166,659;23533,276;2196,4320;6,4516
sps4ext_200411_008;0,28;26,758;3095,906;288,9264;7,1428
sps4ext_200411_008;0,34;111,061;22303,817;2081,6880;5,8823
sps4ext_200411_008;0,28;237,482;24149,369;2253,9216;7,1428
sps4ext_200411_008;0,32;132,819;23227,670;2167,9056;6,2500
sps4ext_200411_009;0,26;290,990;29318,396;2736,3504;7,6923
sps4ext_200411_009;0,29;237,462;25905,605;2417,8560;6,8965
sps4ext_200411_009;0,33;110,854;22605,615;2109,8448;6,0606
sps4ext_200411_009;0,29;204,292;25044,969;2337,5184;6,8965
sps4ext_200411_009;0,33;135,234;22933,856;2140,4880;6,0606
sps4ext_200411_009;0,27;314,311;27245,816;2542,9152;7,4074
sps4ext_200411_009;0,29;219,935;23565,486;2199,4224;6,8965
sps4ext_200411_009;0,23;454,157;31671,869;2956,0272;8,6956
sps4ext_200411_009;0,30;217,768;25433,057;2373,7392;6,6666
sps4ext_200411_009;0,22;45,698;3747,402;349,7424;9,0909
sps4ext_200411_009;0,29;232,624;26274,969;2452,3296;6,8965
sps4ext_200411_010;0,32;143,597;23421,052;2185,9488;6,2500
sps4ext_200411_010;0,22;47,964;3854,574;359,7552;9,0909
sps4ext_200411_010;0,28;294,807;27057,615;2525,3760;7,1428
sps4ext_200411_010;0,28;256,345;25579,883;2387,4480;7,1428
sps4ext_200411_010;0,28;219,167;25577,675;2387,2464;7,1428
sps4ext_200411_010;0,29;214,397;23393,547;2183,3952;6,8965
sps4ext_200411_010;0,26;295,344;28709,808;2679,5664;7,6923
sps4ext_200411_010;0,30;208,990;25183,223;2350,4208;6,6666
sps4ext_200411_010;0,31;135,127;24050,855;2244,7152;6,4516
sps4ext_200411_010;0,31;187,188;24241,460;2262,5232;6,4516
sps4ext_200411_010;0,29;224,116;25356,281;2366,5824;6,8965
sps4ext_200411_011;0,27;347,331;28152,232;2627,5200;7,4074
sps4ext_200411_011;0,22;503,304;33978,093;3171,2688;9,0909
sps4ext_200411_011;0,24;408,793;31008,611;2894,1360;8,3333
sps4ext_200411_011;0,24;360,046;30686,474;2864,0640;8,3333
sps4ext_200411_011;0,24;402,194;30250,831;2823,4080;8,3333
sps4ext_200411_011;0,23;36,069;3788,071;353,5392;8,6956
sps4ext_200411_011;0,24;423,154;30567,033;2852,9088;8,3333
sps4ext_200411_011;0,23;320,191;30985,498;2891,9520;8,6956
sps4ext_200411_011;0,24;461,780;31539,348;2943,6624;8,3333
sps4ext_200411_011;0,29;272,635;25406,019;2371,2192;6,8965
sps4ext_200411_011;0,19;512,901;36207,990;3379,3872;10,5263
sps4ext_200411_012;0,21;37,152;4125,170;384,9888;9,5238
sps4ext_200411_012;0,26;374,734;29080,360;2714,1408;7,6923
sps4ext_200411_012;0,31;165,824;23491,912;2192,5680;6,4516
sps4ext_200411_012;0,32;148,007;22990,679;2145,7632;6,2500
sps4ext_200411_012;0,24;373,797;31571,908;2946,6864;8,3333
sps4ext_200411_012;0,24;410,598;30843,116;2878,6800;8,3333
sps4ext_200411_012;0,33;119,618;22665,842;2115,4560;6,0606
sps4ext_200411_012;0,29;219,454;25885,912;2416,0080;6,8965
sps4ext_200411_012;0,32;164,024;23490,247;2192,4000;6,2500
sps4ext_200411_012;0,21;546,462;31689,538;2957,6736;9,5238
sps4ext_200411_012;0,28;269,024;26320,573;2456,5632;7,1428
sps4ext_200411_013;0,30;18,911;3051,123;284,7600;6,6666
sps4ext_200411_013;0,25;332,282;26944,546;2514,7920;8,0000
sps4ext_200411_013;0,33;137,669;22675,363;2116,3632;6,0606
sps4ext_200411_013;0,23;404,971;32095,884;2995,6080;8,6956
sps4ext_200411_013;0,24;449,874;31608,621;2950,1136;8,3333
sps4ext_200411_013;0,33;119,218;22246,636;2076,3456;6,0606
sps4ext_200411_013;0,30;207,843;23853,033;2226,2688;6,6666
sps4ext_200411_013;0,24;384,934;30041,731;2803,8864;8,3333
sps4ext_200411_013;0,34;116,403;22234,863;2075,2368;5,8823
sps4ext_200411_013;0,29;241,278;26224,147;2447,5584;6,8965
sps4ext_200411_013;0,27;264,842;27948,154;2608,4688;7,4074
sps4ext_200411_014;0,21;530,674;32562,143;3039,1200;9,5238
sps4ext_200411_014;0,29;230,438;25862,985;2413,8576;6,8965
sps4ext_200411_014;0,24;28,555;3647,614;340,4352;8,3333
sps4ext_200411_014;0,32;137,469;23093,916;2155,4064;6,2500
sps4ext_200411_014;0,26;334,202;28210,256;2632,9296;7,6923
sps4ext_200411_014;0,31;150,089;23994,132;2239,4400;6,4516
sps4ext_200411_014;0,27;285,958;27229,694;2541,4368;7,4074
sps4ext_200411_014;0,20;602,966;37380,970;3488,8896;10,0000
sps4ext_200411_014;0,27;314,710;28169,552;2629,1328;7,4074
sps4ext_200411_014;0,30;192,590;24975,561;2331,0336;6,6666
sps4ext_200411_014;0,29;253,022;26178,020;2443,2576;6,8965
sps4ext_200411_015;0,25;421,235;29864,920;2787,3888;8,0000
sps4ext_200411_015;0,29;25,278;3058,607;285,4656;6,8965
sps4ext_200411_015;0,26;401,030;29300,609;2734,7040;7,6923
sps4ext_200411_015;0,27;218,838;27293,294;2547,3504;7,4074
sps4ext_200411_015;0,25;354,487;30352,952;2832,9168;8,0000
sps4ext_200411_015;0,27;298,137;27762,449;2591,1312;7,4074
sps4ext_200411_015;0,26;326,870;28836,198;2691,3600;7,6923
sps4ext_200411_015;0,23;478,317;32131,304;2998,9008;8,6956
sps4ext_200411_015;0,23;392,593;28992,680;2705,9760;8,6956
sps4ext_200411_015;0,23;436,584;32871,502;3067,9824;8,6956
sps4ext_200411_015;0,23;436,904;31701,951;2958,8160;8,6956
sps4ext_200411_016;0,23;464,884;33017,122;3081,5904;8,6956
sps4ext_200411_017;0,25;330,000;29755,191;2777,1408;8,0000
sps4ext_200411_017;0,28;231,501;26823,755;2503,5360;7,1428
sps4ext_200411_017;0,30;155,834;24961,691;2329,7568;6,6666
sps4ext_200411_017;0,29;229,273;26051,538;2431,4640;6,8965
sps4ext_200411_017;0,22;480,298;33370,801;3114,5856;9,0909
sps4ext_200411_017;0,24;344,434;30684,743;2863,8960;8,3333
sps4ext_200411_017;0,20;609,481;37219,112;3473,7696;10,0000
sps4ext_200411_017;0,32;133,450;22967,585;2143,6128;6,2500
sps4ext_200411_017;0,29;204,242;24717,184;2306,9088;6,8965
sps4ext_200411_018;0,28;212,365;26470,244;2470,5408;7,1428
sps4ext_200411_018;0,23;43,144;3647,095;340,3680;8,6956
sps4ext_200411_018;0,21;567,436;36241,623;3382,5456;9,5238
sps4ext_200411_018;0,23;497,695;31833,179;2971,0800;8,6956
sps4ext_200411_018;0,23;412,213;32598,436;3042,5136;8,6956
sps4ext_200411_018;0,25;395,241;29336,615;2738,0640;8,0000
sps4ext_200411_018;0,19;690,771;39033,113;3643,0800;10,5263
sps4ext_200411_018;0,21;548,672;36236,655;3382,0752;9,5238
sps4ext_200411_018;0,24;292,517;31410,561;2931,6336;8,3333
sps4ext_200411_018;0,22;536,201;33605,478;3136,4928;9,0909
sps4ext_200411_018;0,23;368,043;29071,643;2713,3344;8,6956
sps4ext_200411_019;0,33;118,769;21853,514;2039,6544;6,0606
sps4ext_200411_019;0,28;253,537;26343,061;2458,6800;7,1428
sps4ext_200411_019;0,32;154,097;22817,302;2129,6016;6,2500
sps4ext_200411_019;0,24;385,900;30772,561;2872,0944;8,3333
sps4ext_200411_019;0,21;50,827;4016,601;374,8752;9,5238
sps4ext_200411_019;0,33;112,316;22483,424;2098,4208;6,0606
sps4ext_200411_019;0,20;596,923;37503,592;3500,3136;10,0000
sps4ext_200411_019;0,33;122,706;22793,059;2127,3504;6,0606
sps4ext_200411_019;0,24;326,486;31108,474;2903,4432;8,3333
sps4ext_200411_019;0,29;206,055;25360,088;2366,9184;6,8965
sps4ext_200411_019;0,23;429,879;29668,751;2769,0768;8,6956
sps4ext_200411_020;0,27;259,916;27430,780;2560,1856;7,4074
sps4ext_200411_020;0,29;239,005;25798,674;2407,8432;6,8965
sps4ext_200411_020;0,25;332,721;27103,293;2529,6096;8,0000
sps4ext_200411_020;0,25;368,330;29234,152;2728,4880;8,0000
sps4ext_200411_020;0,19;731,656;39435,444;3680,6112;10,5263
sps4ext_200411_020;0,24;299,103;30846,144;2878,9488;8,3333
sps4ext_200411_020;0,34;10,634;2629,946;245,4480;5,8823
sps4ext_200411_020;0,20;638,503;37139,262;3466,3104;10,0000
sps4ext_200411_020;0,24;424,315;31213,307;2913,2208;8,3333
sps4ext_200411_020;0,22;473,506;32664,370;3048,6624;9,0909
sps4ext_200411_020;0,26;324,678;27596,169;2575,6416;7,6923
sps4ext_200511_001;0,32;138,614;22439,449;2094,3216;6,2500
sps4ext_200511_001;0,29;228,318;25796,098;2407,6080;6,8965
sps4ext_200511_001;0,27;30,906;3159,734;294,9072;7,4074
sps4ext_200511_001;0,29;208,960;25799,842;2407,9776;6,8965
sps4ext_200511_001;0,34;109,575;21700,527;2025,3744;5,8823
sps4ext_200511_001;0,26;340,645;29322,581;2736,7536;7,6923
sps4ext_200511_001;0,29;206,564;26075,303;2433,6816;6,8965
sps4ext_200511_001;0,25;301,042;29401,225;2744,1120;8,0000
sps4ext_200511_001;0,21;558,510;34998,202;3266,4912;9,5238
sps4ext_200511_001;0,21;524,414;31564,252;2945,9808;9,5238
sps4ext_200511_001;0,30;187,344;24994,983;2332,8480;6,6666
sps4ext_200511_002;0,30;182,131;24985,357;2331,9408;6,6666
sps4ext_200511_002;0,32;140,659;23299,946;2174,6592;6,2500
sps4ext_200511_002;0,33;132,106;22261,861;2077,7568;6,0606
sps4ext_200511_002;0,23;434,016;29813,801;2782,6176;8,6956
sps4ext_200511_002;0,31;177,325;24331,519;2270,9232;6,4516
sps4ext_200511_002;0,29;197,708;25781,733;2406,2640;6,8965
sps4ext_200511_002;0,25;354,654;29629,071;2765,3472;8,0000
sps4ext_200511_002;0,28;240,190;25520,251;2381,8704;7,1428
sps4ext_200511_002;0,27;32,173;3221,809;300,6864;7,4074
sps4ext_200511_002;0,23;313,487;31273,462;2918,8320;8,6956
sps4ext_200511_002;0,22;569,290;33379,758;3115,4256;9,0909
sps4ext_200511_003;0,29;200,777;23117,120;2157,5904;6,8965
sps4ext_200511_003;0,30;20,566;3024,238;282,2400;6,6666
sps4ext_200511_003;0,26;317,780;29182,238;2723,6496;7,6923
sps4ext_200511_003;0,20;662,608;36884,878;3442,5552;10,0000
sps4ext_200511_003;0,26;338,971;29179,317;2723,3808;7,6923
sps4ext_200511_003;0,31;146,091;23288,803;2173,6176;6,4516
sps4ext_200511_003;0,20;593,195;37203,151;3472,2912;10,0000
sps4ext_200511_003;0,33;115,131;22454,688;2095,7664;6,0606
sps4ext_200511_003;0,27;292,643;26577,472;2480,5536;7,4074
sps4ext_200511_003;0,24;365,619;32137,692;2999,5056;8,3333
sps4ext_200511_003;0,25;373,618;30175,337;2816,3520;8,0000
sps4ext_200511_004;0,24;288,274;29778,844;2779,3584;8,3333
sps4ext_200511_004;0,23;450,621;32971,324;3077,3232;8,6956
sps4ext_200511_004;0,26;343,325;29060,694;2712,3264;7,6923
sps4ext_200511_004;0,32;131,995;22511,267;2101,0416;6,2500
sps4ext_200511_004;0,21;601,824;35779,769;3339,4368;9,5238
sps4ext_200511_004;0,27;257,879;29036,974;2710,1088;7,4074
sps4ext_200511_004;0,25;344,313;29639,303;2766,3216;8,0000
sps4ext_200511_004;0,23;493,347;31707,394;2959,3536;8,6956
sps4ext_200511_004;0,28;222,964;24015,051;2241,3888;7,1428
sps4ext_200511_004;0,33;118,983;22646,071;2113,6080;6,0606
sps4ext_200511_004;0,25;38,381;3432,450;320,3424;8,0000
sps4ext_200511_005;0,32;169,131;23965,184;2236,7184;6,2500
sps4ext_200511_005;0,23;334,319;33291,244;3107,1600;8,6956
sps4ext_200511_005;0,29;220,896;25758,379;2404,1136;6,8965
sps4ext_200511_005;0,20;523,647;33369,508;3114,4848;10,0000
sps4ext_200511_005;0,23;428,079;32522,513;3035,4240;8,6956
sps4ext_200511_005;0,26;293,125;27527,053;2569,1904;7,6923
sps4ext_200511_005;0,25;360,643;28593,748;2668,7472;8,0000
sps4ext_200511_005;0,21;594,956;36176,098;3376,4304;9,5238
sps4ext_200511_005;0,31;146,571;23878,249;2228,6208;6,4516
sps4ext_200511_005;0,23;45,917;3645,043;340,2000;8,6956
sps4ext_200511_005;0,31;140,154;23173,104;2162,7984;6,4516
sps4ext_200511_006;0,25;353,442;29624,656;2764,9440;8,0000
sps4ext_200511_006;0,32;149,475;23771,227;2218,6416;6,2500
sps4ext_200511_006;0,28;280,774;27287,364;2546,8128;7,1428
sps4ext_200511_006;0,24;372,264;29876,612;2788,4640;8,3333
sps4ext_200511_006;0,22;452,687;31125,564;2905,0224;9,0909
sps4ext_200511_006;0,32;130,461;22814,325;2129,3328;6,2500
sps4ext_200511_006;0,30;210,815;24238,960;2262,2880;6,6666
sps4ext_200511_006;0,25;385,108;30415,203;2838,7296;8,0000
sps4ext_200511_006;0,27;301,515;28256,724;2637,2640;7,4074
sps4ext_200511_006;0,26;31,637;3279,041;306,0288;7,6923
sps4ext_200511_006;0,27;294,268;28220,121;2633,8704;7,4074
sps4ext_200511_007;0,23;437,222;31756,497;2963,9232;8,6956
sps4ext_200511_007;0,31;147,943;23483,565;2191,7952;6,4516
sps4ext_200511_007;0,30;190,308;25270,957;2358,6192;6,6666
sps4ext_200511_007;0,31;170,062;24007,696;2240,7168;6,4516
sps4ext_200511_007;0,29;259,122;26196,075;2444,9376;6,8965
sps4ext_200511_007;0,24;46,495;3521,785;328,6752;8,3333
sps4ext_200511_007;0,20;564,994;36627,395;3418,5312;10,0000
sps4ext_200511_007;0,24;430,815;31276,223;2919,1008;8,3333
sps4ext_200511_007;0,30;205,368;24515,228;2288,0592;6,6666
sps4ext_200511_007;0,20;503,132;33517,352;3128,2608;10,0000
sps4ext_200511_007;0,34;120,553;22405,780;2091,1968;5,8823
sps4ext_200511_008;0,32;122,745;22721,432;2120,6640;6,2500
sps4ext_200511_008;0,31;192,560;24168,768;2255,7360;6,4516
sps4ext_200511_008;0,23;443,500;32036,504;2990,0640;8,6956
sps4ext_200511_008;0,22;48,731;3769,816;351,8256;9,0909
sps4ext_200511_008;0,26;353,582;29305,544;2735,1744;7,6923
sps4ext_200511_008;0,22;457,570;30344,133;2832,1104;9,0909
sps4ext_200511_008;0,22;497,963;33649,669;3140,6256;9,0909
sps4ext_200511_008;0,32;123,049;23279,505;2172,7440;6,2500
sps4ext_200511_008;0,21;547,118;35746,575;3336,3456;9,5238
sps4ext_200511_008;0,26;322,002;27775,280;2592,3408;7,6923
sps4ext_200511_008;0,29;228,834;26235,293;2448,6000;6,8965
sps4ext_200511_009;0,30;202,189;25412,750;2371,8240;6,6666
sps4ext_200511_009;0,26;296,889;27909,056;2604,8400;7,6923
sps4ext_200511_009;0,34;115,902;22439,379;2094,3216;5,8823
sps4ext_200511_009;0,34;108,730;21236,316;1982,0304;5,8823
sps4ext_200511_009;0,25;390,369;29549,532;2757,9552;8,0000
sps4ext_200511_009;0,30;219,337;25438,913;2374,2768;6,6666
sps4ext_200511_009;0,24;440,258;30596,699;2855,6640;8,3333
sps4ext_200511_009;0,27;301,279;28163,072;2628,5280;7,4074
sps4ext_200511_009;0,27;311,308;27932,483;2607,0240;7,4074
sps4ext_200511_009;0,25;37,990;3380,099;315,4704;8,0000
sps4ext_200511_009;0,22;428,494;30133,816;2812,4880;9,0909
sps4ext_200511_010;0,27;286,217;27562,416;2572,4832;7,4074
sps4ext_200511_010;0,22;445,364;30468,468;2843,7024;9,0909
sps4ext_200511_010;0,33;111,924;21701,611;2025,4752;6,0606
sps4ext_200511_010;0,29;263,879;26111,340;2437,0416;6,8965
sps4ext_200511_010;0,27;30,243;3147,219;293,7312;7,4074
sps4ext_200511_010;0,32;142,358;23507,090;2193,9792;6,2500
sps4ext_200511_010;0,24;421,990;30538,593;2850,2544;8,3333
sps4ext_200511_010;0,24;396,908;30215,406;2820,0816;8,3333
sps4ext_200511_010;0,22;454,392;34116,040;3184,1376;9,0909
sps4ext_200511_010;0,22;467,811;32393,507;3023,3616;9,0909
sps4ext_200511_010;0,30;210,521;25229,645;2354,7552;6,6666
sps4ext_200511_011;0,29;220,046;24916,651;2325,5232;6,8965
sps4ext_200511_011;0,27;187,245;28347,659;2645,7648;7,4074
sps4ext_200511_011;0,22;410,118;33723,813;3147,5472;9,0909
sps4ext_200511_011;0,30;182,428;24544,505;2290,8144;6,6666
sps4ext_200511_011;0,22;505,191;33127,913;3091,9056;9,0909
sps4ext_200511_011;0,31;163,989;23928,974;2233,3584;6,4516
sps4ext_200511_011;0,24;415,768;30816,377;2876,1936;8,3333
sps4ext_200511_012;0,25;392,855;30209,361;2819,5104;8,0000
sps4ext_200511_012;0,30;204,261;24744,566;2309,4624;6,6666
sps4ext_200511_012;0,31;20,251;2881,114;268,9008;6,4516
sps4ext_200511_012;0,29;220,938;23727,606;2214,5760;6,8965
sps4ext_200511_012;0,31;182,694;23883,541;2229,1248;6,4516
sps4ext_200511_012;0,28;235,796;26557,788;2478,7056;7,1428
sps4ext_200511_012;0,26;358,013;27813,781;2595,9360;7,6923
sps4ext_200511_012;0,31;149,369;23097,008;2155,7088;6,4516
sps4ext_200511_012;0,30;183,426;24646,113;2300,2896;6,6666
sps4ext_200511_012;0,31;145,881;24492,446;2285,9424;6,4516
sps4ext_200511_012;0,25;326,134;30646,829;2860,3680;8,0000
sps4ext_200511_013;0,24;428,048;31461,593;2936,4048;8,3333
sps4ext_200511_013;0,25;382,068;30072,967;2806,8096;8,0000
sps4ext_200511_013;0,31;165,444;24254,762;2263,7664;6,4516
sps4ext_200511_013;0,30;151,496;24834,005;2317,8288;6,6666
sps4ext_200511_013;0,23;408,642;29779,092;2779,3584;8,6956
sps4ext_200511_013;0,28;272,231;26852,434;2506,2240;7,1428
sps4ext_200511_013;0,30;21,787;2970,634;277,2336;6,6666
sps4ext_200511_013;0,23;426,154;31563,211;2945,8800;8,6956
sps4ext_200511_013;0,29;202,660;24639,184;2299,6512;6,8965
sps4ext_200511_013;0,32;125,338;22432,632;2093,6832;6,2500
sps4ext_200511_013;0,29;245,458;26186,126;2444,0304;6,8965
sps4ext_200511_015;0,29;205,882;26200,031;2445,3072;6,8965
sps4ext_200511_015;0,22;481,814;32826,800;3063,8160;9,0909
sps4ext_200511_015;0,20;561,591;37052,846;3458,2464;10,0000
sps4ext_200511_015;0,28;262,963;26667,284;2488,9200;7,1428
sps4ext_200511_015;0,23;472,792;33171,694;3096,0048;8,6956
sps4ext_200511_015;0,19;61,946;4301,445;401,4528;10,5263
sps4ext_200511_015;0,23;395,346;30856,161;2879,8896;8,6956
sps4ext_200511_015;0,32;134,971;23832,075;2224,3200;6,2500
sps4ext_200511_015;0,29;219,560;23484,189;2191,8288;6,8965
sps4ext_200511_015;0,32;152,679;22733,758;2121,8064;6,2500
sps4ext_200511_015;0,32;155,655;23772,993;2218,8096;6,2500
sps4ext_200511_016;0,28;228,524;26760,695;2497,6560;7,1428
sps4ext_200511_016;0,28;234,296;26466,285;2470,1712;7,1428
sps4ext_200511_016;0,32;153,550;22968,099;2143,6800;6,2500
sps4ext_200511_016;0,31;146,975;24350,820;2272,7376;6,4516
sps4ext_200511_016;0,23;433,058;31705,379;2959,1520;8,6956
sps4ext_200511_016;0,25;351,848;29573,844;2760,2064;8,0000
sps4ext_200511_016;0,26;331,927;28278,094;2639,2800;7,6923
sps4ext_200511_016;0,27;333,100;27488,286;2565,5616;7,4074
sps4ext_200511_016;0,27;285,011;25417,173;2372,2608;7,4074
sps4ext_200511_016;0,30;16,875;2898,632;270,5136;6,6666
sps4ext_200511_016;0,32;123,510;23555,901;2198,5488;6,2500
sps4ext_200511_017;0,22;505,846;32706,309;3052,5600;9,0909
sps4ext_200511_017;0,25;358,353;29516,827;2754,8976;8,0000
sps4ext_200511_017;0,29;216,396;26050,840;2431,3968;6,8965
sps4ext_200511_017;0,25;345,945;29372,589;2741,4240;8,0000
sps4ext_200511_017;0,23;494,302;33050,267;3084,6816;8,6956
sps4ext_200511_017;0,21;487,124;32740,688;3055,7856;9,5238
sps4ext_200511_017;0,28;274,395;27204,602;2539,0848;7,1428
sps4ext_200511_017;0,25;36,129;3456,388;322,5936;8,0000
sps4ext_200511_017;0,25;331,878;28581,724;2667,6048;8,0000
sps4ext_200511_017;0,24;436,465;31889,725;2976,3552;8,3333
sps4ext_200511_017;0,21;535,832;34394,849;3210,1776;9,5238
sps4ext_200511_018;0,22;559,310;34557,906;3225,3984;9,0909
sps4ext_200511_018;0,26;33,729;3413,815;318,5952;7,6923
sps4ext_200511_018;0,26;348,636;28815,710;2689,4448;7,6923
sps4ext_200511_018;0,28;242,009;24652,157;2300,8608;7,1428
sps4ext_200511_018;0,23;478,999;32132,475;2999,0016;8,6956
sps4ext_200511_018;0,22;486,244;33033,438;3083,1024;9,0909
sps4ext_200511_018;0,22;375,943;33330,827;3110,8560;9,0909
sps4ext_200511_018;0,19;688,942;38379,827;3582,0960;10,5263
sps4ext_200511_018;0,22;464,578;33946,790;3168,3456;9,0909
sps4ext_200511_018;0,21;551,730;35972,273;3357,3792;9,5238
sps4ext_200511_018;0,21;535,804;34414,330;3211,9920;9,5238
sps4ext_200511_019;0,22;422,674;33856,709;3159,9456;9,0909
sps4ext_200511_019;0,27;308,024;27876,178;2601,7488;7,4074
sps4ext_200511_019;0,27;296,490;26526,273;2475,7824;7,4074
sps4ext_200511_019;0,25;321,571;27563,183;2572,5504;8,0000
sps4ext_200511_019;0,24;409,715;29900,548;2790,7152;8,3333
sps4ext_200511_019;0,24;357,181;31266,083;2918,1600;8,3333
sps4ext_200511_019;0,24;409,331;31148,413;2907,1728;8,3333
sps4ext_200511_019;0,23;43,001;3729,827;348,0960;8,6956
sps4ext_200511_019;0,19;611,988;38340,016;3578,4000;10,5263
sps4ext_200511_019;0,26;326,989;28373,246;2648,1504;7,6923
sps4ext_200511_019;0,23;421,348;32289,082;3013,6176;8,6956
sps4ext_200511_020;0,26;349,872;29093,652;2715,3840;7,6923
sps4ext_200511_020;0,29;238,998;25374,612;2368,2960;6,8965
sps4ext_200511_020;0,24;380,976;30664,861;2862,0480;8,3333
sps4ext_200511_020;0,26;306,788;28388,496;2649,5616;7,6923
sps4ext_200511_020;0,20;477,156;35371,299;3301,3008;10,0000
sps4ext_200511_020;0,21;518,871;32486,773;3032,0976;9,5238
sps4ext_200511_020;0,20;614,786;36840,615;3438,4560;10,0000
sps4ext_200511_020;0,31;18,008;2823,965;263,5584;6,4516
sps4ext_200511_020;0,22;489,751;34151,800;3187,4976;9,0909
sps4ext_200511_020;0,28;279,234;24257,722;2264,0352;7,1428
sps4ext_200511_020;0,23;491,212;33143,242;3093,3504;8,6956
sps4ext_200511_020;0,21;523,012;35050,166;3271,3296;9,5238
sps4ext_200611_001;0,27;324,696;27651,962;2580,8496;7,4074
sps4ext_200611_001;0,28;271,728;25597,551;2389,0944;7,1428
sps4ext_200611_001;0,25;345,639;28561,218;2665,6896;8,0000
sps4ext_200611_001;0,27;28,382;3165,621;295,4448;7,4074
sps4ext_200611_001;0,29;232,902;25848,461;2412,5136;6,8965
sps4ext_200611_001;0,23;473,646;32105,615;2996,5152;8,6956
sps4ext_200611_001;0,27;323,775;27495,908;2566,2672;7,4074
sps4ext_200611_001;0,20;619,499;37936,608;3540,7344;10,0000
sps4ext_200611_001;0,26;300,461;26035,431;2429,9520;7,6923
sps4ext_200611_001;0,29;206,071;25761,056;2404,3488;6,8965
sps4ext_200611_001;0,22;464,166;34268,014;3198,3168;9,0909
sps4ext_200611_002;0,30;21,491;2973,389;277,5024;6,6666
sps4ext_200611_002;0,24;358,030;31829,515;2970,7440;8,3333
sps4ext_200611_002;0,23;432,470;31261,832;2917,7568;8,6956
sps4ext_200611_002;0,29;227,856;25640,818;2393,1264;6,8965
sps4ext_200611_002;0,21;567,509;35480,718;3311,5152;9,5238
sps4ext_200611_002;0,22;487,636;33913,012;3165,1872;9,0909
sps4ext_200611_002;0,23;370,224;31748,238;2963,1504;8,6956
sps4ext_200611_002;0,32;182,558;23839,401;2224,9920;6,2500
sps4ext_200611_002;0,23;434,908;31819,546;2969,8032;8,6956
sps4ext_200611_002;0,29;205,723;23102,031;2156,1792;6,8965
sps4ext_200611_002;0,19;677,300;38490,189;3592,4112;10,5263
sps4ext_200611_003;0,27;287,006;26963,825;2516,6064;7,4074
sps4ext_200611_003;0,28;280,064;26935,594;2513,9856;7,1428
sps4ext_200611_003;0,23;41,132;3719,558;347,1552;8,6956
sps4ext_200611_003;0,28;286,812;26417,463;2465,6016;7,1428
sps4ext_200611_003;0,26;346,876;29314,134;2735,9808;7,6923
sps4ext_200611_003;0,23;438,528;32674,782;3049,6368;8,6956
sps4ext_200611_003;0,28;274,554;26945,455;2514,8928;7,1428
sps4ext_200611_003;0,23;388,289;28902,452;2697,5424;8,6956
sps4ext_200611_003;0,24;445,312;31892,320;2976,5904;8,3333
sps4ext_200611_003;0,26;312,041;28025,542;2615,6928;7,6923
sps4ext_200611_003;0,23;414,728;30846,399;2878,9824;8,6956
sps4ext_200611_004;0,26;276,340;28327,687;2643,9168;7,6923
sps4ext_200611_004;0,22;470,472;32762,233;3057,8016;9,0909
sps4ext_200611_004;0,27;320,056;26818,307;2503,0320;7,4074
sps4ext_200611_004;0,22;51,438;3841,147;358,4784;9,0909
sps4ext_200611_004;0,24;421,200;31632,663;2952,3648;8,3333
sps4ext_200611_004;0,31;165,183;22242,710;2075,9760;6,4516
sps4ext_200611_004;0,20;676,056;37675,149;3516,3408;10,0000
sps4ext_200611_004;0,22;485,429;33451,951;3122,1792;9,0909
sps4ext_200611_004;0,24;401,539;30631,304;2858,8896;8,3333
sps4ext_200611_004;0,24;448,575;31654,210;2954,3808;8,3333
sps4ext_200611_004;0,21;585,282;36223,251;3380,8320;9,5238
sps4ext_200611_005;0,22;468,979;33975,556;3171,0336;9,0909
sps4ext_200611_005;0,24;424,282;30955,875;2889,1968;8,3333
sps4ext_200611_005;0,30;180,871;22680,428;2116,8336;6,6666
sps4ext_200611_005;0,23;452,769;32793,294;3060,6912;8,6956
sps4ext_200611_005;0,24;431,915;30794,891;2874,1776;8,3333
sps4ext_200611_005;0,22;517,785;33750,907;3150,0672;9,0909
sps4ext_200611_005;0,25;40,124;3482,613;325,0128;8,0000
sps4ext_200611_005;0,21;526,871;33996,763;3173,0160;9,5238
sps4ext_200611_005;0,22;471,534;32847,324;3065,7312;9,0909
sps4ext_200611_005;0,25;310,673;29277,181;2732,5200;8,0000
sps4ext_200611_005;0,20;466,645;37305,759;3481,8672;10,0000
sps4ext_200611_006;0,26;364,550;28423,796;2652,8544;7,6923
sps4ext_200611_006;0,27;29,218;3246,634;303,0048;7,4074
sps4ext_200611_006;0,22;486,098;33809,227;3155,5104;9,0909
sps4ext_200611_006;0,26;309,603;28543,454;2664,0432;7,6923
sps4ext_200611_006;0,24;271,108;30787,486;2873,4720;8,3333
sps4ext_200611_006;0,20;548,744;35774,259;3338,8992;10,0000
sps4ext_200611_006;0,20;614,607;36745,890;3429,5856;10,0000
sps4ext_200611_006;0,23;426,930;32806,586;3061,9344;8,6956
sps4ext_200611_006;0,26;321,934;27981,639;2611,5936;7,6923
sps4ext_200611_006;0,30;186,103;22882,843;2135,7168;6,6666
sps4ext_200611_006;0,26;334,350;29310,440;2735,6112;7,6923
sps4ext_200611_007;0,28;235,882;24250,501;2263,3632;7,1428
sps4ext_200611_007;0,27;300,837;27464,067;2563,3104;7,4074
sps4ext_200611_007;0,31;16,557;2875,315;268,3296;6,4516
sps4ext_200611_007;0,23;456,625;30947,438;2888,4240;8,6956
sps4ext_200611_007;0,24;485,174;31519,608;2941,8144;8,3333
sps4ext_200611_007;0,21;558,864;35548,426;3317,8320;9,5238
sps4ext_200611_007;0,20;608,467;37066,148;3459,4896;10,0000
sps4ext_200611_007;0,21;577,428;34657,266;3234,6720;9,5238
sps4ext_200611_007;0,22;500,484;33145,344;3093,5520;9,0909
sps4ext_200611_007;0,24;284,545;31368,459;2927,7024;8,3333
sps4ext_200611_007;0,25;316,441;29334,451;2737,8624;8,0000
sps4ext_200611_008;0,24;422,801;30753,188;2870,2800;8,3333
sps4ext_200611_008;0,28;246,791;24726,446;2307,7824;7,1428
sps4ext_200611_008;0,26;333,267;27713,601;2586,5952;7,6923
sps4ext_200611_008;0,30;207,337;25304,300;2361,7104;6,6666
sps4ext_200611_008;0,21;394,567;36649,839;3420,6480;9,5238
sps4ext_200611_008;0,28;27,263;3099,617;289,2960;7,1428
sps4ext_200611_008;0,26;333,526;28354,998;2646,4368;7,6923
sps4ext_200611_008;0,23;457,949;32282,772;3013,0464;8,6956
sps4ext_200611_008;0,24;409,794;30109,750;2810,2368;8,3333
sps4ext_200611_008;0,21;620,294;36365,590;3394,1040;9,5238
sps4ext_200611_008;0,25;325,662;28495,153;2659,5408;8,0000
sps4ext_200611_009;0,27;269,564;24952,284;2328,8496;7,4074
sps4ext_200611_009;0,26;323,267;28831,523;2690,9232;7,6923
sps4ext_200611_009;0,29;23,641;3026,638;282,4752;6,8965
sps4ext_200611_009;0,22;518,085;33322,132;3110,0496;9,0909
sps4ext_200611_009;0,28;265,658;25522,108;2382,0384;7,1428
sps4ext_200611_009;0,25;398,233;30000,701;2800,0560;8,0000
sps4ext_200611_009;0,21;566,177;35906,097;3351,2304;9,5238
sps4ext_200611_009;0,24;403,742;29955,936;2795,8560;8,3333
sps4ext_200611_009;0,23;461,427;32866,159;3067,4784;8,6956
sps4ext_200611_009;0,25;383,348;29551,683;2758,1568;8,0000
sps4ext_200611_009;0,26;257,126;28676,450;2676,4416;7,6923
sps4ext_200611_010;0,21;554,671;35067,077;3272,9088;9,5238
sps4ext_200611_010;0,29;222,343;26081,916;2434,2864;6,8965
sps4ext_200611_010;0,23;452,439;31054,979;2898,4368;8,6956
sps4ext_200611_010;0,22;491,543;33459,226;3122,8512;9,0909
sps4ext_200611_010;0,20;503,376;37890,629;3536,4336;10,0000
sps4ext_200611_010;0,26;325,735;27708,248;2586,0912;7,6923
sps4ext_200611_010;0,22;497,451;34365,334;3207,4224;9,0909
sps4ext_200611_010;0,23;469,758;32674,742;3049,6368;8,6956
sps4ext_200611_010;0,21;481,226;31455,145;2935,8000;9,5238
sps4ext_200611_010;0,27;34,044;3296,672;307,6752;7,4074
sps4ext_200611_010;0,22;570,961;34640,382;3233,0928;9,0909
sps4ext_200611_011;0,22;548,597;33871,268;3161,2896;9,0909
sps4ext_200611_011;0,23;416,151;31972,256;2984,0496;8,6956
sps4ext_200611_011;0,24;418,309;30463,215;2843,2320;8,3333
sps4ext_200611_011;0,27;327,004;27559,186;2572,1808;7,4074
sps4ext_200611_011;0,25;370,043;29319,765;2736,4848;8,0000
sps4ext_200611_011;0,25;356,392;28973,835;2704,1952;8,0000
sps4ext_200611_011;0,26;280,024;26647,641;2487,1056;7,6923
sps4ext_200611_011;0,22;485,579;33232,716;3101,7168;9,0909
sps4ext_200611_011;0,31;20,347;2862,390;267,1536;6,4516
sps4ext_200611_011;0,23;369,722;32887,297;3069,4608;8,6956
sps4ext_200611_011;0,20;657,407;36365,759;3394,1040;10,0000
sps4ext_200611_012;0,21;51,647;4039,522;376,9920;9,5238
sps4ext_200611_012;0,20;520,572;35308,018;3295,3872;10,0000
sps4ext_200611_012;0,25;393,620;29324,924;2736,9888;8,0000
sps4ext_200611_012;0,26;319,832;28439,365;2654,3328;7,6923
sps4ext_200611_012;0,27;305,729;26684,122;2490,4992;7,4074
sps4ext_200611_012;0,25;302,483;30578,705;2853,9840;8,0000
sps4ext_200611_012;0,26;350,934;28785,796;2686,6560;7,6923
sps4ext_200611_012;0,22;526,018;33524,603;3128,9328;9,0909
sps4ext_200611_012;0,21;549,371;35274,500;3292,2624;9,5238
sps4ext_200611_012;0,23;373,281;29339,731;2738,3664;8,6956
sps4ext_200611_012;0,29;240,312;25576,381;2387,1120;6,8965
sps4ext_200611_013;0,23;446,265;32616,771;3044,2272;8,6956
sps4ext_200611_013;0,25;401,613;30002,522;2800,2240;8,0000
sps4ext_200611_013;0,29;236,556;25338,878;2364,9360;6,8965
sps4ext_200611_013;0,27;285,128;27504,691;2567,0736;7,4074
sps4ext_200611_013;0,24;441,998;31656,670;2954,6160;8,3333
sps4ext_200611_013;0,30;197,353;25187,200;2350,7904;6,6666
sps4ext_200611_013;0,25;397,346;28814,681;2689,3440;8,0000
sps4ext_200611_013;0,24;396,507;31063,425;2899,2432;8,3333
sps4ext_200611_013;0,23;444,108;31630,672;2952,1632;8,6956
sps4ext_200611_013;0,27;36,407;3284,776;306,5664;7,4074
sps4ext_200611_013;0,26;249,441;26104,349;2436,4032;7,6923
sps4ext_200611_014;0,23;343,427;31978,083;2984,6208;8,6956
sps4ext_200611_014;0,29;24,814;3103,194;289,5984;6,8965
sps4ext_200611_014;0,19;645,532;37593,040;3508,6800;10,5263
sps4ext_200611_014;0,21;572,894;34166,372;3188,8416;9,5238
sps4ext_200611_014;0,23;467,263;33355,578;3113,1744;8,6956
sps4ext_200611_014;0,26;320,990;28498,851;2659,8768;7,6923
sps4ext_200611_014;0,30;189,932;22548,363;2104,5024;6,6666
sps4ext_200611_014;0,21;577,045;35318,350;3296,3616;9,5238
sps4ext_200611_014;0,22;543,138;34298,640;3201,2064;9,0909
sps4ext_200611_014;0,25;367,403;29710,543;2772,9744;8,0000
sps4ext_200611_014;0,22;471,843;33309,815;3108,9072;9,0909
sps4ext_200611_015;0,20;468,849;35382,344;3302,3424;10,0000
sps4ext_200611_015;0,27;309,547;27332,654;2551,0464;7,4074
sps4ext_200611_015;0,27;309,771;26604,268;2483,0400;7,4074
sps4ext_200611_015;0,22;511,531;34565,798;3226,1376;9,0909
sps4ext_200611_015;0,21;559,776;35262,884;3291,1872;9,5238
sps4ext_200611_015;0,28;250,185;26408,062;2464,7280;7,1428
sps4ext_200611_015;0,24;405,442;30091,269;2808,4896;8,3333
sps4ext_200611_015;0,25;351,878;30408,125;2838,0912;8,0000
sps4ext_200611_015;0,20;328,060;36701,980;3425,4864;10,0000
sps4ext_200611_015;0,21;56,976;3983,128;371,7504;9,5238
sps4ext_200611_015;0,24;399,265;28056,020;2618,5488;8,3333
sps4ext_200611_016;0,21;527,319;34089,288;3181,6512;9,5238
sps4ext_200611_016;0,21;640,762;35509,455;3314,2032;9,5238
sps4ext_200611_016;0,28;242,598;26498,885;2473,2288;7,1428
sps4ext_200611_016;0,24;324,302;31283,215;2919,7392;8,3333
sps4ext_200611_016;0,22;561,108;33457,675;3122,6832;9,0909
sps4ext_200611_016;0,29;204,382;23509,733;2194,2144;6,8965
sps4ext_200611_016;0,24;386,865;30981,322;2891,5824;8,3333
sps4ext_200611_016;0,21;49,237;3972,111;370,7088;9,5238
sps4ext_200611_016;0,20;620,804;36894,503;3443,4624;10,0000
sps4ext_200611_016;0,27;302,346;28048,804;2617,8768;7,4074
sps4ext_200611_016;0,27;332,612;28044,795;2617,5072;7,4074
sps4ext_200611_017;0,24;428,765;31072,498;2900,0832;8,3333
sps4ext_200611_017;0,23;363,112;32708,248;3052,7616;8,6956
sps4ext_200611_017;0,20;602,655;36914,014;3445,2768;10,0000
sps4ext_200611_017;0,22;413,019;34657,417;3234,6720;9,0909
sps4ext_200611_017;0,22;525,834;32580,158;3040,8000;9,0909
sps4ext_200611_017;0,27;30,757;3198,133;298,4688;7,4074
sps4ext_200611_017;0,25;409,560;29803,849;2781,6768;8,0000
sps4ext_200611_017;0,21;517,886;34869,810;3254,4960;9,5238
sps4ext_200611_017;0,26;364,132;28309,341;2642,2032;7,6923
sps4ext_200611_017;0,21;555,026;34495,949;3219,6192;9,5238
sps4ext_200611_017;0,30;194,293;22588,002;2108,1984;6,6666
sps4ext_200611_018;0,26;334,143;28455,481;2655,8448;7,6923
sps4ext_200611_018;0,29;236,365;25842,600;2411,9760;6,8965
sps4ext_200611_018;0,22;49,338;3823,941;356,8992;9,0909
sps4ext_200611_018;0,19;582,034;38989,341;3638,9808;10,5263
sps4ext_200611_018;0,26;347,286;28425,576;2653,0224;7,6923
sps4ext_200611_018;0,22;555,573;33577,923;3133,9392;9,0909
sps4ext_200611_018;0,21;508,414;33752,324;3150,2016;9,5238
sps4ext_200611_018;0,22;343,367;34070,916;3179,9376;9,0909
sps4ext_200611_018;0,23;460,982;32481,313;3031,5600;8,6956
sps4ext_200611_018;0,25;352,650;27440,198;2561,0592;8,0000
sps4ext_200611_018;0,26;344,431;29012,809;2707,8576;7,6923
sps4ext_200611_019;0,20;540,608;35379,427;3302,0736;10,0000
sps4ext_200611_019;0,23;444,617;32119,622;2997,8256;8,6956
sps4ext_200611_019;0,28;261,471;26417,331;2465,6016;7,1428
sps4ext_200611_019;0,30;180,684;24977,668;2331,2352;6,6666
sps4ext_200611_019;0,25;369,728;30036,341;2803,3824;8,0000
sps4ext_200611_019;0,20;643,529;37595,834;3508,9152;10,0000
sps4ext_200611_019;0,28;253,700;25765,785;2404,7856;7,1428
sps4ext_200611_019;0,30;22,521;2970,305;277,2000;6,6666
sps4ext_200611_019;0,26;349,646;28671,913;2676,0384;7,6923
sps4ext_200611_019;0,28;181,279;24772,486;2312,0832;7,1428
sps4ext_200611_019;0,27;287,447;26756,808;2497,2864;7,4074
sps4ext_200611_020;0,29;224,975;25598,251;2389,1616;6,8965
sps4ext_200611_020;0,21;633,659;35037,357;3270,1200;9,5238
sps4ext_200611_020;0,24;405,649;29999,926;2799,9888;8,3333
sps4ext_200611_020;0,19;636,125;37460,783;3496,3152;10,5263
sps4ext_200611_020;0,23;498,567;32901,505;3070,8048;8,6956
sps4ext_200611_020;0,29;216,223;25990,501;2425,7520;6,8965
sps4ext_200611_020;0,21;574,354;35393,548;3303,3840;9,5238
sps4ext_200611_020;0,28;286,921;26848,977;2505,8880;7,1428
sps4ext_200611_020;0,31;19,656;2887,146;269,4384;6,4516
sps4ext_200611_020;0,21;542,838;32213,054;3006,5280;9,5238
sps4ext_200611_020;0,21;538,010;35069,000;3273,0768;9,5238
sps4ext_200711_001;0,21;521,290;33876,603;3161,7936;9,5238
sps4ext_200711_001;0,23;489,466;32451,823;3028,8048;8,6956
sps4ext_200711_001;0,25;365,517;30266,465;2824,8528;8,0000
sps4ext_200711_001;0,26;342,362;28187,136;2630,7792;7,6923
sps4ext_200711_001;0,23;502,921;32029,997;2989,4592;8,6956
sps4ext_200711_001;0,25;346,320;29377,064;2741,8272;8,0000
sps4ext_200711_001;0,22;493,382;33422,168;3119,3904;9,0909
sps4ext_200711_001;0,29;225,075;26434,768;2467,2144;6,8965
sps4ext_200711_001;0,23;43,879;3753,447;350,3136;8,6956
sps4ext_200711_001;0,20;607,556;37340,011;3485,0592;10,0000
sps4ext_200711_001;0,28;228,598;24232,096;2261,6496;7,1428
sps4ext_200711_002;0,28;319,743;26250,141;2450,0112;7,1428
sps4ext_200711_002;0,27;297,639;27400,027;2557,3296;7,4074
sps4ext_200711_002;0,31;184,826;24320,318;2269,8816;6,4516
sps4ext_200711_002;0,21;590,417;35424,506;3306,2736;9,5238
sps4ext_200711_002;0,27;286,111;26848,241;2505,8208;7,4074
sps4ext_200711_002;0,21;613,020;36236,842;3382,0752;9,5238
sps4ext_200711_002;0,23;467,540;32663,054;3048,5280;8,6956
sps4ext_200711_002;0,23;401,906;30830,427;2877,5040;8,6956
sps4ext_200711_002;0,25;203,990;26966,639;2516,8752;8,0000
sps4ext_200711_002;0,26;312,748;28505,287;2660,4816;7,6923
sps4ext_200711_002;0,29;24,437;3045,740;284,2560;6,8965
sps4ext_200711_003;0,25;412,899;30535,980;2850,0192;8,0000
sps4ext_200711_003;0,21;510,238;33780,829;3152,8560;9,5238
sps4ext_200711_003;0,24;43,370;3462,337;323,1312;8,3333
sps4ext_200711_003;0,27;330,662;27858,606;2600,1360;7,4074
sps4ext_200711_003;0,21;544,774;35046,158;3270,9600;9,5238
sps4ext_200711_003;0,22;413,363;34323,825;3203,5248;9,0909
sps4ext_200711_003;0,19;610,501;37204,972;3472,4592;10,5263
sps4ext_200711_003;0,20;389,748;37206,621;3472,5936;10,0000
sps4ext_200711_003;0,29;188,662;23216,476;2166,8640;6,8965
sps4ext_200711_003;0,25;353,843;29900,411;2790,6816;8,0000
sps4ext_200711_003;0,20;571,779;35482,019;3311,6496;10,0000
sps4ext_200711_004;0,27;327,028;27241,866;2542,5456;7,4074
sps4ext_200711_004;0,27;305,885;28305,527;2641,8336;7,4074
sps4ext_200711_004;0,28;269,609;26256,712;2450,6160;7,1428
sps4ext_200711_004;0,26;32,316;3267,556;304,9536;7,6923
sps4ext_200711_004;0,23;479,226;32923,684;3072,8544;8,6956
sps4ext_200711_004;0,27;303,077;28107,010;2623,3200;7,4074
sps4ext_200711_004;0,20;686,412;37307,031;3481,9680;10,0000
sps4ext_200711_004;0,28;244,750;24308,337;2268,7728;7,1428
sps4ext_200711_004;0,22;515,775;32636,533;3046,0752;9,0909
sps4ext_200711_004;0,26;340,698;28544,301;2664,1104;7,6923
sps4ext_200711_004;0,19;602,872;39342,947;3671,9760;10,5263
sps4ext_200711_005;0,27;310,316;28297,719;2641,0944;7,4074
sps4ext_200711_005;0,24;353,749;31605,875;2949,8784;8,3333
sps4ext_200711_005;0,20;616,977;36043,357;3364,0320;10,0000
sps4ext_200711_005;0,28;260,558;26699,868;2491,9776;7,1428
sps4ext_200711_005;0,20;581,980;36782,225;3432,9792;10,0000
sps4ext_200711_005;0,22;441,249;31320,277;2923,2000;9,0909
sps4ext_200711_005;0,19;714,120;37774,535;3525,6144;10,5263
sps4ext_200711_005;0,26;328,826;28601,107;2669,4192;7,6923
sps4ext_200711_005;0,21;519,521;34088,203;3181,5504;9,5238
sps4ext_200711_005;0,20;360,714;36950,674;3448,7040;10,0000
sps4ext_200711_005;0,24;48,577;3527,624;329,2128;8,3333
sps4ext_200711_006;0,31;170,087;24106,241;2249,8896;6,4516
sps4ext_200711_006;0,27;232,422;25517,853;2381,6352;7,4074
sps4ext_200711_006;0,27;278,958;27690,616;2584,4448;7,4074
sps4ext_200711_006;0,25;406,541;29618,582;2764,3728;8,0000
sps4ext_200711_006;0,29;266,941;25223,616;2354,1840;6,8965
sps4ext_200711_006;0,21;594,921;36312,227;3389,1312;9,5238
sps4ext_200711_006;0,27;283,202;26717,998;2493,6576;7,4074
sps4ext_200711_006;0,29;237,636;25126,954;2345,1792;6,8965
sps4ext_200711_006;0,23;44,684;3830,264;357,4704;8,6956
sps4ext_200711_006;0,21;444,934;35734,357;3335,2032;9,5238
sps4ext_200711_006;0,29;235,605;25616,214;2390,8416;6,8965
sps4ext_200711_007;0,22;455,720;33755,484;3150,5040;9,0909
sps4ext_200711_007;0,29;22,450;3052,592;284,8944;6,8965
sps4ext_200711_007;0,22;523,420;34225,315;3194,3520;9,0909
sps4ext_200711_007;0,21;533,144;35506,435;3313,9008;9,5238
sps4ext_200711_007;0,21;518,174;34137,222;3186,1200;9,5238
sps4ext_200711_007;0,23;458,622;31475,921;2937,7488;8,6956
sps4ext_200711_007;0,26;273,531;28844,721;2692,1664;7,6923
sps4ext_200711_007;0,27;200,581;27999,995;2613,3072;7,4074
sps4ext_200711_007;0,23;406,476;29953,001;2795,5872;8,6956
sps4ext_200711_007;0,22;530,056;34574,504;3226,9440;9,0909
sps4ext_200711_007;0,23;465,982;31885,971;2976,0192;8,6956
sps4ext_200711_008;0,25;369,783;30229,515;2821,3920;8,0000
sps4ext_200711_008;0,25;376,262;29654,612;2767,7328;8,0000
sps4ext_200711_008;0,19;698,377;37735,341;3521,9520;10,5263
sps4ext_200711_008;0,21;477,971;36524,757;3408,9552;9,5238
sps4ext_200711_008;0,29;234,182;25968,483;2423,7024;6,8965
sps4ext_200711_008;0,27;231,560;27974,012;2610,8880;7,4074
sps4ext_200711_008;0,22;52,122;3883,036;362,4096;9,0909
sps4ext_200711_008;0,21;590,372;35111,484;3277,0416;9,5238
sps4ext_200711_008;0,27;278,189;28102,461;2622,8832;7,4074
sps4ext_200711_008;0,21;603,810;34255,819;3197,2080;9,5238
sps4ext_200711_008;0,22;466,278;31299,122;2921,2512;9,0909
sps4ext_200711_009;0,28;293,095;26689,871;2491,0368;7,1428
sps4ext_200711_009;0,30;191,820;24720,054;2307,1776;6,6666
sps4ext_200711_009;0,21;546,214;36406,342;3397,9008;9,5238
sps4ext_200711_009;0,30;201,909;24968,062;2330,3280;6,6666
sps4ext_200711_009;0,29;215,589;25691,320;2397,8304;6,8965
sps4ext_200711_009;0,21;602,588;32833,637;3064,4544;9,5238
sps4ext_200711_009;0,26;323,271;28789,626;2687,0256;7,6923
sps4ext_200711_009;0,29;212,575;24860,861;2320,3152;6,8965
sps4ext_200711_009;0,30;200,928;24361,840;2273,7456;6,6666
sps4ext_200711_009;0,23;448,787;31797,930;2967,7872;8,6956
sps4ext_200711_010;0,23;456,308;32527,917;3035,9280;8,6956
sps4ext_200711_010;0,25;326,287;29509,588;2754,2256;8,0000
sps4ext_200711_010;0,22;419,733;33300,810;3108,0672;9,0909
sps4ext_200711_010;0,28;257,376;26518,013;2475,0096;7,1428
sps4ext_200711_010;0,22;495,368;32382,967;3022,3872;9,0909
sps4ext_200711_010;0,27;270,019;25218,612;2353,7136;7,4074
sps4ext_200711_010;0,24;426,547;29947,442;2795,0832;8,3333
sps4ext_200711_010;0,22;467,218;32801,124;3061,4304;9,0909
sps4ext_200711_010;0,29;193,957;25605,205;2389,8000;6,8965
sps4ext_200711_010;0,21;50,984;3971,861;370,6752;9,5238
sps4ext_200711_010;0,20;662,843;37912,806;3538,5168;10,0000
sps4ext_200711_011;0,27;301,525;27719,732;2587,1664;7,4074
sps4ext_200711_011;0,26;331,802;27646,676;2580,3456;7,6923
sps4ext_200711_011;0,20;631,050;36629,010;3418,6992;10,0000
sps4ext_200711_011;0,24;426,322;30838,010;2878,2096;8,3333
sps4ext_200711_011;0,28;271,940;26244,467;2449,4736;7,1428
sps4ext_200711_011;0,24;315,271;31347,318;2925,7200;8,3333
sps4ext_200711_011;0,29;26,479;3039,542;283,6848;6,8965
sps4ext_200711_011;0,22;517,703;34349,705;3205,9440;9,0909
sps4ext_200711_011;0,24;383,404;28770,086;2685,1776;8,3333
sps4ext_200711_011;0,22;479,845;33653,033;3140,9280;9,0909
sps4ext_200711_011;0,27;303,533;28127,297;2625,2016;7,4074
sps4ext_200711_012;0,23;387,618;31026,843;2895,8160;8,6956
sps4ext_200711_012;0,25;353,947;29515,324;2754,7632;8,0000
sps4ext_200711_012;0,22;487,546;33975,978;3171,0672;9,0909
sps4ext_200711_012;0,22;533,182;33757,038;3150,6384;9,0909
sps4ext_200711_012;0,22;473,792;30238,880;2822,2656;9,0909
sps4ext_200711_012;0,19;677,210;37581,537;3507,6048;10,5263
sps4ext_200711_012;0,23;440,136;31258,650;2917,4544;8,6956
sps4ext_200711_012;0,24;356,792;31020,732;2895,2448;8,3333
sps4ext_200711_012;0,20;622,006;36726,513;3427,8048;10,0000
sps4ext_200711_012;0,20;622,150;38080,271;3554,1408;10,0000
sps4ext_200711_012;0,29;25,591;3002,921;280,2576;6,8965
sps4ext_200711_013;0,25;303,461;29497,572;2753,0832;8,0000
sps4ext_200711_013;0,26;225,398;28870,983;2694,6192;7,6923
sps4ext_200711_013;0,21;551,278;35192,736;3284,6352;9,5238
sps4ext_200711_013;0,30;220,991;25350,758;2366,0448;6,6666
sps4ext_200711_013;0,27;263,441;26499,274;2473,2624;7,4074
sps4ext_200711_013;0,28;269,414;26336,129;2458,0080;7,1428
sps4ext_200711_013;0,21;545,761;34655,261;3234,4704;9,5238
sps4ext_200711_013;0,26;374,881;28092,848;2621,9760;7,6923
sps4ext_200711_013;0,27;294,867;25408,012;2371,3872;7,4074
sps4ext_200711_013;0,20;642,550;37397,919;3490,4688;10,0000
sps4ext_200711_013;0,25;34,895;3568,333;333,0432;8,0000
sps4ext_200711_014;0,20;673,774;37653,311;3514,2912;10,0000
sps4ext_200711_014;0,20;579,283;35555,557;3318,5040;10,0000
sps4ext_200711_014;0,29;246,188;26356,334;2459,9232;6,8965
sps4ext_200711_014;0,23;445,891;32470,275;3030,5520;8,6956
sps4ext_200711_014;0,25;360,821;29886,756;2789,4048;8,0000
sps4ext_200711_014;0,27;302,985;27932,923;2607,0576;7,4074
sps4ext_200711_014;0,26;350,632;28394,831;2650,1664;7,6923
sps4ext_200711_014;0,22;49,243;3910,445;364,9632;9,0909
sps4ext_200711_014;0,26;288,992;26010,526;2427,6336;7,6923
sps4ext_200711_014;0,27;287,072;26411,432;2465,0640;7,4074
sps4ext_200711_014;0,26;330,011;28984,046;2705,1696;7,6923
sps4ext_200711_015;0,22;510,540;33921,847;3166,0272;9,0909
sps4ext_200711_015;0,23;330,197;31392,959;2929,9872;8,6956
sps4ext_200711_015;0,21;555,210;35839,343;3344,9808;9,5238
sps4ext_200711_015;0,29;222,019;25695,305;2398,2000;6,8965
sps4ext_200711_015;0,24;445,266;31306,905;2921,9568;8,3333
sps4ext_200711_015;0,25;380,441;29755,124;2777,1408;8,0000
sps4ext_200711_015;0,25;343,398;27154,995;2534,4480;8,0000
sps4ext_200711_015;0,26;381,702;28157,283;2627,9904;7,6923
sps4ext_200711_015;0,22;492,671;33099,911;3089,3184;9,0909
sps4ext_200711_015;0,27;303,844;28002,330;2613,5424;7,4074
sps4ext_200711_015;0,28;27,140;3131,901;292,2864;7,1428
sps4ext_200711_016;0,21;360,200;34572,588;3226,7424;9,5238
sps4ext_200711_016;0,22;57,542;3874,850;361,6368;9,0909
sps4ext_200711_016;0,27;332,135;28110,737;2623,6560;7,4074
sps4ext_200711_016;0,25;371,025;30123,116;2811,4800;8,0000
sps4ext_200711_016;0,21;596,165;34531,319;3222,9120;9,5238
sps4ext_200711_016;0,21;519,149;34849,976;3252,6480;9,5238
sps4ext_200711_016;0,29;185,995;23225,466;2167,7040;6,8965
sps4ext_200711_016;0,23;493,765;32396,137;3023,6304;8,6956
sps4ext_200711_016;0,22;474,375;32608,970;3043,4880;9,0909
sps4ext_200711_016;0,22;476,927;33804,046;3155,0400;9,0909
sps4ext_200711_016;0,22;449,898;33263,899;3104,6064;9,0909
sps4ext_200711_017;0,26;360,748;28301,775;2641,4976;7,6923
sps4ext_200711_017;0,24;289,293;30757,937;2870,7168;8,3333
sps4ext_200711_017;0,26;345,692;29042,778;2710,6464;7,6923
sps4ext_200711_017;0,23;468,619;32210,140;3006,2592;8,6956
sps4ext_200711_017;0,23;466,014;32644,945;3046,8480;8,6956
sps4ext_200711_017;0,19;60,463;4412,789;411,8352;10,5263
sps4ext_200711_017;0,23;438,738;29830,671;2784,1632;8,6956
sps4ext_200711_017;0,29;284,192;26352,405;2459,5536;6,8965
sps4ext_200711_017;0,22;532,654;34405,094;3211,1184;9,0909
sps4ext_200711_017;0,28;281,432;26097,156;2435,7312;7,1428
sps4ext_200711_017;0,26;392,752;29239,811;2729,0256;7,6923
sps4ext_200711_018;0,26;35,305;3328,672;310,6656;7,6923
sps4ext_200711_018;0,22;377,361;34473,742;3217,5360;9,0909
sps4ext_200711_018;0,22;390,983;33428,535;3119,9952;9,0909
sps4ext_200711_018;0,21;432,878;31648,961;2953,8768;9,5238
sps4ext_200711_018;0,20;631,029;36641,466;3419,8416;10,0000
sps4ext_200711_018;0,22;481,783;33735,347;3148,6224;9,0909
sps4ext_200711_018;0,25;400,450;29358,377;2740,1136;8,0000
sps4ext_200711_018;0,27;292,435;27344,036;2552,0880;7,4074
sps4ext_200711_018;0,25;378,385;29536,497;2756,7120;8,0000
sps4ext_200711_018;0,24;418,027;29862,990;2787,1872;8,3333
sps4ext_200711_018;0,26;313,798;28291,541;2640,5232;7,6923
sps4ext_200711_019;0,23;451,759;31888,137;2976,2208;8,6956
sps4ext_200711_019;0,21;555,621;35812,490;3342,4944;9,5238
sps4ext_200711_019;0,21;442,725;31771,891;2965,3680;9,5238
sps4ext_200711_019;0,23;428,150;32140,133;2999,7408;8,6956
sps4ext_200711_019;0,24;295,112;30864,132;2880,6288;8,3333
sps4ext_200711_019;0,25;370,073;28960,759;2702,9856;8,0000
sps4ext_200711_019;0,21;61,525;4028,454;375,9840;9,5238
sps4ext_200711_019;0,26;369,105;27941,125;2607,8304;7,6923
sps4ext_200711_019;0,27;291,448;27558,833;2572,1472;7,4074
sps4ext_200711_019;0,27;295,664;27961,714;2609,7456;7,4074
sps4ext_200711_019;0,28;254,174;26421,435;2465,9712;7,1428
sps4ext_200711_020;0,29;237,877;25973,963;2424,2064;6,8965
sps4ext_200711_020;0,20;692,652;36442,280;3401,2608;10,0000
sps4ext_200711_020;0,23;406,169;32334,543;3017,8848;8,6956
sps4ext_200711_020;0,24;396,030;30758,932;2870,8176;8,3333
sps4ext_200711_020;0,28;275,358;25815,046;2409,3888;7,1428
sps4ext_200711_020;0,25;388,380;29787,540;2780,1648;8,0000
sps4ext_200711_020;0,24;300,890;31087,031;2901,4272;8,3333
sps4ext_200711_020;0,24;441,801;31339,169;2924,9808;8,3333
sps4ext_200711_020;0,29;197,827;25388,000;2369,5392;6,8965
sps4ext_200711_020;0,21;54,770;4041,332;377,1600;9,5238
sps4ext_200711_020;0,21;442,362;31500,781;2940,0672;9,5238
sps4ext_200811_001;0,21;51,426;4084,251;381,1920;9,5238
sps4ext_200811_001;0,24;445,900;30281,184;2826,2304;8,3333
sps4ext_200811_001;0,23;411,076;32523,068;3035,4576;8,6956
sps4ext_200811_001;0,28;232,377;26567,120;2479,5792;7,1428
sps4ext_200811_001;0,28;240,520;26777,893;2499,2688;7,1428
sps4ext_200811_001;0,27;308,832;26756,090;2497,2192;7,4074
sps4ext_200811_001;0,22;558,326;33952,450;3168,8832;9,0909
sps4ext_200811_001;0,25;331,470;29697,430;2771,7312;8,0000
sps4ext_200811_001;0,20;613,747;37298,765;3481,1952;10,0000
sps4ext_200811_001;0,23;343,509;31419,509;2932,4736;8,6956
sps4ext_200811_001;0,21;477,122;31742,878;2962,6464;9,5238
sps4ext_200811_002;0,26;293,150;25598,715;2389,1952;7,6923
sps4ext_200811_002;0,20;573,399;36620,939;3417,9264;10,0000
sps4ext_200811_002;0,29;262,307;25306,795;2361,9456;6,8965
sps4ext_200811_002;0,23;447,115;32578,666;3040,6656;8,6956
sps4ext_200811_002;0,19;702,664;38003,591;3546,9840;10,5263
sps4ext_200811_002;0,24;345,490;31690,526;2957,7744;8,3333
sps4ext_200811_002;0,27;228,312;26703,221;2492,2800;7,4074
sps4ext_200811_002;0,24;439,004;31697,977;2958,4464;8,3333
sps4ext_200811_002;0,21;548,838;35497,938;3313,1280;9,5238
sps4ext_200811_002;0,28;34,200;3158,291;294,7728;7,1428
sps4ext_200811_002;0,27;305,158;28058,393;2618,7504;7,4074
sps4ext_200811_003;0,29;213,410;25963,447;2423,2320;6,8965
sps4ext_200811_003;0,21;537,246;34760,476;3244,2816;9,5238
sps4ext_200811_003;0,28;227,005;26377,374;2461,8720;7,1428
sps4ext_200811_003;0,24;408,800;30751,100;2870,0784;8,3333
sps4ext_200811_003;0,22;504,094;34685,118;3237,2592;9,0909
sps4ext_200811_003;0,23;417,851;31712,446;2959,8240;8,6956
sps4ext_200811_003;0,23;381,227;32968,965;3077,0880;8,6956
sps4ext_200811_003;0,23;47,202;3705,763;345,8448;8,6956
sps4ext_200811_003;0,20;580,529;36772,286;3432,0720;10,0000
sps4ext_200811_003;0,22;489,950;30381,785;2835,6048;9,0909
sps4ext_200811_003;0,28;277,709;26858,499;2506,7616;7,1428
sps4ext_200811_004;0,21;642,601;35126,458;3278,4528;9,5238
sps4ext_200811_004;0,26;325,452;28791,839;2687,2272;7,6923
sps4ext_200811_004;0,32;142,859;21298,331;1987,8432;6,2500
sps4ext_200811_004;0,26;297,122;28235,114;2635,2480;7,6923
sps4ext_200811_004;0,31;187,055;24452,717;2282,2464;6,4516
sps4ext_200811_004;0,28;245,634;25848,728;2412,5472;7,1428
sps4ext_200811_004;0,30;23,223;2967,390;276,9312;6,6666
sps4ext_200811_004;0,23;398,413;32694,355;3051,4512;8,6956
sps4ext_200811_004;0,25;370,767;29949,019;2795,2176;8,0000
sps4ext_200811_004;0,27;283,529;27996,001;2612,9376;7,4074
sps4ext_200811_004;0,25;391,871;29720,792;2773,9152;8,0000
sps4ext_200811_005;0,30;213,435;25223,475;2354,1840;6,6666
sps4ext_200811_005;0,19;56,615;4296,973;401,0496;10,5263
sps4ext_200811_005;0,22;424,317;33838,776;3158,2656;9,0909
sps4ext_200811_005;0,23;311,373;33233,408;3101,7840;8,6956
sps4ext_200811_005;0,27;312,630;27135,240;2532,6000;7,4074
sps4ext_200811_005;0,21;516,596;35995,090;3359,5296;9,5238
sps4ext_200811_005;0,22;453,713;32720,190;3053,8704;9,0909
sps4ext_200811_005;0,22;484,279;34559,177;3225,4992;9,0909
sps4ext_200811_005;0,21;515,829;32608,016;3043,3872;9,5238
sps4ext_200811_005;0,22;448,319;33871,982;3161,3568;9,0909
sps4ext_200811_005;0,21;623,271;35976,191;3357,7488;9,5238
sps4ext_200811_006;0,24;375,297;29768,412;2778,3840;8,3333
sps4ext_200811_006;0,20;69,205;4221,505;393,9936;10,0000
sps4ext_200811_006;0,25;376,312;28837,536;2691,4944;8,0000
sps4ext_200811_006;0,23;444,745;32994,355;3079,4400;8,6956
sps4ext_200811_006;0,21;476,836;31492,503;2939,2944;9,5238
sps4ext_200811_006;0,22;446,941;32754,131;3057,0288;9,0909
sps4ext_200811_006;0,24;441,992;31763,094;2964,5280;8,3333
sps4ext_200811_006;0,25;334,465;29715,993;2773,4784;8,0000
sps4ext_200811_006;0,26;326,830;29250,176;2730,0000;7,6923
sps4ext_200811_006;0,22;547,904;33488,698;3125,6064;9,0909
sps4ext_200811_006;0,27;249,141;28386,892;2649,4272;7,4074
sps4ext_200811_007;0,30;197,116;23887,558;2229,4944;6,6666
sps4ext_200811_007;0,20;625,506;37855,362;3533,1408;10,0000
sps4ext_200811_007;0,30;217,394;25247,923;2356,4688;6,6666
sps4ext_200811_007;0,28;262,187;26859,133;2506,8288;7,1428
sps4ext_200811_007;0,21;582,648;35278,523;3292,6320;9,5238
sps4ext_200811_007;0,28;259,671;26043,024;2430,6576;7,1428
sps4ext_200811_007;0,30;212,899;25473,956;2377,5360;6,6666
sps4ext_200811_007;0,27;353,066;28171,955;2629,3680;7,4074
sps4ext_200811_007;0,26;353,309;28555,310;2665,1520;7,6923
sps4ext_200811_007;0,27;287,913;25457,014;2375,9568;7,4074
sps4ext_200811_008;0,23;458,641;32046,303;2990,9712;8,6956
sps4ext_200811_008;0,25;371,040;30467,442;2843,6016;8,0000
sps4ext_200811_008;0,27;308,316;27346,152;2552,2896;7,4074
sps4ext_200811_008;0,27;211,414;27962,399;2609,8128;7,4074
sps4ext_200811_008;0,19;834,143;40241,258;3755,8416;10,5263
sps4ext_200811_008;0,23;393,728;31377,259;2928,5424;8,6956
sps4ext_200811_008;0,20;564,411;37338,031;3484,8576;10,0000
sps4ext_200811_008;0,29;257,564;25190,175;2351,0592;6,8965
sps4ext_200811_008;0,21;555,390;35862,765;3347,1648;9,5238
sps4ext_200811_009;0,28;257,071;26582,817;2481,0576;7,1428
sps4ext_200811_009;0,21;47,829;3991,121;372,4896;9,5238
sps4ext_200811_009;0,28;276,242;27415,290;2558,7408;7,1428
sps4ext_200811_009;0,21;532,099;35498,991;3313,2288;9,5238
sps4ext_200811_009;0,20;591,663;37386,755;3489,4272;10,0000
sps4ext_200811_009;0,22;515,678;34920,949;3259,2672;9,0909
sps4ext_200811_009;0,25;364,819;27121,214;2531,2896;8,0000
sps4ext_200811_009;0,25;355,794;29172,376;2722,7424;8,0000
sps4ext_200811_009;0,28;265,914;26905,901;2511,1968;7,1428
sps4ext_200811_009;0,29;228,484;24752,585;2310,2352;6,8965
sps4ext_200811_009;0,21;391,722;33942,873;3167,9760;9,5238
sps4ext_200811_010;0,28;245,797;24129,638;2252,0736;7,1428
sps4ext_200811_010;0,21;538,591;36374,137;3394,9104;9,5238
sps4ext_200811_010;0,20;540,930;37771,687;3525,3456;10,0000
sps4ext_200811_010;0,23;423,518;32044,044;2990,7696;8,6956
sps4ext_200811_010;0,27;302,360;28096,957;2622,3792;7,4074
sps4ext_200811_010;0,30;207,002;24623,581;2298,1728;6,6666
sps4ext_200811_010;0,24;391,521;31000,291;2893,3296;8,3333
sps4ext_200811_010;0,20;61,736;4185,814;390,6672;10,0000
sps4ext_200811_010;0,22;487,710;33302,798;3108,2352;9,0909
sps4ext_200811_010;0,22;459,580;33128,036;3091,9392;9,0909
sps4ext_200811_010;0,27;293,165;27226,129;2541,1008;7,4074
sps4ext_200811_011;0,27;245,609;27747,553;2589,7536;7,4074
sps4ext_200811_011;0,26;351,041;28211,452;2633,0640;7,6923
sps4ext_200811_011;0,22;441,118;32400,170;3024,0000;9,0909
sps4ext_200811_011;0,21;562,881;35044,944;3270,8592;9,5238
sps4ext_200811_011;0,28;297,500;27213,441;2539,8912;7,1428
sps4ext_200811_011;0,27;283,305;27842,435;2598,6240;7,4074
sps4ext_200811_011;0,27;307,046;27604,451;2576,4144;7,4074
sps4ext_200811_011;0,28;252,228;26428,626;2466,6432;7,1428
sps4ext_200811_012;0,28;268,909;26384,337;2462,5104;7,1428
sps4ext_200811_012;0,28;254,853;27197,114;2538,3792;7,1428
sps4ext_200811_012;0,28;250,065;25720,693;2400,5856;7,1428
sps4ext_200811_012;0,26;340,329;29056,673;2711,9232;7,6923
sps4ext_200811_012;0,28;225,620;26552,980;2478,2688;7,1428
sps4ext_200811_013;0,27;293,139;27709,596;2586,2256;7,4074
sps4ext_200811_013;0,25;414,864;29134,439;2719,1808;8,0000
sps4ext_200811_013;0,27;297,797;27260,269;2544,2592;7,4074
sps4ext_200811_013;0,23;463,867;33195,823;3098,2560;8,6956
sps4ext_200811_013;0,24;385,722;30087,627;2808,1536;8,3333
sps4ext_200811_013;0,26;270,544;29285,000;2733,2592;7,6923
sps4ext_200811_013;0,24;401,918;31297,721;2921,1168;8,3333
sps4ext_200811_014;0,24;295,143;30802,601;2874,8832;8,3333
sps4ext_200811_014;0,27;294,091;28182,392;2630,3424;7,4074
sps4ext_200811_014;0,21;626,661;36112,981;3370,5168;9,5238
sps4ext_200811_014;0,28;234,618;25961,580;2423,0640;7,1428
sps4ext_200811_014;0,20;695,429;37007,646;3454,0464;10,0000
sps4ext_200811_015;0,27;261,660;26714,747;2493,3552;7,4074
sps4ext_200811_015;0,28;261,855;26460,682;2469,6336;7,1428
sps4ext_200811_015;0,26;240,901;29022,365;2708,7312;7,6923
sps4ext_200811_015;0,27;321,688;28112,908;2623,8576;7,4074
sps4ext_200811_016;0,21;609,450;36056,095;3365,2080;9,5238
sps4ext_200811_016;0,28;230,959;25676,482;2396,4528;7,1428
sps4ext_200811_016;0,18;705,861;39771,129;3711,9600;11,1111
sps4ext_200811_016;0,23;424,375;32240,050;3009,0480;8,6956
sps4ext_200811_016;0,28;282,298;26834,397;2504,5104;7,1428
sps4ext_200811_017;0,24;446,820;31101,993;2902,8384;8,3333
sps4ext_200811_017;0,29;236,614;25722,425;2400,7536;6,8965
sps4ext_200811_017;0,24;474,941;30881,785;2882,2752;8,3333
sps4ext_200811_017;0,22;504,559;34443,896;3214,7472;9,0909
sps4ext_200811_017;0,24;399,177;30757,465;2870,6832;8,3333
sps4ext_200811_020;0,19;673,479;38462,406;3589,8240;10,5263
sps4ext_200811_020;0,27;300,837;27911,353;2605,0416;7,4074
sps4ext_200811_020;0,24;393,674;30725,144;2867,6592;8,3333
sps4ext_200811_020;0,23;435,036;31874,244;2974,9104;8,6956
sps4ext_200911_001;0,27;284,517;26829,503;2504,0736;7,4074
sps4ext_200911_001;0,21;551,652;35589,862;3321,6960;9,5238
sps4ext_200911_001;0,21;633,942;36229,495;3381,4032;9,5238
sps4ext_200911_001;0,24;358,836;30867,436;2880,9312;8,3333
sps4ext_200911_002;0,19;759,906;40162,403;3748,4832;10,5263
sps4ext_200911_002;0,22;416,288;32533,960;3036,4992;9,0909
sps4ext_200911_002;0,29;219,671;24999,122;2333,2512;6,8965
sps4ext_200911_002;0,28;287,710;27125,419;2531,6928;7,1428
sps4ext_200911_002;0,22;463,570;34225,491;3194,3520;9,0909
sps4ext_200911_003;0,21;608,819;36324,339;3390,2400;9,5238
sps4ext_200911_003;0,27;273,752;27123,458;2531,4912;7,4074
sps4ext_200911_003;0,24;376,693;31396,347;2930,3232;8,3333
sps4ext_200911_003;0,18;732,392;40491,830;3779,2272;11,1111
sps4ext_200911_004;0,25;319,759;30299,382;2827,9104;8,0000
sps4ext_200911_004;0,18;811,679;41610,684;3883,6560;11,1111
sps4ext_200911_004;0,26;308,845;27515,391;2568,0816;7,6923
sps4ext_200911_004;0,27;289,312;26608,717;2483,4768;7,4074
sps4ext_200911_004;0,30;215,541;25269,683;2358,4848;6,6666
sps4ext_200911_005;0,26;350,837;28928,448;2699,9616;7,6923
sps4ext_200911_005;0,28;311,901;27082,238;2527,6608;7,1428
sps4ext_200911_005;0,26;302,781;27439,272;2560,9920;7,6923
sps4ext_200911_005;0,29;227,601;26234,018;2448,4992;6,8965
sps4ext_200911_005;0,22;477,691;33676,947;3143,1792;9,0909
sps4ext_200911_006;0,29;244,888;26357,232;2459,9904;6,8965
sps4ext_200911_006;0,28;243,928;25851,395;2412,7824;7,1428
sps4ext_200911_006;0,18;765,701;41780,456;3899,4816;11,1111
sps4ext_200911_006;0,21;612,020;36183,559;3377,1024;9,5238
sps4ext_200911_007;0,19;735,615;38907,069;3631,3200;10,5263
sps4ext_200911_007;0,26;330,007;28149,086;2627,2176;7,6923
sps4ext_200911_007;0,22;494,615;34011,341;3174,3600;9,0909
sps4ext_200911_007;0,22;442,623;33709,513;3146,2032;9,0909
sps4ext_200911_008;0,21;562,624;35968,672;3357,0432;9,5238
sps4ext_200911_008;0,26;339,585;27496,718;2566,3344;7,6923
sps4ext_200911_008;0,22;455,745;32540,169;3037,0704;9,0909
sps4ext_200911_008;0,22;408,242;34250,453;3196,7040;9,0909
sps4ext_200911_008;0,29;270,654;26311,918;2455,7568;6,8965
sps4ext_200911_010;0,30;249,549;25330,086;2364,1296;6,6666
sps4ext_200911_010;0,27;300,906;27075,580;2527,0224;7,4074
sps4ext_200911_010;0,18;824,635;42180,062;3936,7776;11,1111
sps4ext_200911_010;0,24;486,072;31733,983;2961,8064;8,3333
sps4ext_200911_011;0,23;388,024;32271,533;3012,0048;8,6956
sps4ext_200911_011;0,30;207,476;25207,421;2352,6720;6,6666
sps4ext_200911_011;0,24;462,030;31125,629;2905,0560;8,3333
sps4ext_200911_011;0,25;434,486;29972,408;2797,4016;8,0000
sps4ext_200911_011;0,22;472,120;32246,298;3009,6528;9,0909
sps4ext_200911_012;0,22;512,827;34618,128;3231,0096;9,0909
sps4ext_200911_012;0,29;223,675;25749,174;2403,2400;6,8965
sps4ext_200911_012;0,20;634,719;37439,571;3494,3328;10,0000
sps4ext_200911_012;0,23;430,552;32169,560;3002,4624;8,6956
sps4ext_200911_013;0,18;768,977;42247,014;3943,0272;11,1111
sps4ext_200911_013;0,22;437,090;33643,525;3140,0544;9,0909
sps4ext_200911_013;0,28;248,876;25601,157;2389,4304;7,1428
sps4ext_200911_013;0,29;243,120;25782,103;2406,2976;6,8965
sps4ext_200911_014;0,30;205,842;24839,343;2318,3328;6,6666
sps4ext_200911_014;0,26;341,468;28399,502;2650,6032;7,6923
sps4ext_200911_014;0,24;430,609;31593,450;2948,7024;8,3333
sps4ext_200911_014;0,20;574,664;36835,905;3437,9856;10,0000
sps4ext_200911_014;0,28;252,712;25983,396;2425,1136;7,1428
sps4ext_200911_015;0,18;782,138;40933,186;3820,4208;11,1111
sps4ext_200911_015;0,21;558,018;34072,191;3180,0384;9,5238
sps4ext_200911_015;0,23;430,290;32512,942;3034,5168;8,6956
sps4ext_200911_016;0,28;271,271;25697,137;2398,3680;7,1428
sps4ext_200911_016;0,25;365,248;29511,721;2754,4272;8,0000
sps4ext_200911_016;0,22;520,582;34654,063;3234,3696;9,0909
sps4ext_200911_016;0,26;334,693;28399,018;2650,5696;7,6923
sps4ext_200911_017;0,20;650,393;38024,052;3548,8992;10,0000
sps4ext_200911_017;0,21;652,725;34860,063;3253,5888;9,5238
sps4ext_200911_017;0,28;259,682;27361,810;2553,7680;7,1428
sps4ext_200911_018;0,23;430,730;31898,036;2977,1280;8,6956
sps4ext_200911_018;0,22;503,909;34210,549;3192,9744;9,0909
sps4ext_200911_018;0,25;376,106;30660,609;2861,6448;8,0000
sps4ext_200911_018;0,28;281,880;26297,739;2454,4464;7,1428
sps4ext_200911_019;0,26;328,731;29089,240;2714,9808;7,6923
sps4ext_200911_019;0,25;389,281;29726,057;2774,4192;8,0000
sps4ext_200911_019;0,24;412,806;31912,419;2978,4720;8,3333
sps4ext_200911_019;0,30;219,518;24108,312;2250,0912;6,6666
sps4ext_200911_020;0,23;540,731;32883,304;3069,0912;8,6956
sps4ext_200911_020;0,28;241,483;25570,396;2386,5408;7,1428
sps4ext_200911_020;0,26;288,771;28683,036;2677,0800;7,6923
sps4ext_200911_020;0,22;513,590;34001,505;3173,4528;9,0909
sps4ext_201011_003;0,28;263,792;25551,838;2384,8272;7,1428
sps4ext_201011_003;0,26;307,217;28791,104;2687,1600;7,6923
sps4ext_201011_003;0,22;478,794;33539,048;3130,3104;9,0909
sps4ext_201011_003;0,21;540,123;35072,891;3273,4464;9,5238
sps4ext_201011_004;0,21;557,165;35524,055;3315,5472;9,5238
sps4ext_201011_005;0,29;244,166;25150,227;2347,3296;6,8965
sps4ext_201011_005;0,19;680,946;39759,215;3710,8512;10,5263
sps4ext_201011_005;0,29;243,232;26209,139;2446,1808;6,8965
sps4ext_201011_012;0,22;456,200;33332,079;3110,9904;9,0909
sps4ext_201011_012;0,24;457,915;31523,724;2942,1840;8,3333
sps4ext_201011_012;0,23;427,985;32279,874;3012,7776;8,6956
sps4ext_201011_012;0,20;587,778;37008,936;3454,1472;10,0000
sps4ext_201011_012;0,21;522,264;33657,190;3141,3312;9,5238
sps4ext_201011_012;0,24;48,357;3583,457;334,4544;8,3333
sps4ext_201011_012;0,26;328,843;28906,312;2697,9120;7,6923
sps4ext_201011_012;0,24;425,927;30605,991;2856,5376;8,3333
sps4ext_201011_012;0,26;344,001;29027,636;2709,2352;7,6923
sps4ext_201011_012;0,24;365,289;27916,996;2605,5792;8,3333
sps4ext_201011_012;0,25;350,060;29007,988;2707,3872;8,0000
sps4ext_201011_013;0,28;296,546;27259,655;2544,2256;7,1428
sps4ext_201011_013;0,23;457,891;31937,056;2980,7904;8,6956
sps4ext_201011_013;0,27;274,113;27344,787;2552,1552;7,4074
sps4ext_201011_013;0,20;63,938;4288,455;400,2432;10,0000
sps4ext_201011_013;0,30;215,034;25066,669;2339,5344;6,6666
sps4ext_201011_013;0,24;445,987;30986,207;2892,0192;8,3333
sps4ext_201011_013;0,24;394,361;29565,854;2759,4672;8,3333
sps4ext_201011_013;0,30;203,054;24575,043;2293,6704;6,6666
sps4ext_201011_013;0,31;187,654;23759,399;2217,5328;6,4516
sps4ext_201011_013;0,19;721,537;36299,063;3387,8880;10,5263
sps4ext_201011_013;0,26;325,495;28520,876;2661,9264;7,6923
sps4ext_201011_014;0,31;187,232;23834,789;2224,5552;6,4516
sps4ext_201011_014;0,24;432,662;31207,238;2912,6496;8,3333
sps4ext_201011_014;0,20;609,923;37195,480;3471,5520;10,0000
sps4ext_201011_014;0,29;199,145;25667,199;2395,5792;6,8965
sps4ext_201011_014;0,22;54,001;3826,052;357,0672;9,0909
sps4ext_201011_014;0,21;537,380;35432,839;3307,0464;9,5238
sps4ext_201011_014;0,24;403,922;30140,563;2813,0928;8,3333
sps4ext_201011_014;0,25;345,209;26949,309;2515,2624;8,0000
sps4ext_201011_014;0,22;463,951;33528,037;3129,2688;9,0909
sps4ext_201011_014;0,24;417,947;31617,687;2950,9536;8,3333
sps4ext_201011_014;0,21;509,452;34806,720;3248,6160;9,5238
sps4ext_201011_015;0,27;272,205;26686,906;2490,7680;7,4074
sps4ext_201011_015;0,24;417,021;31040,896;2897,1264;8,3333
sps4ext_201011_015;0,21;568,632;34758,693;3244,1136;9,5238
sps4ext_201011_015;0,21;490,406;35182,369;3283,6608;9,5238
sps4ext_201011_015;0,26;362,561;29235,471;2728,6224;7,6923
sps4ext_201011_015;0,24;412,738;29955,591;2795,8224;8,3333
sps4ext_201011_015;0,18;684,790;37881,716;3535,5936;11,1111
sps4ext_201011_015;0,23;425,912;32127,735;2998,5648;8,6956
sps4ext_201011_015;0,21;50,760;3935,911;367,3488;9,5238
sps4ext_201011_015;0,27;243,591;27454,691;2562,4368;7,4074
sps4ext_201011_015;0,27;287,757;27464,000;2563,2768;7,4074
sps4ext_201011_016;0,28;285,995;27250,452;2543,3520;7,1428
sps4ext_201011_016;0,20;599,036;36177,537;3376,5648;10,0000
sps4ext_201011_016;0,29;208,803;26355,697;2459,8560;6,8965
sps4ext_201011_016;0,31;175,075;23618,359;2204,3616;6,4516
sps4ext_201011_016;0,26;306,606;28415,461;2652,0816;7,6923
sps4ext_201011_016;0,29;243,956;25861,606;2413,7232;6,8965
sps4ext_201011_017;0,22;477,966;33301,274;3108,1008;9,0909
sps4ext_201011_017;0,23;432,196;31840,448;2971,7520;8,6956
sps4ext_201011_017;0,23;447,151;31977,087;2984,5200;8,6956
sps4ext_201011_017;0,22;547,810;34525,266;3222,3408;9,0909
sps4ext_201011_017;0,26;344,028;29317,460;2736,2832;7,6923
sps4ext_201011_017;0,20;526,820;33569,314;3133,1328;10,0000
sps4ext_201011_017;0,21;516,162;34251,394;3196,7712;9,5238
sps4ext_201011_017;0,21;50,392;3889,877;363,0480;9,5238
sps4ext_201011_017;0,23;434,064;32049,470;2991,2736;8,6956
sps4ext_201011_017;0,25;345,546;28807,486;2688,6720;8,0000
sps4ext_201011_017;0,23;493,753;33181,175;3096,8784;8,6956
sps4ext_201011_018;0,29;245,873;26183,969;2443,8288;6,8965
sps4ext_201011_018;0,28;243,774;25597,170;2389,0608;7,1428
sps4ext_201011_018;0,22;504,824;33890,924;3163,1376;9,0909
sps4ext_201011_018;0,25;40,736;3380,854;315,5376;8,0000
sps4ext_201011_018;0,23;453,189;32410,497;3024,9744;8,6956
sps4ext_201011_018;0,25;416,922;29511,995;2754,4272;8,0000
sps4ext_201011_018;0,26;309,168;25926,976;2419,8384;7,6923
sps4ext_201011_018;0,21;569,705;36181,509;3376,9344;9,5238
sps4ext_201011_018;0,25;363,714;30263,682;2824,5840;8,0000
sps4ext_201011_018;0,26;331,115;28323,859;2643,5472;7,6923
sps4ext_201011_018;0,24;464,654;30540,498;2850,4224;8,3333
sps4ext_201011_019;0,18;821,273;40844,648;3812,1552;11,1111
sps4ext_201011_019;0,22;469,165;32560,223;3038,9520;9,0909
sps4ext_201011_019;0,30;195,014;25329,731;2364,0960;6,6666
sps4ext_201011_020;0,28;260,037;27217,857;2540,3280;7,1428
sps4ext_201011_020;0,20;631,001;35763,677;3337,9248;10,0000
sps4ext_201011_020;0,18;795,310;40577,448;3787,2240;11,1111
sps4ext_201111_001;0,22;509,158;34643,363;3233,3616;9,0909
sps4ext_201111_001;0,19;701,121;36184,217;3377,1696;10,5263
sps4ext_201111_001;0,22;487,627;33568,160;3132,9984;9,0909
sps4ext_201111_001;0,28;253,527;27003,958;2520,3360;7,1428
sps4ext_201111_001;0,22;53,573;3769,112;351,7584;9,0909
sps4ext_201111_001;0,30;220,386;25341,253;2365,1712;6,6666
sps4ext_201111_001;0,21;489,821;34285,985;3199,9968;9,5238
sps4ext_201111_001;0,27;313,719;27703,955;2585,6880;7,4074
sps4ext_201111_001;0,29;233,371;25975,889;2424,4080;6,8965
sps4ext_201111_001;0,23;428,822;31740,677;2962,4448;8,6956
sps4ext_201111_001;0,20;643,570;36467,319;3403,6128;10,0000
sps4ext_201111_002;0,25;385,078;29730,823;2774,8560;8,0000
sps4ext_201111_002;0,30;221,303;24179,452;2256,7440;6,6666
sps4ext_201111_002;0,21;524,809;35041,192;3270,4896;9,5238
sps4ext_201111_002;0,29;24,487;3054,390;285,0624;6,8965
sps4ext_201111_002;0,23;457,188;33040,000;3083,7072;8,6956
sps4ext_201111_002;0,27;285,571;27379,958;2555,4480;7,4074
sps4ext_201111_002;0,21;559,342;35003,890;3267,0288;9,5238
sps4ext_201111_002;0,20;560,308;34368,247;3207,6912;10,0000
sps4ext_201111_002;0,26;258,079;28721,047;2680,6080;7,6923
sps4ext_201111_002;0,20;586,469;37151,107;3467,4192;10,0000
sps4ext_201111_002;0,25;363,486;28455,025;2655,7776;8,0000
sps4ext_201111_003;0,21;536,444;35455,481;3309,1632;9,5238
sps4ext_201111_003;0,27;272,293;24915,868;2325,4560;7,4074
sps4ext_201111_003;0,22;49,923;3868,419;361,0320;9,0909
sps4ext_201111_003;0,25;412,561;29532,397;2756,3424;8,0000
sps4ext_201111_003;0,22;486,471;32627,193;3045,2016;9,0909
sps4ext_201111_003;0,24;441,671;30653,131;2860,9392;8,3333
sps4ext_201111_003;0,22;480,206;33085,590;3087,9744;9,0909
sps4ext_201111_003;0,29;232,428;25994,232;2426,1216;6,8965
sps4ext_201111_003;0,25;378,181;29688,955;2770,9584;8,0000
sps4ext_201111_003;0,21;516,688;35248,790;3289,8768;9,5238
sps4ext_201111_003;0,26;345,929;29225,388;2727,6816;7,6923
sps4ext_201111_004;0,23;429,201;31250,170;2916,6816;8,6956
sps4ext_201111_004;0,23;431,604;32355,884;3019,8672;8,6956
sps4ext_201111_004;0,26;33,665;3253,822;303,6768;7,6923
sps4ext_201111_004;0,20;612,140;36515,644;3408,1152;10,0000
sps4ext_201111_004;0,26;337,010;26384,354;2462,5104;7,6923
sps4ext_201111_004;0,19;721,091;40134,209;3745,8288;10,5263
sps4ext_201111_004;0,19;703,469;40174,678;3749,6256;10,5263
sps4ext_201111_004;0,26;367,654;28381,277;2648,8896;7,6923
sps4ext_201111_004;0,23;424,238;30983,229;2891,7504;8,6956
sps4ext_201111_004;0,21;551,946;35187,548;3284,1648;9,5238
sps4ext_201111_004;0,20;606,960;36500,871;3406,7376;10,0000
sps4ext_201111_005;0,20;583,254;37262,828;3477,8352;10,0000
sps4ext_201111_005;0,26;328,685;28259,104;2637,4992;7,6923
sps4ext_201111_005;0,27;296,061;27672,069;2582,6976;7,4074
sps4ext_201111_005;0,23;481,482;32126,155;2998,4304;8,6956
sps4ext_201111_005;0,24;424,962;30242,497;2822,6016;8,3333
sps4ext_201111_005;0,22;462,044;32497,713;3033,1056;9,0909
sps4ext_201111_005;0,28;269,293;26990,779;2519,1264;7,1428
sps4ext_201111_005;0,21;485,766;35086,476;3274,7232;9,5238
sps4ext_201111_007;0,26;31,597;3241,726;302,5344;7,6923
sps4ext_201111_007;0,23;444,533;31508,849;2940,8064;8,6956
sps4ext_201111_007;0,25;403,618;30295,087;2827,5408;8,0000
sps4ext_201111_007;0,21;489,359;33714,410;3146,6736;9,5238
sps4ext_201111_007;0,29;247,049;26366,311;2460,8304;6,8965
sps4ext_201111_007;0,17;830,706;42721,641;3987,3456;11,7647
sps4ext_201111_007;0,22;491,313;34103,277;3182,9616;9,0909
sps4ext_201111_007;0,27;323,039;27644,364;2580,1104;7,4074
sps4ext_201111_007;0,25;329,917;26883,119;2509,0800;8,0000
sps4ext_201111_007;0,23;446,765;32661,544;3048,3936;8,6956
sps4ext_201111_007;0,23;441,490;31134,259;2905,8624;8,6956
sps4ext_201111_008;0,27;340,192;28700,027;2678,6592;7,4074
sps4ext_201111_008;0,25;364,482;29011,844;2707,7568;8,0000
sps4ext_201111_008;0,29;255,872;26289,949;2453,7072;6,8965
sps4ext_201111_008;0,20;615,794;36818,020;3436,3392;10,0000
sps4ext_201111_008;0,22;56,735;3879,945;362,1072;9,0909
sps4ext_201111_008;0,27;320,985;27521,910;2568,6864;7,4074
sps4ext_201111_008;0,29;228,528;24940,193;2327,7408;6,8965
sps4ext_201111_008;0,21;564,091;35327,616;3297,2352;9,5238
sps4ext_201111_008;0,27;283,787;26662,764;2488,5168;7,4074
sps4ext_201111_008;0,25;345,647;30366,866;2834,2272;8,0000
sps4ext_201111_008;0,27;271,369;24799,039;2314,5696;7,4074
sps4ext_201111_009;0,21;551,446;35062,693;3272,5056;9,5238
sps4ext_201111_009;0,27;333,214;28164,639;2628,6960;7,4074
sps4ext_201111_009;0,20;600,532;36981,436;3451,5936;10,0000
sps4ext_201111_009;0,23;375,931;32330,949;3017,5488;8,6956
sps4ext_201111_010;0,26;355,612;29181,440;2723,5824;7,6923
sps4ext_201111_010;0,24;406,580;30409,468;2838,1920;8,3333
sps4ext_201111_010;0,26;330,200;27667,234;2582,2608;7,6923
sps4ext_201111_010;0,29;230,799;23579,197;2200,6992;6,8965
sps4ext_201111_010;0,20;573,331;37301,986;3481,4976;10,0000
sps4ext_201111_010;0,27;280,537;26852,752;2506,2240;7,4074
sps4ext_201111_010;0,22;494,757;33776,523;3152,4528;9,0909
sps4ext_201111_010;0,25;416,532;30251,221;2823,4416;8,0000
sps4ext_201111_010;0,22;448,569;34190,188;3191,0592;9,0909
sps4ext_201111_010;0,20;629,880;37985,699;3545,3040;10,0000
sps4ext_201111_010;0,24;40,499;3484,672;325,2144;8,3333
sps4ext_201111_011;0,24;399,932;30032,873;2803,0464;8,3333
sps4ext_201111_011;0,27;277,562;26443,037;2467,9872;7,4074
sps4ext_201111_011;0,24;378,866;31201,025;2912,0784;8,3333
sps4ext_201111_011;0,20;524,190;37496,040;3499,6080;10,0000
sps4ext_201111_011;0,26;339,642;27813,339;2595,9024;7,6923
sps4ext_201111_011;0,23;478,426;32364,838;3020,7072;8,6956
sps4ext_201111_011;0,22;514,597;34598,144;3229,1280;9,0909
sps4ext_201111_012;0,25;393,116;30345,452;2832,2112;8,0000
sps4ext_201111_012;0,29;29,559;3027,368;282,5424;6,8965
sps4ext_201111_012;0,27;301,269;27136,139;2532,7008;7,4074
sps4ext_201111_012;0,26;336,050;29012,506;2707,8240;7,6923
sps4ext_201111_012;0,28;264,513;26629,308;2485,3920;7,1428
sps4ext_201111_012;0,18;790,553;42185,169;3937,2816;11,1111
sps4ext_201111_012;0,25;373,340;29242,109;2729,2608;8,0000
sps4ext_201111_012;0,21;551,036;36043,150;3363,9984;9,5238
sps4ext_201111_012;0,28;234,065;24129,311;2252,0400;7,1428
sps4ext_201111_012;0,20;609,183;35597,797;3322,4352;10,0000
sps4ext_201111_012;0,24;433,945;31547,650;2944,4352;8,3333
sps4ext_201111_013;0,20;598,108;37217,347;3473,6016;10,0000
sps4ext_201111_013;0,24;423,928;31752,900;2963,5872;8,3333
sps4ext_201111_013;0,22;482,221;32150,740;3000,7152;9,0909
sps4ext_201111_013;0,26;298,776;28922,416;2699,4240;7,6923
sps4ext_201111_013;0,21;559,957;34056,224;3178,5600;9,5238
sps4ext_201111_014;0,28;241,824;25499,716;2379,9552;7,1428
sps4ext_201111_014;0,26;364,316;29206,573;2725,9344;7,6923
sps4ext_201111_014;0,27;286,742;26427,976;2466,6096;7,4074
sps4ext_201111_014;0,28;249,613;25891,312;2416,5120;7,1428
sps4ext_201111_014;0,23;456,290;32192,708;3004,6464;8,6956
sps4ext_201111_014;0,23;44,212;3735,066;348,6000;8,6956
sps4ext_201111_014;0,25;340,980;26589,025;2481,6288;8,0000
sps4ext_201111_014;0,21;527,365;34740,002;3242,4000;9,5238
sps4ext_201111_014;0,21;550,118;36296,661;3387,6864;9,5238
sps4ext_201111_014;0,29;238,501;25946,246;2421,6192;6,8965
sps4ext_201111_014;0,23;476,005;32845,073;3065,5296;8,6956
sps4ext_201111_015;0,23;407,116;29368,646;2741,0544;8,6956
sps4ext_201111_015;0,25;43,121;3401,191;317,4192;8,0000
sps4ext_201111_015;0,29;234,451;25702,777;2398,9056;6,8965
sps4ext_201111_015;0,24;443,719;31852,257;2972,8608;8,3333
sps4ext_201111_015;0,20;618,926;35713,728;3333,2544;10,0000
sps4ext_201111_015;0,18;738,936;39358,047;3673,3872;11,1111
sps4ext_201111_015;0,23;466,789;32377,127;3021,8496;8,6956
sps4ext_201111_015;0,21;602,715;35274,793;3292,2960;9,5238
sps4ext_201111_015;0,20;564,735;36606,540;3416,5824;10,0000
sps4ext_201111_015;0,30;220,546;25206,477;2352,5712;6,6666
sps4ext_201111_015;0,22;522,093;33140,015;3093,0480;9,0909
sps4ext_201111_016;0,24;398,406;31544,928;2944,1664;8,3333
sps4ext_201111_016;0,20;550,157;35355,776;3299,8560;10,0000
sps4ext_201111_016;0,25;408,984;30400,798;2837,3856;8,0000
sps4ext_201111_016;0,22;533,606;33582,735;3134,3760;9,0909
sps4ext_201111_016;0,22;490,977;32632,639;3045,7056;9,0909
sps4ext_201111_016;0,21;640,661;35995,583;3359,5632;9,5238
sps4ext_201111_016;0,23;43,025;3607,861;336,7056;8,6956
sps4ext_201111_016;0,22;472,592;33234,194;3101,8512;9,0909
sps4ext_201111_016;0,23;451,776;31273,325;2918,8320;8,6956
sps4ext_201111_016;0,27;287,087;25100,202;2342,6592;7,4074
sps4ext_201111_016;0,25;342,758;29375,707;2741,7264;8,0000
sps4ext_201111_017;0,20;648,821;36860,518;3440,3040;10,0000
sps4ext_201111_017;0,20;577,258;36535,024;3409,9296;10,0000
sps4ext_201111_017;0,28;247,162;25936,441;2420,7120;7,1428
sps4ext_201111_017;0,22;492,697;33373,661;3114,8544;9,0909
sps4ext_201111_017;0,28;28,938;3027,405;282,5424;7,1428
sps4ext_201111_017;0,26;295,455;25556,097;2385,2304;7,6923
sps4ext_201111_017;0,25;410,076;30354,962;2833,1184;8,0000
sps4ext_201111_017;0,22;375,329;33788,157;3153,5280;9,0909
sps4ext_201111_017;0,24;439,050;31475,370;2937,6816;8,3333
sps4ext_201111_017;0,21;564,093;33988,845;3172,2768;9,5238
sps4ext_201111_017;0,19;664,603;38648,021;3607,1280;10,5263
sps4ext_201111_018;0,30;204,225;24801,758;2314,8048;6,6666
sps4ext_201111_018;0,27;278,935;25211,181;2353,0416;7,4074
sps4ext_201111_018;0,23;487,332;32196,688;3005,0160;8,6956
sps4ext_201111_018;0,28;277,168;27097,783;2529,1056;7,1428
sps4ext_201111_018;0,20;575,160;37195,774;3471,5856;10,0000
sps4ext_201111_018;0,22;489,208;33976,729;3171,1344;9,0909
sps4ext_201111_018;0,25;418,941;30361,256;2833,6896;8,0000
sps4ext_201111_018;0,28;284,963;26154,993;2441,1072;7,1428
sps4ext_201111_018;0,25;35,327;3381,843;315,6384;8,0000
sps4ext_201111_018;0,22;496,893;32455,885;3029,2080;9,0909
sps4ext_201111_018;0,20;591,369;36873,024;3441,4800;10,0000
sps4ext_201111_019;0,22;47,456;3855,256;359,8224;9,0909
sps4ext_201111_019;0,29;250,312;25478,024;2377,9392;6,8965
sps4ext_201111_019;0,24;393,687;30673,216;2862,8208;8,3333
sps4ext_201111_019;0,28;275,135;26554,879;2478,4368;7,1428
sps4ext_201111_019;0,20;627,848;37504,414;3500,3808;10,0000
sps4ext_201111_019;0,22;452,258;33321,528;3109,9824;9,0909
sps4ext_201111_019;0,22;498,101;31336,699;2924,7456;9,0909
sps4ext_201111_019;0,21;527,960;33816,210;3156,1488;9,5238
sps4ext_201111_019;0,20;675,020;38217,465;3566,9424;10,0000
sps4ext_201111_019;0,27;288,714;27713,354;2586,5616;7,4074
sps4ext_201111_019;0,29;241,464;25322,938;2363,4576;6,8965
sps4ext_201111_020;0,21;499,196;34430,493;3213,5040;9,5238
sps4ext_201111_020;0,23;475,464;33170,849;3095,9376;8,6956
sps4ext_201111_020;0,21;593,299;35254,177;3290,3808;9,5238
sps4ext_201111_020;0,19;740,500;39322,616;3670,0944;10,5263
sps4ext_201111_020;0,22;479,388;31310,894;2922,3264;9,0909
sps4ext_201111_020;0,26;333,277;28771,008;2685,2784;7,6923
sps4ext_201111_020;0,22;52,640;3759,814;350,8848;9,0909
sps4ext_201111_020;0,28;277,515;26830,373;2504,1408;7,1428
sps4ext_201111_020;0,29;229,830;25533,857;2383,1472;6,8965
sps4ext_201111_020;0,30;208,132;24981,155;2331,5712;6,6666
sps4ext_201111_020;0,23;427,901;31131,815;2905,6272;8,6956
sps4ext_201211_001;0,20;574,332;36227,847;3381,2352;10,0000
sps4ext_201211_001;0,25;370,649;29537,270;2756,7792;8,0000
sps4ext_201211_001;0,22;480,809;34230,379;3194,8224;9,0909
sps4ext_201211_002;0,21;529,768;36018,552;3361,7136;9,5238
sps4ext_201211_002;0,26;342,974;28826,472;2690,4528;7,6923
sps4ext_201211_002;0,23;413,279;30986,033;2892,0192;8,6956
sps4ext_201211_002;0,26;312,869;28439,676;2654,3664;7,6923
sps4ext_201211_002;0,20;556,468;36316,491;3389,5344;10,0000
sps4ext_201211_002;0,22;514,855;33714,132;3146,6400;9,0909
sps4ext_201211_002;0,18;746,847;41173,150;3842,7984;11,1111
sps4ext_201211_002;0,20;676,853;38014,093;3547,9584;10,0000
sps4ext_201211_002;0,28;258,005;26422,814;2466,1056;7,1428
sps4ext_201211_003;0,21;526,929;34894,767;3256,8144;9,5238
sps4ext_201211_003;0,22;51,359;3830,483;357,5040;9,0909
sps4ext_201211_003;0,27;349,783;28287,336;2640,1200;7,4074
sps4ext_201211_003;0,19;693,227;37480,580;3498,1632;10,5263
sps4ext_201211_003;0,29;211,143;23044,452;2150,8032;6,8965
sps4ext_201211_003;0,21;458,378;36222,251;3380,7312;9,5238
sps4ext_201211_003;0,21;514,426;34927,854;3259,9056;9,5238
sps4ext_201211_003;0,24;416,006;30494,516;2846,1216;8,3333
sps4ext_201211_003;0,20;531,660;35717,642;3333,6240;10,0000
sps4ext_201211_003;0,27;373,187;28141,198;2626,4784;7,4074
sps4ext_201211_003;0,25;372,382;29959,592;2796,2256;8,0000
sps4ext_201211_004;0,26;320,320;28507,582;2660,6832;7,6923
sps4ext_201211_004;0,20;564,409;35790,721;3340,4448;10,0000
sps4ext_201211_004;0,30;216,551;23002,405;2146,8720;6,6666
sps4ext_201211_004;0,25;38,256;3420,675;319,2336;8,0000
sps4ext_201211_004;0,27;281,645;26448,606;2468,5248;7,4074
sps4ext_201211_004;0,21;500,964;34742,502;3242,6016;9,5238
sps4ext_201211_004;0,26;355,977;29295,765;2734,2672;7,6923
sps4ext_201211_004;0,28;269,349;26243,612;2449,3728;7,1428
sps4ext_201211_004;0,27;319,147;28195,056;2631,5184;7,4074
sps4ext_201211_004;0,25;413,942;30313,993;2829,2880;8,0000
sps4ext_201211_004;0,28;262,062;26551,743;2478,1344;7,1428
sps4ext_201211_005;0,21;533,886;35683,043;3330,3984;9,5238
sps4ext_201211_006;0,25;427,382;30493,477;2846,0544;8,0000
sps4ext_201211_006;0,21;531,919;35404,843;3304,4256;9,5238
sps4ext_201211_006;0,22;46,688;3753,080;350,2800;9,0909
sps4ext_201211_006;0,21;578,087;34425,602;3213,0336;9,5238
sps4ext_201211_006;0,22;473,192;32849,128;3065,8992;9,0909
sps4ext_201211_006;0,29;244,142;25712,141;2399,7792;6,8965
sps4ext_201211_006;0,22;534,170;33691,653;3144,5232;9,0909
sps4ext_201211_006;0,22;457,321;30149,302;2813,9328;9,0909
sps4ext_201211_006;0,24;411,424;30961,860;2889,7680;8,3333
sps4ext_201211_006;0,24;386,368;30310,960;2829,0192;8,3333
sps4ext_201211_006;0,26;344,340;28643,205;2673,3504;7,6923
sps4ext_201211_007;0,29;24,660;3052,417;284,8608;6,8965
sps4ext_201211_007;0,28;247,419;26596,487;2482,3344;7,1428
sps4ext_201211_007;0,27;296,017;28020,961;2615,2896;7,4074
sps4ext_201211_007;0,17;806,736;41858,437;3906,7728;11,7647
sps4ext_201211_007;0,25;406,687;30494,635;2846,1552;8,0000
sps4ext_201211_007;0,24;414,699;28677,950;2676,5760;8,3333
sps4ext_201211_007;0,24;394,818;29998,014;2799,7872;8,3333
sps4ext_201211_007;0,26;354,507;29190,229;2724,3888;7,6923
sps4ext_201211_007;0,22;491,277;34088,751;3181,5840;9,0909
sps4ext_201211_007;0,24;406,299;29883,417;2789,1024;8,3333
sps4ext_201211_007;0,21;593,908;36431,880;3400,2864;9,5238
sps4ext_201211_008;0,17;807,751;42907,150;4004,6496;11,7647
sps4ext_201211_008;0,25;379,109;29885,613;2789,3040;8,0000
sps4ext_201211_008;0,29;228,955;26006,317;2427,2304;6,8965
sps4ext_201211_008;0,24;413,246;31729,639;2961,4032;8,3333
sps4ext_201211_008;0,27;297,464;27589,802;2575,0368;7,4074
sps4ext_201211_008;0,24;410,701;30761,815;2871,0864;8,3333
sps4ext_201211_008;0,21;575,235;35607,318;3323,3424;9,5238
sps4ext_201211_008;0,23;424,441;31432,887;2933,7168;8,6956
sps4ext_201211_008;0,25;42,736;3476,030;324,4080;8,0000
sps4ext_201211_008;0,23;524,664;32084,365;2994,5328;8,6956
sps4ext_201211_008;0,23;453,076;29877,746;2788,5648;8,6956
sps4ext_201211_009;0,23;447,047;31963,916;2983,2768;8,6956
sps4ext_201211_009;0,26;312,392;27833,058;2597,7504;7,6923
sps4ext_201211_009;0,32;15,822;2784,888;259,8960;6,2500
sps4ext_201211_009;0,25;342,879;28642,563;2673,2832;8,0000
sps4ext_201211_009;0,20;580,821;37726,186;3521,0784;10,0000
sps4ext_201211_009;0,23;452,826;32375,088;3021,6480;8,6956
sps4ext_201211_009;0,23;429,390;29604,766;2763,0960;8,6956
sps4ext_201211_009;0,24;432,355;31411,548;2931,7344;8,3333
sps4ext_201211_009;0,28;274,794;26265,205;2451,3888;7,1428
sps4ext_201211_009;0,24;417,774;31186,231;2910,7008;8,3333
sps4ext_201211_009;0,28;272,480;26467,466;2470,2720;7,1428
sps4ext_201211_010;0,22;552,840;34560,342;3225,6000;9,0909
sps4ext_201211_010;0,20;600,795;37386,760;3489,4272;10,0000
sps4ext_201211_010;0,24;420,261;31784,593;2966,5440;8,3333
sps4ext_201211_010;0,31;17,476;2832,160;264,3312;6,4516
sps4ext_201211_010;0,20;576,110;36379,099;3395,3808;10,0000
sps4ext_201211_010;0,22;474,359;33535,798;3129,9744;9,0909
sps4ext_201211_010;0,25;318,708;27073,707;2526,8544;8,0000
sps4ext_201211_010;0,23;413,395;32363,650;3020,6064;8,6956
sps4ext_201211_010;0,29;256,096;25392,270;2369,9424;6,8965
sps4ext_201211_010;0,27;283,815;26466,791;2470,2048;7,4074
sps4ext_201211_010;0,26;323,054;28687,123;2677,4496;7,6923
sps4ext_201211_012;0,23;412,355;31008,799;2894,1360;8,6956
sps4ext_201211_012;0,24;363,793;31005,386;2893,8336;8,3333
sps4ext_201211_012;0,23;436,020;31341,228;2925,1488;8,6956
sps4ext_201211_012;0,20;600,495;36873,680;3441,5136;10,0000
sps4ext_201211_012;0,27;301,559;27965,148;2610,0480;7,4074
sps4ext_201211_012;0,22;523,823;33563,603;3132,5952;9,0909
sps4ext_201211_012;0,30;25,761;2990,432;279,0816;6,6666
sps4ext_201211_012;0,30;217,298;25344,670;2365,4736;6,6666
sps4ext_201211_012;0,24;389,782;28094,369;2622,1104;8,3333
sps4ext_201211_012;0,22;501,590;34470,664;3217,2336;9,0909
sps4ext_201211_012;0,21;552,565;35563,211;3319,2096;9,5238
sps4ext_201211_013;0,24;382,675;30733,044;2868,3984;8,3333
sps4ext_201211_013;0,30;210,951;25267,776;2358,3168;6,6666
sps4ext_201211_013;0,20;565,704;37131,480;3465,6048;10,0000
sps4ext_201211_013;0,23;463,526;33023,124;3082,1280;8,6956
sps4ext_201211_013;0,18;728,037;40892,380;3816,5904;11,1111
sps4ext_201211_013;0,24;423,144;31300,968;2921,4192;8,3333
sps4ext_201211_013;0,27;335,688;27230,777;2541,5376;7,4074
sps4ext_201211_013;0,31;17,887;2858,148;266,7504;6,4516
sps4ext_201211_013;0,22;497,540;33398,720;3117,2064;9,0909
sps4ext_201211_013;0,22;453,330;32308,536;3015,4320;9,0909
sps4ext_201211_013;0,26;300,926;25682,269;2396,9904;7,6923
sps4ext_201211_014;0,25;365,649;26885,351;2509,2816;8,0000
sps4ext_201211_014;0,22;531,939;34111,366;3183,7008;9,0909
sps4ext_201211_014;0,25;390,392;29022,988;2708,7984;8,0000
sps4ext_201211_014;0,30;205,120;25041,911;2337,2160;6,6666
sps4ext_201211_014;0,28;26,483;3229,692;301,4256;7,1428
sps4ext_201211_014;0,18;800,036;42309,986;3948,9072;11,1111
sps4ext_201211_014;0,24;393,287;30090,980;2808,4896;8,3333
sps4ext_201211_014;0,30;202,227;24266,892;2264,9088;6,6666
sps4ext_201211_014;0,20;547,060;37087,676;3461,5056;10,0000
sps4ext_201211_014;0,24;426,429;31636,028;2952,6672;8,3333
sps4ext_201211_014;0,22;467,733;33290,366;3107,0928;9,0909
sps4ext_201211_015;0,28;264,279;26635,986;2485,9968;7,1428
sps4ext_201211_015;0,25;343,512;28639,189;2672,9808;8,0000
sps4ext_201211_015;0,29;229,135;25824,901;2410,2960;6,8965
sps4ext_201211_015;0,30;193,712;24120,414;2251,2336;6,6666
sps4ext_201211_015;0,28;293,660;27229,979;2541,4368;7,1428
sps4ext_201211_015;0,27;31,786;3200,656;298,7040;7,4074
sps4ext_201211_015;0,18;870,379;42491,328;3965,8416;11,1111
sps4ext_201211_015;0,23;438,112;32151,468;3000,7824;8,6956
sps4ext_201211_015;0,24;379,237;31024,402;2895,5808;8,3333
sps4ext_201211_015;0,28;242,458;24298,308;2267,8320;7,1428
sps4ext_201211_015;0,22;493,888;32932,451;3073,6944;9,0909
sps4ext_201211_016;0,23;474,216;32216,020;3006,7968;8,6956
sps4ext_201211_016;0,23;456,344;31920,292;2979,2112;8,6956
sps4ext_201211_016;0,28;252,107;25655,871;2394,5376;7,1428
sps4ext_201211_016;0,31;19,325;2925,005;273,0000;6,4516
sps4ext_201211_016;0,22;521,552;34633,727;3232,4544;9,0909
sps4ext_201211_016;0,21;538,775;34768,661;3245,0544;9,5238
sps4ext_201211_016;0,20;547,184;36645,583;3420,2448;10,0000
sps4ext_201211_016;0,26;339,156;27398,797;2557,1952;7,6923
sps4ext_201211_016;0,28;286,221;26696,735;2491,6752;7,1428
sps4ext_201211_016;0,21;498,880;34916,580;3258,8640;9,5238
sps4ext_201211_016;0,31;167,154;21896,071;2043,6192;6,4516
sps4ext_201211_017;0,24;401,054;31192,146;2911,2384;8,3333
sps4ext_201211_017;0,28;232,516;24168,498;2255,7024;7,1428
sps4ext_201211_017;0,22;466,639;32513,019;3034,5168;9,0909
sps4ext_201211_017;0,26;301,923;28284,983;2639,9184;7,6923
sps4ext_201211_017;0,19;659,505;38094,163;3555,4512;10,5263
sps4ext_201211_017;0,30;192,018;25008,436;2334,0912;6,6666
sps4ext_201211_017;0,19;634,509;38657,933;3608,0688;10,5263
sps4ext_201211_017;0,28;270,482;26884,928;2509,2480;7,1428
sps4ext_201211_017;0,24;419,522;30902,427;2884,2240;8,3333
sps4ext_201211_017;0,23;417,451;31183,412;2910,4320;8,6956
sps4ext_201211_017;0,25;37,582;3462,311;323,1312;8,0000
sps4ext_201211_018;0,23;478,484;31735,057;2961,9072;8,6956
sps4ext_201211_018;0,30;212,006;25226,992;2354,4864;6,6666
sps4ext_201211_018;0,23;403,224;33090,007;3088,3776;8,6956
sps4ext_201211_018;0,23;506,958;32763,236;3057,8688;8,6956
sps4ext_201211_018;0,18;661,730;39010,240;3640,9296;11,1111
sps4ext_201211_018;0,28;257,609;26563,071;2479,2096;7,1428
sps4ext_201211_018;0,28;252,667;27249,979;2543,3184;7,1428
sps4ext_201211_018;0,23;454,270;32000,111;2986,6704;8,6956
sps4ext_201211_018;0,28;261,762;26967,658;2516,9760;7,1428
sps4ext_201211_019;0,26;352,901;29394,152;2743,4400;7,6923
sps4ext_201211_019;0,27;296,172;28325,505;2643,6816;7,4074
sps4ext_201211_019;0,22;487,981;34018,890;3175,0656;9,0909
sps4ext_201211_019;0,26;325,464;28262,670;2637,8352;7,6923
sps4ext_201211_019;0,23;440,397;32536,756;3036,7344;8,6956
sps4ext_201211_019;0,23;475,458;32192,727;3004,6464;8,6956
sps4ext_201211_019;0,22;516,622;33565,077;3132,7296;9,0909
sps4ext_201211_019;0,28;23,796;3123,749;291,5472;7,1428
sps4ext_201211_019;0,30;176,516;22385,127;2089,2480;6,6666
sps4ext_201211_019;0,19;762,993;38935,734;3633,9744;10,5263
sps4ext_201211_019;0,30;201,544;24332,384;2270,9904;6,6666
sps4ext_201211_020;0,22;520,121;33136,143;3092,6784;9,0909
sps4ext_201211_020;0,20;591,537;36360,942;3393,6672;10,0000
sps4ext_201211_020;0,26;328,255;27704,975;2585,7888;7,6923
sps4ext_201211_020;0,24;395,558;31698,895;2958,5472;8,3333
sps4ext_201211_020;0,27;334,500;27778,582;2592,6432;7,4074
sps4ext_201211_020;0,25;367,633;29745,082;2776,2000;8,0000
sps4ext_201211_020;0,21;562,786;36352,968;3392,9280;9,5238
sps4ext_201211_020;0,29;250,549;26032,912;2429,7168;6,8965
sps4ext_201411_001;0,30;22,297;3236,269;302,0304;6,6666
sps4ext_201411_001;0,25;337,392;29973,059;2797,4688;8,0000
sps4ext_201411_001;0,22;501,652;33809,143;3155,5104;9,0909
sps4ext_201411_001;0,28;223,568;24493,090;2286,0096;7,1428
sps4ext_201411_001;0,24;415,410;31757,967;2964,0576;8,3333
sps4ext_201411_001;0,25;312,487;29495,903;2752,9488;8,0000
sps4ext_201411_001;0,23;451,096;33066,341;3086,1600;8,6956
sps4ext_201411_001;0,23;428,176;31703,889;2959,0176;8,6956
sps4ext_201411_001;0,22;430,846;32405,553;3024,5040;9,0909
sps4ext_201411_001;0,28;246,878;25870,713;2414,5968;7,1428
sps4ext_201411_001;0,28;246,478;26542,339;2477,2608;7,1428
sps4ext_201411_002;0,25;360,237;30373,521;2834,8320;8,0000
sps4ext_201411_002;0,27;314,569;27238,212;2542,2096;7,4074
sps4ext_201411_002;0,22;477,971;34256,711;3197,2752;9,0909
sps4ext_201411_002;0,23;44,946;3946,169;368,2896;8,6956
sps4ext_201411_002;0,23;403,390;31945,491;2981,5632;8,6956
sps4ext_201411_002;0,26;306,989;29334,479;2737,8624;7,6923
sps4ext_201411_002;0,27;259,317;25579,675;2387,4144;7,4074
sps4ext_201411_002;0,22;448,716;33620,202;3137,8704;9,0909
sps4ext_201411_002;0,28;218,691;25994,524;2426,1552;7,1428
sps4ext_201411_002;0,28;272,554;26863,867;2507,2656;7,1428
sps4ext_201411_002;0,21;513,516;35300,744;3294,7152;9,5238
sps4ext_201411_003;0,22;452,686;33301,781;3108,1344;9,0909
sps4ext_201411_003;0,23;469,734;32741,609;3055,8528;8,6956
sps4ext_201411_003;0,30;193,958;24889,867;2323,0368;6,6666
sps4ext_201411_003;0,19;673,730;38220,271;3567,2112;10,5263
sps4ext_201411_003;0,22;492,630;33471,676;3123,9936;9,0909
sps4ext_201411_003;0,21;510,001;34862,689;3253,8240;9,5238
sps4ext_201411_003;0,25;320,209;28711,730;2679,7344;8,0000
sps4ext_201411_003;0,23;415,927;32194,149;3004,7808;8,6956
sps4ext_201411_004;0,22;449,745;32692,885;3051,3168;9,0909
sps4ext_201411_004;0,19;829,547;40196,539;3751,6752;10,5263
sps4ext_201411_004;0,25;378,220;29840,754;2785,1040;8,0000
sps4ext_201411_004;0,22;479,085;34714,011;3239,9472;9,0909
sps4ext_201411_004;0,21;494,153;33880,075;3162,1296;9,5238
sps4ext_201411_005;0,27;275,863;27119,112;2531,0880;7,4074
sps4ext_201411_005;0,28;213,800;24216,508;2260,2048;7,1428
sps4ext_201411_005;0,29;223,678;26087,258;2434,7904;6,8965
sps4ext_201411_005;0,22;497,484;34691,674;3237,8640;9,0909
sps4ext_201411_005;0,26;311,481;27982,541;2611,6944;7,6923
sps4ext_201411_005;0,24;424,024;31751,118;2963,4192;8,3333
sps4ext_201411_005;0,22;521,941;34512,500;3221,1648;9,0909
sps4ext_201411_005;0,22;483,618;34621,712;3231,3456;9,0909
sps4ext_201411_005;0,29;22,063;3261,111;304,3488;6,8965
sps4ext_201411_005;0,22;478,674;33435,379;3120,6336;9,0909
sps4ext_201411_005;0,22;473,903;32707,414;3052,6608;9,0909
sps4ext_201411_006;0,23;414,873;31898,246;2977,1616;8,6956
sps4ext_201411_006;0,27;237,566;25053,969;2338,3584;7,4074
sps4ext_201411_006;0,25;35,036;3686,383;344,0304;8,0000
sps4ext_201411_006;0,25;386,021;29446,503;2748,3120;8,0000
sps4ext_201411_006;0,22;477,408;33577,298;3133,8720;9,0909
sps4ext_201411_006;0,26;316,537;29263,700;2731,2768;7,6923
sps4ext_201411_006;0,24;359,956;31340,391;2925,0816;8,3333
sps4ext_201411_006;0,22;473,264;33827,399;3157,1904;9,0909
sps4ext_201411_006;0,28;238,016;26653,281;2487,6096;7,1428
sps4ext_201411_006;0,27;282,932;27414,820;2558,7072;7,4074
sps4ext_201411_006;0,21;539,981;35160,333;3281,6112;9,5238
sps4ext_201411_007;0,27;283,325;27042,166;2523,9312;7,4074
sps4ext_201411_007;0,29;224,681;26113,243;2437,2096;6,8965
sps4ext_201411_007;0,24;434,211;31064,127;2899,3104;8,3333
sps4ext_201411_007;0,22;476,293;34371,466;3207,9936;9,0909
sps4ext_201411_007;0,21;398,128;35555,761;3318,5376;9,5238
sps4ext_201411_007;0,22;455,182;33583,839;3134,4768;9,0909
sps4ext_201411_007;0,22;464,815;34806,034;3248,5488;9,0909
sps4ext_201411_007;0,27;274,885;25339,915;2365,0368;7,4074
sps4ext_201411_007;0,27;245,899;26582,592;2481,0240;7,4074
sps4ext_201411_007;0,24;42,249;3824,382;356,9328;8,3333
sps4ext_201411_007;0,26;339,017;27909,310;2604,8400;7,6923
sps4ext_201411_008;0,21;460,982;34889,410;3256,3440;9,5238
sps4ext_201411_008;0,22;453,626;33984,004;3171,8400;9,0909
sps4ext_201411_008;0,25;342,756;29740,196;2775,7296;8,0000
sps4ext_201411_008;0,30;201,538;25498,796;2379,8544;6,6666
sps4ext_201411_008;0,28;256,102;26618,526;2484,3840;7,1428
sps4ext_201411_008;0,30;167,525;22625,396;2111,6928;6,6666
sps4ext_201411_008;0,30;204,283;24002,080;2240,1792;6,6666
sps4ext_201411_008;0,23;44,130;3842,874;358,6464;8,6956
sps4ext_201411_008;0,21;499,343;34270,356;3198,5520;9,5238
sps4ext_201411_008;0,27;287,212;27977,827;2611,2576;7,4074
sps4ext_201411_008;0,27;252,328;26441,768;2467,8864;7,4074
sps4ext_201411_009;0,28;279,652;26319,386;2456,4624;7,1428
sps4ext_201411_009;0,24;382,481;30680,946;2863,5264;8,3333
sps4ext_201411_009;0,23;430,092;31908,383;2978,1024;8,6956
sps4ext_201411_009;0,27;28,447;3505,895;327,1968;7,4074
sps4ext_201411_009;0,27;299,957;27885,351;2602,6224;7,4074
sps4ext_201411_009;0,23;465,007;31655,786;2954,5152;8,6956
sps4ext_201411_009;0,28;221,641;24210,708;2259,6336;7,1428
sps4ext_201411_009;0,22;487,128;34741,307;3242,5008;9,0909
sps4ext_201411_009;0,23;423,675;32388,399;3022,8912;8,6956
sps4ext_201411_009;0,27;299,198;28125,981;2625,0672;7,4074
sps4ext_201411_009;0,23;437,064;32848,785;3065,8656;8,6956
sps4ext_201411_010;0,29;215,099;25736,953;2402,0976;6,8965
sps4ext_201411_010;0,22;439,256;32825,844;3063,7152;9,0909
sps4ext_201411_010;0,22;475,424;35305,689;3295,1856;9,0909
sps4ext_201411_010;0,23;48,404;4017,667;374,9760;8,6956
sps4ext_201411_010;0,23;460,211;31944,464;2981,4624;8,6956
sps4ext_201411_010;0,22;461,819;33404,066;3117,7104;9,0909
sps4ext_201411_010;0,22;385,115;32705,036;3052,4592;9,0909
sps4ext_201411_010;0,22;555,698;34013,899;3174,6288;9,0909
sps4ext_201411_010;0,24;364,845;27964,913;2610,0480;8,3333
sps4ext_201411_010;0,23;403,505;32315,037;3016,0368;8,6956
sps4ext_201411_010;0,27;264,540;28043,655;2617,4064;7,4074
sps4ext_201411_012;0,26;343,502;27900,101;2604,0000;7,6923
sps4ext_201411_012;0,28;26,575;3421,225;319,3008;7,1428
sps4ext_201411_012;0,23;397,419;29509,798;2754,2256;8,6956
sps4ext_201411_012;0,26;329,906;29460,231;2749,5888;7,6923
sps4ext_201411_012;0,25;339,944;30319,338;2829,7920;8,0000
sps4ext_201411_012;0,22;499,486;34272,019;3198,7200;9,0909
sps4ext_201411_012;0,26;309,880;28417,582;2652,2832;7,6923
sps4ext_201411_012;0,27;263,830;26952,776;2515,5648;7,4074
sps4ext_201411_012;0,27;294,523;28249,342;2636,5920;7,4074
sps4ext_201411_012;0,26;308,448;28784,695;2686,5552;7,6923
sps4ext_201411_012;0,25;355,100;30209,113;2819,5104;8,0000
sps4ext_201411_013;0,25;369,292;30260,585;2824,3152;8,0000
sps4ext_201411_013;0,24;436,125;30596,713;2855,6640;8,3333
sps4ext_201411_013;0,24;381,683;31212,057;2913,1200;8,3333
sps4ext_201411_013;0,22;438,008;32486,582;3032,0640;9,0909
sps4ext_201411_013;0,19;644,340;38407,209;3584,6496;10,5263
sps4ext_201411_014;0,21;496,978;34783,335;3246,4320;9,5238
sps4ext_201411_014;0,24;365,514;30728,797;2867,9952;8,3333
sps4ext_201411_014;0,23;469,441;32742,182;3055,9200;8,6956
sps4ext_201411_014;0,23;431,176;32112,916;2997,1872;8,6956
sps4ext_201411_014;0,23;40,159;3898,213;363,8208;8,6956
sps4ext_201411_014;0,29;232,167;25705,718;2399,1744;6,8965
sps4ext_201411_014;0,22;435,758;30619,225;2857,7808;9,0909
sps4ext_201411_014;0,23;454,669;31885,384;2975,9520;8,6956
sps4ext_201411_014;0,22;470,665;34375,755;3208,3968;9,0909
sps4ext_201411_014;0,29;224,179;25957,659;2422,6944;6,8965
sps4ext_201411_014;0,27;290,694;27188,802;2537,6064;7,4074
sps4ext_201411_015;0,25;368,364;28769,565;2685,1440;8,0000
sps4ext_201411_015;0,25;360,935;29460,627;2749,6560;8,0000
sps4ext_201411_015;0,27;321,188;28322,445;2643,4128;7,4074
sps4ext_201411_015;0,22;478,648;34032,210;3176,3088;9,0909
sps4ext_201411_015;0,27;263,337;27384,025;2555,8176;7,4074
sps4ext_201411_015;0,24;320,293;27947,326;2608,4016;8,3333
sps4ext_201411_015;0,29;21,443;3334,635;311,2032;6,8965
sps4ext_201411_015;0,27;251,596;27048,636;2524,5360;7,4074
sps4ext_201411_015;0,22;452,379;33581,706;3134,2752;9,0909
sps4ext_201411_015;0,24;448,637;31573,228;2946,8208;8,3333
sps4ext_201411_015;0,26;360,687;28886,121;2696,0304;7,6923
sps4ext_201411_016;0,23;462,094;32658,394;3048,0912;8,6956
sps4ext_201411_016;0,28;260,297;25986,420;2425,3824;7,1428
sps4ext_201411_016;0,19;673,376;39659,337;3701,5104;10,5263
sps4ext_201411_016;0,25;375,866;30469,031;2843,7696;8,0000
sps4ext_201411_017;0,28;247,049;26440,225;2467,7520;7,1428
sps4ext_201411_017;0,24;356,958;30647,155;2860,3680;8,3333
sps4ext_201411_017;0,23;441,003;31838,906;2971,6176;8,6956
sps4ext_201411_017;0,22;461,711;34057,940;3178,7280;9,0909
sps4ext_201411_017;0,23;384,770;31980,462;2984,8224;8,6956
sps4ext_201411_017;0,26;297,396;27661,461;2581,7232;7,6923
sps4ext_201411_017;0,24;348,572;27990,560;2612,4336;8,3333
sps4ext_201411_017;0,20;60,075;4510,704;420,9744;10,0000
sps4ext_201411_017;0,25;342,781;30212,609;2819,8128;8,0000
sps4ext_201411_017;0,26;299,654;28976,097;2704,4304;7,6923
sps4ext_201411_017;0,27;268,239;26985,796;2518,6560;7,4074
sps4ext_201411_018;0,28;222,895;27159,974;2534,9184;7,1428
sps4ext_201411_018;0,23;449,077;32153,220;3000,9504;8,6956
sps4ext_201411_018;0,31;176,385;23716,788;2213,5344;6,4516
sps4ext_201411_018;0,20;592,359;35968,379;3357,0432;10,0000
sps4ext_201411_018;0,29;215,218;24813,752;2315,9472;6,8965
sps4ext_201411_018;0,22;468,320;34334,346;3204,5328;9,0909
sps4ext_201411_018;0,23;413,222;31964,524;2983,3440;8,6956
sps4ext_201411_019;0,26;301,736;29290,691;2733,7968;7,6923
sps4ext_201411_019;0,22;542,312;33462,508;3123,1536;9,0909
sps4ext_201411_019;0,26;301,955;27683,958;2583,8064;7,6923
sps4ext_201411_019;0,22;473,274;33681,930;3143,6160;9,0909
sps4ext_201411_020;0,22;479,775;34230,600;3194,8560;9,0909
sps4ext_201411_020;0,25;349,187;30519,558;2848,4736;8,0000
sps4ext_201411_020;0,21;464,114;33686,298;3144,0528;9,5238
sps4ext_201411_020;0,22;481,412;33648,705;3140,5248;9,0909
sps4ext_201411_020;0,23;389,807;29220,942;2727,2784;8,6956
sps4ext_201411_020;0,21;484,312;34814,099;3249,2880;9,5238
sps4ext_201411_020;0,18;746,299;42845,474;3998,9040;11,1111
sps4ext_201411_020;0,29;226,378;24758,936;2310,8064;6,8965
sps4ext_201411_020;0,25;362,312;29877,183;2788,5312;8,0000
sps4ext_201411_020;0,26;295,519;28318,646;2643,0432;7,6923
sps4ext_201511_001;0,26;319,890;28647,454;2673,7536;7,6923
sps4ext_201511_001;0,23;481,840;33588,695;3134,9136;8,6956
sps4ext_201511_001;0,22;419,393;31104,412;2903,0736;9,0909
sps4ext_201511_001;0,30;199,638;25256,980;2357,3088;6,6666
sps4ext_201511_001;0,29;214,901;25156,460;2347,9344;6,8965
sps4ext_201511_001;0,24;358,255;31002,040;2893,4976;8,3333
sps4ext_201511_001;0,28;226,053;26619,508;2484,4848;7,1428
sps4ext_201511_001;0,21;462,151;33872,367;3161,3904;9,5238
sps4ext_201511_001;0,27;257,072;27997,301;2613,0720;7,4074
sps4ext_201511_001;0,26;279,345;28544,577;2664,1440;7,6923
sps4ext_201511_001;0,28;25,897;3397,933;317,1168;7,1428
sps4ext_201511_002;0,29;240,267;26478,601;2471,3136;6,8965
sps4ext_201511_002;0,28;238,938;24773,737;2312,1840;7,1428
sps4ext_201511_002;0,21;477,959;34034,739;3176,5440;9,5238
sps4ext_201511_002;0,22;460,455;34388,779;3209,6064;9,0909
sps4ext_201511_002;0,23;458,145;32970,222;3077,1888;8,6956
sps4ext_201511_002;0,29;214,139;26037,568;2430,1536;6,8965
sps4ext_201511_002;0,17;87,035;5086,697;474,7344;11,7647
sps4ext_201511_002;0,24;376,219;31071,387;2899,9824;8,3333
sps4ext_201511_002;0,28;236,579;26532,421;2476,3536;7,1428
sps4ext_201511_002;0,21;490,715;34675,356;3236,3520;9,5238
sps4ext_201511_002;0,26;301,459;29626,284;2765,1120;7,6923
sps4ext_201511_003;0,25;37,693;3745,291;349,5408;8,0000
sps4ext_201511_003;0,28;271,721;26791,843;2500,5456;7,1428
sps4ext_201511_003;0,26;294,878;28322,492;2643,4128;7,6923
sps4ext_201511_003;0,23;412,256;32549,639;3037,9440;8,6956
sps4ext_201511_003;0,29;218,212;25719,975;2400,5184;6,8965
sps4ext_201511_003;0,22;406,676;33501,743;3126,8160;9,0909
sps4ext_201511_003;0,22;517,691;34847,189;3252,3792;9,0909
sps4ext_201511_003;0,23;413,328;32275,495;3012,3744;8,6956
sps4ext_201511_003;0,20;541,964;34556,980;3225,2976;10,0000
sps4ext_201511_003;0,22;543,167;33742,261;3149,2608;9,0909
sps4ext_201511_003;0,24;412,350;31650,579;2954,0448;8,3333
sps4ext_201511_004;0,26;325,350;29320,122;2736,5184;7,6923
sps4ext_201511_004;0,25;338,608;29945,508;2794,8816;8,0000
sps4ext_201511_004;0,25;344,851;29174,426;2722,9440;8,0000
sps4ext_201511_004;0,24;397,874;31877,094;2975,1792;8,3333
sps4ext_201511_004;0,22;388,269;34425,948;3213,0672;9,0909
sps4ext_201511_004;0,27;237,143;25081,812;2340,9456;7,4074
sps4ext_201511_004;0,27;264,834;27215,816;2540,1264;7,4074
sps4ext_201511_004;0,26;335,325;28839,472;2691,6624;7,6923
sps4ext_201511_004;0,17;85,707;5051,150;471,4080;11,7647
sps4ext_201511_004;0,22;494,203;33777,917;3152,5872;9,0909
sps4ext_201511_004;0,28;243,038;26840,236;2505,0816;7,1428
sps4ext_201511_005;0,23;468,349;31323,214;2923,4688;8,6956
sps4ext_201511_005;0,25;375,436;30136,981;2812,7568;8,0000
sps4ext_201511_005;0,22;460,000;33868,180;3161,0208;9,0909
sps4ext_201511_005;0,26;299,094;29114,610;2717,3328;7,6923
sps4ext_201511_006;0,19;589,301;35474,931;3310,9776;10,5263
sps4ext_201511_006;0,25;358,423;29863,236;2787,2208;8,0000
sps4ext_201511_006;0,22;475,454;33274,216;3105,5808;9,0909
sps4ext_201511_006;0,26;311,853;28624,908;2671,6368;7,6923
sps4ext_201511_006;0,28;231,304;26689,049;2490,9696;7,1428
sps4ext_201511_006;0,22;471,145;34214,525;3193,3440;9,0909
sps4ext_201511_006;0,28;202,518;25791,861;2407,2384;7,1428
sps4ext_201511_006;0,28;264,289;27346,278;2552,2896;7,1428
sps4ext_201511_006;0,24;355,720;31801,804;2968,1568;8,3333
sps4ext_201511_006;0,25;364,804;30765,417;2871,4224;8,0000
sps4ext_201511_006;0,20;57,141;4493,573;419,3952;10,0000
sps4ext_201511_007;0,30;205,398;25553,066;2384,9280;6,6666
sps4ext_201511_007;0,27;300,493;27270,265;2545,2000;7,4074
sps4ext_201511_007;0,29;214,484;25340,706;2365,1040;6,8965
sps4ext_201511_007;0,28;231,163;26688,364;2490,9024;7,1428
sps4ext_201511_007;0,23;458,734;32889,662;3069,6960;8,6956
sps4ext_201511_007;0,19;590,603;35778,314;3339,3024;10,5263
sps4ext_201511_007;0,23;463,158;33385,025;3115,9296;8,6956
sps4ext_201511_007;0,27;275,722;28190,193;2631,0816;7,4074
sps4ext_201511_007;0,23;434,765;33241,263;3102,4896;8,6956
sps4ext_201511_007;0,22;43,093;3948,162;368,4912;9,0909
sps4ext_201511_007;0,22;485,821;33376,458;3115,1232;9,0909
sps4ext_201511_008;0,23;467,776;33415,505;3118,7520;8,6956
sps4ext_201511_008;0,22;465,379;34461,391;3216,3936;9,0909
sps4ext_201511_008;0,28;254,225;26424,496;2466,2736;7,1428
sps4ext_201511_008;0,19;692,370;39168,704;3655,7136;10,5263
sps4ext_201511_008;0,30;199,598;24792,217;2313,9312;6,6666
sps4ext_201511_008;0,22;449,735;32494,380;3032,8032;9,0909
sps4ext_201511_008;0,26;311,094;29217,682;2726,9760;7,6923
sps4ext_201511_008;0,21;482,903;31628,596;2951,9952;9,5238
sps4ext_201511_008;0,23;421,734;32817,837;3062,9760;8,6956
sps4ext_201511_008;0,25;380,908;30493,385;2846,0208;8,0000
sps4ext_201511_009;0,25;348,339;29802,928;2781,5760;8,0000
sps4ext_201511_009;0,22;430,605;33667,841;3142,3056;9,0909
sps4ext_201511_009;0,24;373,922;29860,671;2786,9856;8,3333
sps4ext_201511_009;0,28;244,836;26061,364;2432,3712;7,1428
sps4ext_201511_009;0,24;399,661;31943,374;2981,3616;8,3333
sps4ext_201511_009;0,19;612,720;37781,954;3526,2864;10,5263
sps4ext_201511_009;0,27;282,821;28406,111;2651,2080;7,4074
sps4ext_201511_010;0,24;378,633;30518,870;2848,4064;8,3333
sps4ext_201511_010;0,22;447,091;33473,324;3124,1616;9,0909
sps4ext_201511_010;0,28;254,938;27331,338;2550,9120;7,1428
sps4ext_201511_010;0,24;357,128;28585,699;2667,9744;8,3333
sps4ext_201511_010;0,22;519,516;34193,046;3191,3280;9,0909
sps4ext_201511_010;0,25;320,136;30401,583;2837,4528;8,0000
sps4ext_201511_010;0,26;256,376;28830,572;2690,8224;7,6923
sps4ext_201511_010;0,23;458,463;32894,322;3070,1328;8,6956
sps4ext_201511_010;0,28;241,317;25783,030;2406,3984;7,1428
sps4ext_201511_010;0,19;66,025;4541,191;423,8304;10,5263
sps4ext_201511_010;0,26;293,324;28710,811;2679,6672;7,6923
sps4ext_201511_011;0,26;281,250;28571,038;2666,5968;7,6923
sps4ext_201511_011;0,25;304,451;29414,757;2745,3552;8,0000
sps4ext_201511_011;0,25;348,238;30453,379;2842,2912;8,0000
sps4ext_201511_011;0,24;42,639;3786,534;353,4048;8,3333
sps4ext_201511_011;0,24;384,085;31327,099;2923,8384;8,3333
sps4ext_201511_011;0,25;342,933;27646,504;2580,3120;8,0000
sps4ext_201511_011;0,22;444,765;33687,299;3144,1200;9,0909
sps4ext_201511_011;0,28;245,535;26954,731;2515,7664;7,1428
sps4ext_201511_011;0,28;213,415;25947,478;2421,7536;7,1428
sps4ext_201511_011;0,26;291,432;27991,450;2612,5344;7,6923
sps4ext_201511_011;0,28;247,673;27235,224;2541,9408;7,1428
sps4ext_201511_012;0,28;257,827;26470,563;2470,5744;7,1428
sps4ext_201511_012;0,23;397,855;32152,491;3000,8832;8,6956
sps4ext_201511_012;0,28;255,081;27005,832;2520,5376;7,1428
sps4ext_201511_012;0,30;197,696;24851,729;2319,4752;6,6666
sps4ext_201511_012;0,26;313,173;25862,152;2413,7904;7,6923
sps4ext_201511_012;0,23;430,825;32905,952;3071,2080;8,6956
sps4ext_201511_012;0,24;391,664;31737,579;2962,1424;8,3333
sps4ext_201511_012;0,25;304,456;29836,898;2784,7680;8,0000
sps4ext_201511_012;0,24;39,568;3673,378;342,8208;8,3333
sps4ext_201511_012;0,29;218,507;26044,689;2430,8256;6,8965
sps4ext_201511_012;0,27;234,462;26864,373;2507,3328;7,4074
sps4ext_201511_013;0,25;337,292;30532,373;2849,6832;8,0000
sps4ext_201511_013;0,28;25,020;3317,243;309,5904;7,1428
sps4ext_201511_013;0,25;367,936;29223,796;2727,5472;8,0000
sps4ext_201511_013;0,25;348,557;30326,883;2830,4976;8,0000
sps4ext_201511_013;0,24;366,296;31868,286;2974,3728;8,3333
sps4ext_201511_013;0,26;294,473;26624,024;2484,8880;7,6923
sps4ext_201511_013;0,29;189,380;25029,386;2336,0736;6,8965
sps4ext_201511_013;0,28;236,066;26464,965;2470,0368;7,1428
sps4ext_201511_013;0,24;364,362;31044,296;2897,4624;8,3333
sps4ext_201511_013;0,26;311,109;28654,804;2674,4256;7,6923
sps4ext_201511_013;0,26;278,042;28505,354;2660,4816;7,6923
sps4ext_201511_014;0,21;466,639;31681,213;2956,9008;9,5238
sps4ext_201511_014;0,22;456,019;34254,597;3197,0736;9,0909
sps4ext_201511_014;0,23;415,192;32613,200;3043,8912;8,6956
sps4ext_201511_014;0,23;394,226;31600,549;2949,3744;8,6956
sps4ext_201511_014;0,25;355,632;29857,466;2786,6832;8,0000
sps4ext_201511_014;0,19;646,685;39074,196;3646,9104;10,5263
sps4ext_201511_014;0,23;436,928;31283,638;2919,7728;8,6956
sps4ext_201511_014;0,22;464,809;33616,070;3137,4672;9,0909
sps4ext_201511_014;0,27;237,410;27588,390;2574,9024;7,4074
sps4ext_201511_014;0,22;475,626;34501,593;3220,1232;9,0909
sps4ext_201511_015;0,22;463,121;33278,269;3105,9504;9,0909
sps4ext_201511_015;0,19;640,847;39772,629;3712,0944;10,5263
sps4ext_201511_015;0,24;393,081;31039,372;2896,9920;8,3333
sps4ext_201511_015;0,24;315,534;28627,130;2671,8384;8,3333
sps4ext_201511_015;0,29;21,733;3307,382;308,6832;6,8965
sps4ext_201511_015;0,23;450,239;32262,517;3011,1648;8,6956
sps4ext_201511_015;0,28;246,074;26882,351;2509,0128;7,1428
sps4ext_201511_015;0,23;460,696;32708,625;3052,7952;8,6956
sps4ext_201511_015;0,26;280,457;28673,609;2676,1728;7,6923
sps4ext_201511_015;0,21;500,512;35232,632;3288,3648;9,5238
sps4ext_201511_015;0,27;251,869;27179,189;2536,6992;7,4074
sps4ext_201511_016;0,24;385,627;31113,627;2903,9136;8,3333
sps4ext_201511_016;0,26;319,225;28956,894;2702,6160;7,6923
sps4ext_201511_016;0,24;363,794;30170,462;2815,8816;8,3333
sps4ext_201511_016;0,22;466,039;33687,199;3144,1200;9,0909
sps4ext_201511_016;0,27;257,480;26979,000;2518,0176;7,4074
sps4ext_201511_016;0,22;466,762;34337,352;3204,8016;9,0909
sps4ext_201511_016;0,18;764,857;39372,441;3674,7312;11,1111
sps4ext_201511_016;0,22;431,184;33998,822;3173,2176;9,0909
sps4ext_201511_017;0,27;284,577;28583,505;2667,7728;7,4074
sps4ext_201511_017;0,28;249,788;26466,757;2470,2048;7,1428
sps4ext_201511_017;0,26;312,649;28477,662;2657,8944;7,6923
sps4ext_201511_017;0,21;452,291;31973,684;2984,1840;9,5238
sps4ext_201511_017;0,24;392,514;31622,473;2951,4240;8,3333
sps4ext_201511_017;0,23;369,708;31262,600;2917,8240;8,6956
sps4ext_201511_017;0,21;551,780;35769,129;3338,4288;9,5238
sps4ext_201511_017;0,28;204,027;27324,598;2550,2736;7,1428
sps4ext_201511_017;0,23;405,400;32898,463;3070,5024;8,6956
sps4ext_201511_017;0,23;46,425;3965,541;370,1040;8,6956
sps4ext_201511_017;0,25;357,219;29669,097;2769,1104;8,0000
sps4ext_201511_019;0,26;332,731;29476,249;2751,1008;7,6923
sps4ext_201511_019;0,21;505,313;35294,813;3294,1776;9,5238
sps4ext_201511_019;0,28;222,951;25908,430;2418,0912;7,1428
sps4ext_201511_019;0,23;441,544;29512,303;2754,4608;8,6956
sps4ext_201511_019;0,22;509,488;34822,071;3250,0272;9,0909
sps4ext_201511_019;0,27;282,134;27962,018;2609,7792;7,4074
sps4ext_201511_019;0,26;314,311;28948,249;2701,8096;7,6923
sps4ext_201511_019;0,28;213,658;27003,957;2520,3360;7,1428
sps4ext_201511_019;0,24;362,783;30173,168;2816,1504;8,3333
sps4ext_201511_019;0,26;335,641;28380,433;2648,8224;7,6923
sps4ext_201511_019;0,29;23,470;3261,557;304,3824;6,8965
sps4ext_201511_020;0,24;380,195;28917,417;2698,9536;8,3333
sps4ext_201511_020;0,21;537,463;34671,080;3235,9488;9,5238
sps4ext_201511_020;0,24;368,487;30985,273;2891,9520;8,3333
sps4ext_201511_020;0,24;412,313;32015,225;2988,0816;8,3333
sps4ext_201511_020;0,24;422,823;30964,757;2890,0368;8,3333
sps4ext_201511_020;0,23;427,488;32235,016;3008,5776;8,6956
sps4ext_201511_020;0,23;384,792;32150,176;3000,6816;8,6956
sps4ext_201511_020;0,26;31,341;3544,494;330,7920;7,6923
sps4ext_201511_020;0,24;379,145;31120,425;2904,5520;8,3333
sps4ext_201511_020;0,19;670,607;38852,280;3626,2128;10,5263
sps4ext_201511_020;0,22;486,089;34626,700;3231,8160;9,0909
sps4ext_201611_001;0,25;303,700;29674,020;2769,5472;8,0000
sps4ext_201611_001;0,29;209,080;25446,813;2375,0160;6,8965
sps4ext_201611_001;0,21;487,976;34499,268;3219,9216;9,5238
sps4ext_201611_001;0,23;394,271;32927,103;3073,1904;8,6956
sps4ext_201611_001;0,26;288,936;27706,140;2585,8896;7,6923
sps4ext_201611_001;0,25;35,951;3658,227;341,4096;8,0000
sps4ext_201611_001;0,24;342,102;30837,607;2878,1760;8,3333
sps4ext_201611_001;0,23;406,765;32124,006;2998,2288;8,6956
sps4ext_201611_001;0,28;255,686;27199,882;2538,6480;7,1428
sps4ext_201611_001;0,19;636,278;40292,978;3760,6464;10,5263
sps4ext_201611_001;0,21;456,329;32067,644;2992,9536;9,5238
sps4ext_201611_002;0,24;404,282;30806,513;2875,2528;8,3333
sps4ext_201611_002;0,25;354,596;30352,638;2832,8832;8,0000
sps4ext_201611_002;0,21;549,480;35727,187;3334,5312;9,5238
sps4ext_201611_002;0,29;228,991;25961,199;2423,0304;6,8965
sps4ext_201611_002;0,19;676,402;40295,632;3760,9152;10,5263
sps4ext_201611_002;0,26;313,251;27865,523;2600,7744;7,6923
sps4ext_201611_002;0,22;442,476;33099,260;3089,2512;9,0909
sps4ext_201611_002;0,23;426,404;31651,146;2954,0784;8,6956
sps4ext_201611_002;0,22;531,939;34199,080;3191,8992;9,0909
sps4ext_201611_002;0,27;280,871;25287,450;2360,1312;7,4074
sps4ext_201611_002;0,29;23,335;3299,192;307,9104;6,8965
sps4ext_201611_003;0,23;43,757;3903,433;364,2912;8,6956
sps4ext_201611_003;0,27;285,224;27990,193;2612,4000;7,4074
sps4ext_201611_003;0,22;412,263;33889,512;3163,0032;9,0909
sps4ext_201611_003;0,21;624,285;36589,214;3414,9696;9,5238
sps4ext_201611_003;0,26;306,159;28324,510;2643,6144;7,6923
sps4ext_201611_003;0,29;219,784;25213,265;2353,2096;6,8965
sps4ext_201611_003;0,29;192,741;23599,395;2202,5808;6,8965
sps4ext_201611_003;0,22;474,650;34770,006;3245,1888;9,0909
sps4ext_201611_003;0,25;312,712;30705,049;2865,7776;8,0000
sps4ext_201611_003;0,24;382,567;30447,795;2841,7872;8,3333
sps4ext_201611_003;0,25;347,746;29621,212;2764,6416;8,0000
sps4ext_201611_004;0,21;556,692;34572,564;3226,7424;9,5238
sps4ext_201611_004;0,27;267,645;27810,392;2595,6336;7,4074
sps4ext_201611_004;0,28;25,077;3296,405;307,6416;7,1428
sps4ext_201611_004;0,27;275,792;25320,339;2363,2224;7,4074
sps4ext_201611_004;0,28;254,886;27018,549;2521,7136;7,1428
sps4ext_201611_004;0,24;384,297;30794,824;2874,1776;8,3333
sps4ext_201611_004;0,21;569,672;36491,795;3405,8976;9,5238
sps4ext_201611_004;0,23;399,053;33051,302;3084,7824;8,6956
sps4ext_201611_004;0,27;307,316;27548,008;2571,1392;7,4074
sps4ext_201611_004;0,22;454,769;33771,201;3151,9488;9,0909
sps4ext_201611_004;0,21;551,632;36217,825;3380,3280;9,5238
sps4ext_201611_005;0,29;215,095;25448,158;2375,1504;6,8965
sps4ext_201611_005;0,21;515,857;34327,879;3203,9280;9,5238
sps4ext_201611_005;0,22;408,140;34575,758;3227,0448;9,0909
sps4ext_201611_005;0,20;599,587;38316,144;3576,1488;10,0000
sps4ext_201611_005;0,26;312,798;28797,858;2687,7984;7,6923
sps4ext_201611_006;0,21;498,947;35661,353;3328,3824;9,5238
sps4ext_201611_007;0,19;687,415;40509,904;3780,9072;10,5263
sps4ext_201611_007;0,23;367,337;32429,367;3026,7216;8,6956
sps4ext_201611_007;0,29;22,236;3173,593;296,1840;6,8965
sps4ext_201611_007;0,28;252,922;26558,111;2478,7392;7,1428
sps4ext_201611_007;0,23;361,337;29709,481;2772,8736;8,6956
sps4ext_201611_007;0,22;468,111;34451,797;3215,4864;9,0909
sps4ext_201611_007;0,26;291,582;27896,667;2603,6640;7,6923
sps4ext_201611_007;0,21;534,045;35365,597;3300,7632;9,5238
sps4ext_201611_007;0,23;461,697;32982,693;3078,3648;8,6956
sps4ext_201611_007;0,24;388,716;30736,777;2868,7344;8,3333
sps4ext_201611_007;0,27;288,046;27918,071;2605,6800;7,4074
sps4ext_201611_008;0,26;310,714;29084,150;2714,5104;7,6923
sps4ext_201611_008;0,22;491,567;34587,141;3228,1200;9,0909
sps4ext_201611_008;0,23;384,000;31606,478;2949,9120;8,6956
sps4ext_201611_008;0,24;324,901;28083,962;2621,1696;8,3333
sps4ext_201611_008;0,22;345,308;33485,070;3125,2704;9,0909
sps4ext_201611_008;0,19;714,055;40418,293;3772,3728;10,5263
sps4ext_201611_008;0,26;287,799;27660,885;2581,6560;7,6923
sps4ext_201611_008;0,25;367,857;30452,485;2842,2240;8,0000
sps4ext_201611_008;0,22;450,650;34259,707;3197,5440;9,0909
sps4ext_201611_008;0,22;44,144;4082,485;381,0240;9,0909
sps4ext_201611_008;0,21;520,582;33986,813;3172,0752;9,5238
sps4ext_201611_009;0,24;390,314;30249,025;2823,2400;8,3333
sps4ext_201611_009;0,26;280,494;28497,494;2659,7424;7,6923
sps4ext_201611_009;0,26;271,561;28177,623;2629,9056;7,6923
sps4ext_201611_009;0,30;211,135;25187,542;2350,8240;6,6666
sps4ext_201611_009;0,20;585,371;37267,126;3478,2384;10,0000
sps4ext_201611_009;0,26;341,581;29000,360;2706,6816;7,6923
sps4ext_201611_009;0,24;384,699;31958,855;2982,8064;8,3333
sps4ext_201611_011;0,28;260,418;26419,278;2465,7696;7,1428
sps4ext_201611_011;0,22;440,528;32839,084;3064,9584;9,0909
sps4ext_201611_011;0,22;463,758;33768,851;3151,7472;9,0909
sps4ext_201611_011;0,25;33,500;3568,928;333,0768;8,0000
sps4ext_201611_011;0,19;647,447;40266,511;3758,1936;10,5263
sps4ext_201611_011;0,28;219,775;24749,951;2309,9664;7,1428
sps4ext_201611_011;0,24;389,564;31591,598;2948,5344;8,3333
sps4ext_201611_011;0,21;533,144;35286,315;3293,3712;9,5238
sps4ext_201611_011;0,28;251,206;26345,574;2458,9152;7,1428
sps4ext_201611_011;0,28;255,374;27225,816;2541,0672;7,1428
sps4ext_201611_011;0,28;224,328;26662,462;2488,4832;7,1428
sps4ext_201611_012;0,31;19,604;3127,534;291,8832;6,4516
sps4ext_201611_012;0,28;257,837;27471,721;2564,0160;7,1428
sps4ext_201611_012;0,21;588,864;35931,632;3353,6160;9,5238
sps4ext_201611_012;0,25;357,387;29298,592;2734,5024;8,0000
sps4ext_201611_012;0,25;313,345;29857,080;2786,6496;8,0000
sps4ext_201611_012;0,25;345,632;27633,342;2579,1024;8,0000
sps4ext_201611_012;0,26;320,581;29301,319;2734,7712;7,6923
sps4ext_201611_012;0,24;382,260;30617,028;2857,5792;8,3333
sps4ext_201611_012;0,24;413,596;31102,899;2902,9056;8,3333
sps4ext_201611_012;0,27;287,299;27255,140;2543,7888;7,4074
sps4ext_201611_012;0,21;577,065;36001,071;3360,0672;9,5238
sps4ext_201611_013;0,22;477,671;33631,086;3138,8784;9,0909
sps4ext_201611_013;0,26;359,112;29318,508;2736,3840;7,6923
sps4ext_201611_013;0,28;252,171;26978,244;2517,9504;7,1428
sps4ext_201611_013;0,24;370,969;31273,524;2918,8320;8,3333
sps4ext_201611_013;0,19;787,080;38669,898;3609,1776;10,5263
sps4ext_201611_013;0,28;220,216;25754,141;2403,7104;7,1428
sps4ext_201611_013;0,21;489,944;35477,606;3311,2128;9,5238
sps4ext_201611_013;0,26;377,484;28880,738;2695,5264;7,6923
sps4ext_201611_014;0,29;227,239;25270,357;2358,5520;6,8965
sps4ext_201611_014;0,22;422,018;32753,124;3056,9280;9,0909
sps4ext_201611_014;0,19;666,114;37479,535;3498,0624;10,5263
sps4ext_201611_014;0,27;298,193;28422,995;2652,7872;7,4074
sps4ext_201611_014;0,22;41,203;4050,633;378,0336;9,0909
sps4ext_201611_014;0,27;272,015;27525,509;2569,0224;7,4074
sps4ext_201611_014;0,23;463,341;32927,729;3073,2240;8,6956
sps4ext_201611_014;0,27;269,611;27871,712;2601,3456;7,4074
sps4ext_201611_014;0,27;240,573;24885,784;2322,6672;7,4074
sps4ext_201611_014;0,21;509,866;34987,202;3265,4496;9,5238
sps4ext_201611_014;0,24;319,263;31349,486;2925,9216;8,3333
sps4ext_201611_015;0,23;441,551;32126,673;2998,4640;8,6956
sps4ext_201611_015;0,19;598,742;37879,076;3535,3584;10,5263
sps4ext_201611_015;0,25;316,131;26777,726;2499,2352;8,0000
sps4ext_201611_015;0,28;241,607;26577,333;2480,5200;7,1428
sps4ext_201611_015;0,22;494,843;33943,508;3168,0432;9,0909
sps4ext_201611_015;0,28;223,948;25744,064;2402,7696;7,1428
sps4ext_201611_015;0,22;372,083;34339,303;3204,9696;9,0909
sps4ext_201611_015;0,22;413,025;34138,307;3186,2208;9,0909
sps4ext_201611_015;0,22;477,888;34988,924;3265,6176;9,0909
sps4ext_201611_015;0,27;270,154;27624,670;2578,2960;7,4074
sps4ext_201611_015;0,28;24,154;3466,807;323,5680;7,1428
sps4ext_201611_016;0,25;323,574;29781,375;2779,5936;8,0000
sps4ext_201611_016;0,29;25,971;3260,109;304,2480;6,8965
sps4ext_201611_016;0,24;402,342;30151,859;2814,1680;8,3333
sps4ext_201611_016;0,29;212,223;25172,809;2349,4464;6,8965
sps4ext_201611_016;0,24;332,320;27899,984;2603,9664;8,3333
sps4ext_201611_016;0,22;499,678;33189,261;3097,6512;9,0909
sps4ext_201611_016;0,24;409,315;31770,989;2965,2672;8,3333
sps4ext_201611_016;0,23;383,559;32365,891;3020,8080;8,6956
sps4ext_201611_016;0,27;314,793;28138,443;2626,2432;7,4074
sps4ext_201611_016;0,23;379,845;32685,814;3050,6448;8,6956
sps4ext_201611_016;0,24;379,966;31081,451;2900,9232;8,3333
sps4ext_201611_017;0,29;20,433;3311,758;309,0864;6,8965
sps4ext_201611_017;0,26;296,519;27713,113;2586,5280;7,6923
sps4ext_201611_017;0,26;286,842;28124,650;2624,9664;7,6923
sps4ext_201611_017;0,26;285,351;27905,377;2604,4704;7,6923
sps4ext_201611_017;0,23;387,387;33190,004;3097,7184;8,6956
sps4ext_201611_017;0,28;250,098;26856,211;2506,5600;7,1428
sps4ext_201611_017;0,23;422,417;32548,232;3037,8096;8,6956
sps4ext_201611_017;0,24;395,098;30823,284;2876,8320;8,3333
sps4ext_201611_017;0,26;274,207;26698,660;2491,8432;7,6923
sps4ext_201611_017;0,20;445,307;36900,587;3444,0336;10,0000
sps4ext_201611_017;0,22;476,437;34086,977;3181,4496;9,0909
sps4ext_201611_018;0,25;35,831;3719,921;347,1888;8,0000
sps4ext_201611_018;0,27;298,712;28151,471;2627,4528;7,4074
sps4ext_201611_018;0,26;316,699;29014,797;2708,0256;7,6923
sps4ext_201611_018;0,22;495,536;33289,426;3106,9920;9,0909
sps4ext_201611_018;0,23;471,295;33122,241;3091,4016;8,6956
sps4ext_201611_018;0,28;238,274;26115,970;2437,4784;7,1428
sps4ext_201611_018;0,21;601,118;36193,315;3378,0096;9,5238
sps4ext_201611_018;0,29;192,072;23916,322;2232,1824;6,8965
sps4ext_201611_018;0,27;305,348;28319,861;2643,1776;7,4074
sps4ext_201611_018;0,24;404,017;30887,419;2882,8128;8,3333
sps4ext_201611_018;0,28;225,502;27441,266;2561,1600;7,1428
sps4ext_201611_019;0,21;518,783;35459,929;3309,5664;9,5238
sps4ext_201611_019;0,29;23,925;3338,082;311,5392;6,8965
sps4ext_201611_019;0,30;190,892;25452,932;2375,5872;6,6666
sps4ext_201611_019;0,22;485,093;33733,496;3148,4544;9,0909
sps4ext_201611_019;0,27;241,178;25217,942;2353,6464;7,4074
sps4ext_201611_019;0,24;369,493;30274,873;2825,6256;8,3333
sps4ext_201611_019;0,27;277,193;27890,566;2603,0928;7,4074
sps4ext_201611_019;0,19;655,595;39833,161;3717,7392;10,5263
sps4ext_201611_019;0,23;425,083;33303,598;3108,3024;8,6956
sps4ext_201611_019;0,27;268,929;26837,634;2504,8128;7,4074
sps4ext_201611_019;0,23;335,624;33206,808;3099,2976;8,6956
sps4ext_201611_020;0,24;410,795;31936,822;2980,7568;8,3333
sps4ext_201611_020;0,25;317,724;30709,689;2866,2144;8,0000
sps4ext_201611_020;0,23;45,786;3905,949;364,5264;8,6956
sps4ext_201611_020;0,25;321,740;28839,175;2691,6288;8,0000
sps4ext_201611_020;0,24;393,956;31682,097;2956,9680;8,3333
sps4ext_201611_020;0,28;236,379;26775,285;2499,0000;7,1428
sps4ext_201611_020;0,26;336,707;29243,830;2729,3952;7,6923
sps4ext_201611_020;0,24;424,620;31408,183;2931,3984;8,3333
sps4ext_201611_020;0,28;216,919;24421,628;2279,3232;7,1428
sps4ext_201611_020;0,23;429,408;31550,146;2944,6704;8,6956
sps4ext_201611_020;0,20;539,834;35872,720;3348,1056;10,0000
sps4ext_201711_001;0,27;29,191;3444,065;321,4176;7,4074
sps4ext_201711_001;0,27;278,783;27008,872;2520,8064;7,4074
sps4ext_201711_001;0,23;424,054;32860,626;3066,9744;8,6956
sps4ext_201711_001;0,28;262,777;25941,071;2421,1488;7,1428
sps4ext_201711_001;0,27;297,832;28082,733;2621,0352;7,4074
sps4ext_201711_001;0,26;288,340;28023,260;2615,4912;7,6923
sps4ext_201711_001;0,23;435,074;32636,403;3046,0416;8,6956
sps4ext_201711_001;0,25;387,183;29794,731;2780,8368;8,0000
sps4ext_201711_001;0,27;294,123;28410,710;2651,6448;7,4074
sps4ext_201711_001;0,24;332,588;28225,223;2634,3408;8,3333
sps4ext_201711_001;0,27;273,897;27994,830;2612,8368;7,4074
sps4ext_201711_002;0,29;236,944;26399,992;2463,9888;6,8965
sps4ext_201711_002;0,29;218,987;25942,728;2421,3168;6,8965
sps4ext_201711_002;0,29;217,485;24119,700;2251,1664;6,8965
sps4ext_201711_002;0,23;381,072;33237,415;3102,1536;8,6956
sps4ext_201711_002;0,28;265,372;26390,698;2463,1152;7,1428
sps4ext_201711_002;0,25;398,361;30435,469;2840,6112;8,0000
sps4ext_201711_002;0,24;438,848;31946,544;2981,6640;8,3333
sps4ext_201711_002;0,23;420,750;31856,331;2973,2304;8,6956
sps4ext_201711_002;0,26;37,026;3607,638;336,7056;7,6923
sps4ext_201711_002;0,24;391,636;31004,098;2893,6992;8,3333
sps4ext_201711_002;0,25;362,121;30590,792;2855,1264;8,0000
sps4ext_201711_004;0,23;433,307;32389,889;3023,0256;8,6956
sps4ext_201711_004;0,25;330,542;30379,488;2835,4032;8,0000
sps4ext_201711_004;0,24;431,813;30843,080;2878,6800;8,3333
sps4ext_201711_004;0,21;516,899;34287,820;3200,1648;9,5238
sps4ext_201711_004;0,29;210,088;26069,861;2433,1776;6,8965
sps4ext_201711_004;0,27;281,134;27714,516;2586,6624;7,4074
sps4ext_201711_004;0,27;275,317;25599,851;2389,2960;7,4074
sps4ext_201711_004;0,29;221,763;25823,150;2410,1280;6,8965
sps4ext_201711_004;0,27;279,433;26931,795;2513,6160;7,4074
sps4ext_201711_004;0,19;641,144;38766,331;3618,1824;10,5263
sps4ext_201711_006;0,28;251,171;25871,815;2414,6976;7,1428
sps4ext_201711_006;0,25;330,924;30704,446;2865,7440;8,0000
sps4ext_201711_006;0,23;462,656;33288,975;3106,9584;8,6956
sps4ext_201711_006;0,26;304,081;28883,109;2695,7280;7,6923
sps4ext_201711_006;0,25;350,725;29775,457;2779,0224;8,0000
sps4ext_201711_006;0,29;203,461;23345,044;2178,8592;6,8965
sps4ext_201711_006;0,24;435,797;30966,846;2890,2384;8,3333
sps4ext_201711_006;0,20;534,520;37092,898;3461,9760;10,0000
sps4ext_201711_006;0,29;22,192;3212,004;299,7792;6,8965
sps4ext_201711_006;0,23;420,641;31529,731;2942,7552;8,6956
sps4ext_201711_006;0,26;333,479;29699,378;2771,9328;7,6923
sps4ext_201711_007;0,33;13,237;2906,619;271,2528;6,0606
sps4ext_201711_007;0,28;295,431;27450,260;2562,0000;7,1428
sps4ext_201711_007;0,24;399,519;31681,254;2956,9008;8,3333
sps4ext_201711_007;0,24;416,656;29768,683;2778,3840;8,3333
sps4ext_201711_007;0,29;205,628;23477,533;2191,2240;6,8965
sps4ext_201711_007;0,22;489,062;34033,774;3176,4768;9,0909
sps4ext_201711_007;0,23;389,610;32073,855;2993,5584;8,6956
sps4ext_201711_007;0,26;247,548;28672,310;2676,0720;7,6923
sps4ext_201711_007;0,29;221,514;25448,869;2375,2176;6,8965
sps4ext_201711_007;0,23;427,433;32401,406;3024,1008;8,6956
sps4ext_201711_007;0,19;752,283;39312,603;3669,1536;10,5263
sps4ext_201711_008;0,22;493,197;34147,336;3187,0608;9,0909
sps4ext_201711_008;0,28;252,723;26489,558;2472,3552;7,1428
sps4ext_201711_008;0,28;229,941;26116,698;2437,5456;7,1428
sps4ext_201711_008;0,29;217,720;25615,688;2390,7744;6,8965
sps4ext_201711_008;0,25;325,337;27314,174;2549,2992;8,0000
sps4ext_201711_008;0,22;49,206;4036,986;376,7568;9,0909
sps4ext_201711_008;0,30;189,093;25437,449;2374,1424;6,6666
sps4ext_201711_008;0,29;211,468;25933,349;2420,4432;6,8965
sps4ext_201711_008;0,26;323,567;29007,774;2707,3872;7,6923
sps4ext_201711_008;0,25;345,015;29982,325;2798,3424;8,0000
sps4ext_201711_008;0,27;262,331;27735,212;2588,6112;7,4074
sps4ext_201711_009;0,25;354,236;30540,105;2850,3888;8,0000
sps4ext_201711_009;0,30;172,335;23018,994;2148,4176;6,6666
sps4ext_201711_009;0,23;387,199;31137,060;2906,0976;8,6956
sps4ext_201711_009;0,22;427,881;33964,530;3169,9920;9,0909
sps4ext_201711_009;0,24;372,494;31088,668;2901,5952;8,3333
sps4ext_201711_009;0,27;263,717;27603,749;2576,3472;7,4074
sps4ext_201711_009;0,27;284,392;28130,196;2625,4704;7,4074
sps4ext_201711_009;0,22;47,738;3932,548;367,0128;9,0909
sps4ext_201711_009;0,24;391,232;31668,917;2955,7584;8,3333
sps4ext_201711_009;0,29;226,134;25681,060;2396,8896;6,8965
sps4ext_201711_009;0,27;271,479;26631,037;2485,5600;7,4074
sps4ext_201711_010;0,19;632,255;40241,472;3755,8416;10,5263
sps4ext_201711_010;0,27;268,059;26801,742;2501,4864;7,4074
sps4ext_201711_010;0,27;260,527;27535,978;2569,9968;7,4074
sps4ext_201711_010;0,20;62,097;4468,199;417,0096;10,0000
sps4ext_201711_010;0,27;283,101;27916,942;2605,5792;7,4074
sps4ext_201711_010;0,24;371,798;31391,466;2929,8528;8,3333
sps4ext_201711_010;0,26;327,872;29157,301;2721,3312;7,6923
sps4ext_201711_010;0,29;226,503;25479,596;2378,0736;6,8965
sps4ext_201711_010;0,25;370,672;29494,615;2752,8144;8,0000
sps4ext_201711_010;0,25;350,930;30297,534;2827,7424;8,0000
sps4ext_201711_010;0,24;347,709;28169,595;2629,1328;8,3333
sps4ext_201711_011;0,24;381,855;31063,323;2899,2432;8,3333
sps4ext_201711_011;0,29;215,607;26345,228;2458,8816;6,8965
sps4ext_201711_011;0,22;479,279;34300,738;3201,3744;9,0909
sps4ext_201711_011;0,24;413,451;30876,293;2881,7712;8,3333
sps4ext_201711_011;0,30;179,112;24970,869;2330,5968;6,6666
sps4ext_201711_011;0,26;310,984;28059,058;2618,8176;7,6923
sps4ext_201711_011;0,26;287,851;28592,752;2668,6464;7,6923
sps4ext_201711_011;0,24;398,519;31044,778;2897,4960;8,3333
sps4ext_201711_011;0,23;401,549;32844,436;3065,4624;8,6956
sps4ext_201711_012;0,27;276,260;27756,801;2590,6272;7,4074
sps4ext_201711_012;0,19;690,313;40245,882;3756,2784;10,5263
sps4ext_201711_012;0,28;257,367;27154,990;2534,4480;7,1428
sps4ext_201711_012;0,26;310,591;27978,121;2611,2912;7,6923
sps4ext_201711_012;0,23;390,150;32839,906;3065,0256;8,6956
sps4ext_201711_012;0,27;282,753;26941,610;2514,5232;7,4074
sps4ext_201711_012;0,22;328,157;33736,374;3148,7232;9,0909
sps4ext_201711_012;0,21;503,147;34965,596;3263,4336;9,5238
sps4ext_201711_013;0,28;272,986;26228,909;2448,0288;7,1428
sps4ext_201711_013;0,24;358,623;31276,235;2919,1008;8,3333
sps4ext_201711_014;0,24;405,113;30332,957;2831,0688;8,3333
sps4ext_201711_014;0,26;327,653;29461,097;2749,6896;7,6923
sps4ext_201711_014;0,26;312,585;29330,507;2737,4928;7,6923
sps4ext_201711_014;0,27;309,219;28409,812;2651,5776;7,4074
sps4ext_201711_014;0,25;391,283;29565,269;2759,4000;8,0000
sps4ext_201711_014;0,27;294,454;28113,891;2623,9584;7,4074
sps4ext_201711_014;0,23;418,095;31797,139;2967,7200;8,6956
sps4ext_201711_014;0,22;437,729;33978,736;3171,3360;9,0909
sps4ext_201711_015;0,20;587,714;37624,796;3511,6368;10,0000
sps4ext_201711_015;0,27;279,776;26860,528;2506,9632;7,4074
sps4ext_201711_015;0,24;369,677;31428,394;2933,3136;8,3333
sps4ext_201711_015;0,24;345,545;29941,250;2794,5120;8,3333
sps4ext_201711_015;0,28;216,433;27080,680;2527,5264;7,1428
sps4ext_201711_015;0,24;396,895;31485,282;2938,6224;8,3333
sps4ext_201711_015;0,28;238,430;26909,157;2511,4992;7,1428
sps4ext_201711_015;0,21;529,248;34875,767;3255,0672;9,5238
sps4ext_201711_016;0,26;312,563;28108,586;2623,4544;7,6923
sps4ext_201711_016;0,24;398,610;31868,584;2974,3728;8,3333
sps4ext_201711_016;0,28;222,408;26587,393;2481,4608;7,1428
sps4ext_201711_016;0,27;316,496;28245,039;2636,1888;7,4074
sps4ext_201711_016;0,23;428,181;33063,840;3085,9584;8,6956
sps4ext_201711_016;0,29;214,379;26065,482;2432,7744;6,8965
sps4ext_201711_016;0,19;624,676;38256,044;3570,5376;10,5263
sps4ext_201711_016;0,27;291,800;27210,888;2539,6560;7,4074
sps4ext_201711_017;0,24;396,491;30536,857;2850,0864;8,3333
sps4ext_201711_017;0,27;299,170;27752,865;2590,2576;7,4074
sps4ext_201711_017;0,23;372,943;32257,307;3010,6608;8,6956
sps4ext_201711_017;0,29;215,907;25211,381;2353,0416;6,8965
sps4ext_201711_017;0,29;190,631;25231,218;2354,8896;6,8965
sps4ext_201711_017;0,26;339,237;29552,944;2758,2576;7,6923
sps4ext_201711_017;0,28;237,076;26813,551;2502,5952;7,1428
sps4ext_201711_017;0,27;292,676;28233,960;2635,1472;7,4074
sps4ext_201711_018;0,28;251,362;26794,603;2500,8144;7,1428
sps4ext_201711_018;0,30;198,531;25166,407;2348,8416;6,6666
sps4ext_201711_018;0,23;424,526;32947,896;3075,1056;8,6956
sps4ext_201711_018;0,26;310,028;27729,350;2588,0400;7,6923
sps4ext_201711_018;0,25;331,215;28930,266;2700,1296;8,0000
sps4ext_201711_018;0,27;265,059;27935,734;2607,3264;7,4074
sps4ext_201711_018;0,28;250,944;26464,773;2470,0368;7,1428
sps4ext_201711_018;0,20;560,759;36788,495;3433,5840;10,0000
sps4ext_201711_019;0,28;236,897;26556,193;2478,5712;7,1428
sps4ext_201711_019;0,23;405,009;32453,848;3029,0064;8,6956
sps4ext_201711_019;0,26;333,506;29446,968;2748,3792;7,6923
sps4ext_201711_019;0,22;425,764;33556,387;3131,9232;9,0909
sps4ext_201711_019;0,20;554,755;36144,350;3373,4400;10,0000
sps4ext_201711_019;0,26;310,801;28397,259;2650,4016;7,6923
sps4ext_201711_019;0,26;345,246;29429,372;2746,7328;7,6923
sps4ext_201711_020;0,19;624,813;37639,274;3512,9808;10,5263
sps4ext_201711_020;0,22;449,331;33604,973;3136,4592;9,0909
sps4ext_201711_020;0,24;396,664;30538,440;2850,2544;8,3333
sps4ext_201711_020;0,26;333,297;28532,757;2663,0352;7,6923
sps4ext_201711_020;0,23;360,836;32971,280;3077,2896;8,6956
sps4ext_201711_020;0,27;275,654;26794,140;2500,7808;7,4074
sps4ext_201711_020;0,27;275,429;27735,971;2588,6784;7,4074
sps4ext_201811_001;0,23;447,926;31892,266;2976,5904;8,6956
sps4ext_201811_001;0,23;411,759;31939,667;2981,0256;8,6956
sps4ext_201811_001;0,27;302,547;27751,072;2590,0896;7,4074
sps4ext_201811_001;0,25;352,735;30009,275;2800,8624;8,0000
sps4ext_201811_001;0,25;387,934;29617,699;2764,3056;8,0000
sps4ext_201811_001;0,29;215,015;26047,105;2431,0608;6,8965
sps4ext_201811_001;0,30;212,366;25645,707;2393,5968;6,6666
sps4ext_201811_002;0,23;433,443;33148,405;3093,8208;8,6956
sps4ext_201811_002;0,23;416,978;32094,785;2995,5072;8,6956
sps4ext_201811_002;0,25;354,524;30543,289;2850,6912;8,0000
sps4ext_201811_002;0,25;332,903;29790,056;2780,4000;8,0000
sps4ext_201811_002;0,25;327,806;28851,166;2692,7712;8,0000
sps4ext_201811_002;0,22;446,146;32737,030;3055,4496;9,0909
sps4ext_201811_003;0,30;210,709;25618,028;2391,0096;6,6666
sps4ext_201811_003;0,23;411,506;31812,815;2969,1648;8,6956
sps4ext_201811_003;0,23;409,600;32409,121;3024,8400;8,6956
sps4ext_201811_003;0,24;392,796;31122,385;2904,7536;8,3333
sps4ext_201811_003;0,23;343,644;31975,159;2984,3184;8,6956
sps4ext_201811_003;0,18;684,820;40581,226;3787,5600;11,1111
sps4ext_201811_004;0,24;369,486;31864,953;2974,0368;8,3333
sps4ext_201811_004;0,20;454,259;36672,798;3422,7648;10,0000
sps4ext_201811_004;0,23;442,054;31132,875;2905,7280;8,6956
sps4ext_201811_004;0,23;413,259;31448,344;2935,1616;8,6956
sps4ext_201811_004;0,23;449,307;33187,124;3097,4496;8,6956
sps4ext_201811_004;0,25;353,901;30091,654;2808,5232;8,0000
sps4ext_201811_005;0,27;289,954;27051,404;2524,7712;7,4074
sps4ext_201811_005;0,24;390,054;31298,067;2921,1504;8,3333
sps4ext_201811_005;0,20;537,503;37006,819;3453,9456;10,0000
sps4ext_201811_005;0,27;284,563;27704,624;2585,7552;7,4074
sps4ext_201811_005;0,22;455,413;33465,524;3123,4224;9,0909
sps4ext_201811_005;0,26;299,674;28717,577;2680,3056;7,6923
sps4ext_201811_007;0,20;570,736;37728,384;3521,3136;10,0000
sps4ext_201811_007;0,28;267,653;27476,726;2564,4864;7,1428
sps4ext_201811_007;0,23;404,517;31422,476;2932,7424;8,6956
sps4ext_201811_007;0,26;284,339;28725,611;2681,0448;7,6923
sps4ext_201811_007;0,28;264,910;26239,093;2448,9696;7,1428
sps4ext_201811_007;0,25;361,970;30467,667;2843,6352;8,0000
sps4ext_201811_008;0,26;293,590;28715,685;2680,1040;7,6923
sps4ext_201811_008;0,26;281,997;28551,694;2664,8160;7,6923
sps4ext_201811_008;0,26;310,590;28241,984;2635,8864;7,6923
sps4ext_201811_008;0,24;405,923;31983,127;2985,0912;8,3333
sps4ext_201811_008;0,20;540,156;37825,287;3530,3520;10,0000
sps4ext_201811_008;0,27;291,006;27472,248;2564,0496;7,4074
sps4ext_201811_009;0,21;489,982;36571,130;3413,2896;9,5238
sps4ext_201811_009;0,24;392,189;30868,170;2880,9984;8,3333
sps4ext_201811_009;0,29;241,662;26319,124;2456,4288;6,8965
sps4ext_201811_009;0,29;192,978;25753,133;2403,6096;6,8965
sps4ext_201811_009;0,27;273,274;26782,714;2499,7056;7,4074
sps4ext_201811_009;0,23;429,653;32019,339;2988,4512;8,6956
sps4ext_201811_010;0,27;284,904;28054,912;2618,4480;7,4074
sps4ext_201811_010;0,27;284,740;28158,270;2628,0912;7,4074
sps4ext_201811_010;0,30;193,883;24787,942;2313,5280;6,6666
sps4ext_201811_010;0,21;540,945;36085,708;3367,9968;9,5238
sps4ext_201811_010;0,24;380,096;30795,947;2874,2784;8,3333
sps4ext_201811_010;0,28;229,942;26600,280;2482,6704;7,1428
sps4ext_201811_012;0,26;334,287;28196,792;2631,6864;7,6923
sps4ext_201811_012;0,28;243,695;26596,617;2482,3344;7,1428
sps4ext_201811_012;0,26;312,191;28686,363;2677,3824;7,6923
sps4ext_201811_012;0,22;452,795;32843,195;3065,3616;9,0909
sps4ext_201811_012;0,28;260,517;26967,054;2516,9088;7,1428
sps4ext_201811_013;0,27;292,118;28253,994;2637,0288;7,4074
sps4ext_201811_013;0,25;319,871;30623,895;2858,2176;8,0000
sps4ext_201811_013;0,29;241,043;25372,780;2368,0944;6,8965
sps4ext_201811_013;0,25;350,827;29993,401;2799,3840;8,0000
sps4ext_201811_013;0,29;184,074;25069,708;2339,8368;6,8965
sps4ext_201811_014;0,25;350,943;30681,316;2863,5600;8,0000
sps4ext_201811_014;0,29;196,203;25073,271;2340,1392;6,8965
sps4ext_201811_014;0,22;444,425;34850,846;3252,7152;9,0909
sps4ext_201811_014;0,23;413,229;31580,158;2947,4592;8,6956
sps4ext_201811_014;0,29;239,626;26428,034;2466,6096;6,8965
sps4ext_201811_015;0,26;320,204;29372,735;2741,4240;7,6923
sps4ext_201811_015;0,28;237,716;26598,362;2482,5024;7,1428
sps4ext_201811_015;0,23;404,890;32393,824;3023,3952;8,6956
sps4ext_201811_015;0,26;311,199;28103,119;2622,9504;7,6923
sps4ext_201811_015;0,28;237,689;26164,829;2442,0480;7,1428
sps4ext_201811_016;0,28;285,851;26416,415;2465,5008;7,1428
sps4ext_201811_016;0,27;302,184;28413,751;2651,9472;7,4074
sps4ext_201811_016;0,22;390,773;33446,459;3121,6416;9,0909
sps4ext_201811_016;0,29;214,089;25548,437;2384,4912;6,8965
sps4ext_201811_016;0,23;437,836;32285,337;3013,2816;8,6956
sps4ext_201811_017;0,26;360,005;29394,293;2743,4400;7,6923
sps4ext_201811_017;0,24;368,247;31293,053;2920,6800;8,3333
sps4ext_201811_017;0,29;228,471;26494,719;2472,8256;6,8965
sps4ext_201811_017;0,29;224,588;25210,438;2352,9408;6,8965
sps4ext_201811_018;0,22;369,063;34329,579;3204,0624;9,0909
sps4ext_201811_018;0,23;395,524;32192,569;3004,6128;8,6956
sps4ext_201811_018;0,26;304,805;28621,535;2671,3344;7,6923
sps4ext_201811_018;0,24;387,055;31098,151;2902,4688;8,3333
sps4ext_201811_019;0,24;422,501;31752,720;2963,5872;8,3333
sps4ext_201811_019;0,22;458,707;34000,095;3173,3184;9,0909
sps4ext_201811_019;0,26;266,891;27935,143;2607,2592;7,6923
sps4ext_201811_019;0,24;388,329;31141,343;2906,5008;8,3333
sps4ext_201811_020;0,23;460,937;32988,220;3078,8688;8,6956
sps4ext_201811_020;0,28;272,803;27406,034;2557,8672;7,1428
sps4ext_201811_020;0,28;212,084;25752,089;2403,5088;7,1428
sps4ext_201811_020;0,25;375,865;30641,410;2859,8640;8,0000
sps4ext_201911_001;0,26;343,447;29107,482;2716,6944;7,6923
sps4ext_201911_001;0,26;304,891;27497,592;2566,4352;7,6923
sps4ext_201911_001;0,25;318,596;30461,638;2843,0640;8,0000
sps4ext_201911_001;0,26;332,059;29272,133;2732,0496;7,6923
sps4ext_201911_002;0,26;326,338;28828,193;2690,6208;7,6923
sps4ext_201911_002;0,27;236,406;27287,529;2546,8128;7,4074
sps4ext_201911_002;0,26;314,773;28948,978;2701,8768;7,6923
sps4ext_201911_002;0,25;321,275;29152,140;2720,8608;8,0000
sps4ext_201911_004;0,25;345,522;29361,234;2740,3488;8,0000
sps4ext_201911_004;0,24;386,561;31358,434;2926,7616;8,3333
sps4ext_201911_004;0,22;461,315;33560,117;3132,2592;9,0909
sps4ext_201911_012;0,26;328,983;28517,235;2661,5904;7,6923
sps4ext_201911_012;0,26;268,147;28647,630;2673,7536;7,6923
sps4ext_201911_015;0,23;411,417;32678,703;3050,0064;8,6956
sps4ext_201911_015;0,30;206,752;24474,591;2284,2624;6,6666
sps4ext_201911_016;0,27;278,533;27135,841;2532,6672;7,4074
sps4ext_201911_016;0,24;358,634;30666,235;2862,1488;8,3333
sps4ext_201911_017;0,24;360,918;30838,229;2878,2096;8,3333
sps4ext_201911_018;0,33;137,587;22376,041;2088,4080;6,0606
sps4ext_201911_018;0,27;279,029;27782,363;2593,0128;7,4074
sps4ext_201911_019;0,25;308,663;29471,237;2750,6304;8,0000
sps4ext_201911_020;0,27;242,466;27493,199;2565,9984;7,4074
sps4ext_202011_001;0,25;324,268;30006,059;2800,5600;8,0000
sps4ext_202011_002;0,24;385,817;31744,491;2962,8144;8,3333
sps4ext_202011_006;0,30;154,081;25606,555;2389,9344;6,6666
sps4ext_202011_007;0,32;134,835;23686,235;2210,7120;6,2500
sps4ext_202011_008;0,31;138,873;24322,476;2270,0832;6,4516
sps4ext_202011_009;0,27;195,902;27634,548;2579,2032;7,4074
sps4ext_202011_010;0,30;142,309;24819,336;2316,4512;6,6666
sps4ext_202011_011;0,31;141,702;24932,597;2327,0352;6,4516
sps4ext_202011_012;0,32;136,072;24362,457;2273,8128;6,2500
sps4ext_202011_013;0,30;145,237;24840,548;2318,4336;6,6666
sps4ext_202011_015;0,30;153,514;25042,445;2337,2832;6,6666
sps4ext_202011_016;0,32;137,562;24019,494;2241,7920;6,2500
sps4ext_202011_018;0,30;154,114;25606,799;2389,9344;6,6666
sps4ext_202011_019;0,28;185,763;27004,758;2520,4368;7,1428
sps4ext_202111_002;0,30;172,002;24883,109;2322,3984;6,6666
