case;throughput [sim_y/day];cpl_comm_sec [sec];total_time_sec [sec];total_corehours [hr];hours_per_simmonth [hr]
sps4_202605_001;0,24;394,155;30545,774;2850,9264;8,3333
sps4_202605_001;0,27;9,358;1720,473;160,5744;7,4074
sps4_202605_001;0,25;380,730;30522,530;2848,7424;8,0000
sps4_202605_001;0,24;400,969;30654,205;2861,0400;8,3333
sps4_202605_001;0,20;583,587;35537,641;3316,8240;10,0000
sps4_202605_001;0,21;595,094;36579,593;3414,0624;9,5238
sps4_202605_001;0,20;634,424;37263,370;3477,9024;10,0000
sps4_202605_002;0,24;397,014;30608,387;2856,7728;8,3333
sps4_202605_002;0,32;4,747;1493,740;139,4064;6,2500
sps4_202605_002;0,25;386,456;29567,830;2759,6352;8,0000
sps4_202605_002;0,32;133,847;23389,640;2183,0256;6,2500
sps4_202605_002;0,21;541,612;35461,356;3309,7008;9,5238
sps4_202605_002;0,22;471,915;33172,672;3096,1056;9,0909
sps4_202605_002;0,21;631,170;36537,780;3410,1648;9,5238
sps4_202605_003;0,17;801,696;43722,348;4080,7200;11,7647
sps4_202605_003;0,24;398,231;30459,334;2842,8624;8,3333
sps4_202605_003;0,25;354,471;29509,855;2754,2256;8,0000
sps4_202605_003;0,26;304,398;28618,259;2671,0320;7,6923
sps4_202605_003;0,24;14,891;1837,220;171,4608;8,3333
sps4_202605_003;0,26;340,303;29150,408;2720,6928;7,6923
sps4_202605_003;0,20;562,351;36770,530;3431,9040;10,0000
sps4_202605_004;0,29;7,181;1614,419;150,6624;6,8965
sps4_202605_004;0,27;295,567;27664,074;2581,9584;7,4074
sps4_202605_004;0,17;771,081;42560,267;3972,2592;11,7647
sps4_202605_004;0,25;375,755;30298,971;2827,8768;8,0000
sps4_202605_004;0,22;516,312;34753,441;3243,6432;9,0909
sps4_202605_004;0,19;653,626;38755,863;3617,2080;10,5263
sps4_202605_004;0,23;465,466;32326,665;3017,1456;8,6956
sps4_202605_005;0,17;824,537;43152,928;4027,5984;11,7647
sps4_202605_005;0,32;4,824;1542,772;143,9760;6,2500
sps4_202605_005;0,21;571,065;34606,752;3229,9344;9,5238
sps4_202605_005;0,23;472,651;32393,816;3023,3952;8,6956
sps4_202605_005;0,23;425,019;32833,877;3064,4880;8,6956
sps4_202605_005;0,18;823,544;42369,696;3954,4848;11,1111
sps4_202605_005;0,26;328,441;28888,386;2696,2320;7,6923
sps4_202605_006;0,30;202,846;25548,178;2384,4912;6,6666
sps4_202605_006;0,21;640,540;36121,402;3371,3232;9,5238
sps4_202605_006;0,24;456,728;31832,136;2970,9792;8,3333
sps4_202605_006;0,32;4,652;1532,964;143,0688;6,2500
sps4_202605_006;0,25;413,043;29258,555;2730,7728;8,0000
sps4_202605_006;0,27;299,152;28192,863;2631,3168;7,4074
sps4_202605_006;0,24;393,798;30849,542;2879,2848;8,3333
sps4_202605_007;0,26;327,176;28800,596;2688,0336;7,6923
sps4_202605_007;0,20;595,949;36980,361;3451,4928;10,0000
sps4_202605_007;0,22;16,527;1928,905;180,0288;9,0909
sps4_202605_007;0,23;433,532;32872,968;3068,1168;8,6956
sps4_202605_007;0,24;464,708;31519,199;2941,7808;8,3333
sps4_202605_007;0,27;309,542;28268,434;2638,3728;7,4074
sps4_202605_007;0,21;616,367;35322,516;3296,7648;9,5238
sps4_202605_008;0,20;617,264;36330,805;3390,8448;10,0000
sps4_202605_008;0,25;395,368;30621,463;2857,9824;8,0000
sps4_202605_008;0,20;602,355;37358,947;3486,8064;10,0000
sps4_202605_008;0,28;244,530;26629,066;2485,3584;7,1428
sps4_202605_008;0,21;565,225;34228,855;3194,6880;9,5238
sps4_202605_008;0,20;655,721;37198,946;3471,8880;10,0000
sps4_202605_008;0,28;8,956;1718,543;160,3728;7,1428
sps4_202605_009;0,18;719,890;40962,348;3823,1424;11,1111
sps4_202605_009;0,30;7,071;1587,583;148,1424;6,6666
sps4_202605_009;0,26;306,446;28581,797;2667,6048;7,6923
sps4_202605_009;0,24;433,265;31543,907;2944,0656;8,3333
sps4_202605_009;0,26;304,419;28637,941;2672,8464;7,6923
sps4_202605_009;0,18;693,921;40382,661;3769,0464;11,1111
sps4_202605_009;0,21;560,628;35342,761;3298,6464;9,5238
sps4_202605_010;0,18;723,829;40912,651;3818,5056;11,1111
sps4_202605_010;0,30;6,477;1601,024;149,4192;6,6666
sps4_202605_010;0,20;598,538;37913,889;3538,6176;10,0000
sps4_202605_010;0,24;386,176;30127,684;2811,9168;8,3333
sps4_202605_010;0,25;361,723;29802,539;2781,5424;8,0000
sps4_202605_010;0,18;693,380;40358,315;3766,7616;11,1111
sps4_202605_010;0,26;350,143;29454,795;2749,0848;7,6923
sps4_202605_011;0,26;312,543;28446,300;2654,9712;7,6923
sps4_202605_011;0,22;481,188;33099,183;3089,2512;9,0909
sps4_202605_011;0,24;13,262;1809,234;168,8400;8,3333
sps4_202605_011;0,23;459,195;32056,126;2991,8784;8,6956
sps4_202605_011;0,25;447,235;30300,783;2828,0448;8,0000
sps4_202605_011;0,17;748,203;42103,641;3929,6544;11,7647
sps4_202605_011;0,19;645,171;38498,757;3593,1840;10,5263
sps4_202605_012;0,22;534,942;34075,725;3180,3744;9,0909
sps4_202605_012;0,17;779,309;42887,981;4002,8688;11,7647
sps4_202605_012;0,24;423,875;30880,717;2882,1744;8,3333
sps4_202605_012;0,25;357,854;29667,047;2768,9088;8,0000
sps4_202605_012;0,22;538,275;33623,776;3138,2064;9,0909
sps4_202605_012;0,31;4,906;1561,639;145,7232;6,4516
sps4_202605_012;0,17;773,288;43007,244;4013,9904;11,7647
sps4_202605_013;0,22;487,459;34010,729;3174,3264;9,0909
sps4_202605_013;0,17;798,784;43766,738;4084,8864;11,7647
sps4_202605_013;0,32;4,824;1533,607;143,1360;6,2500
sps4_202605_013;0,21;540,515;34689,381;3237,6624;9,5238
sps4_202605_013;0,20;610,611;38161,954;3561,7680;10,0000
sps4_202605_013;0,18;731,626;41147,607;3840,4128;11,1111
sps4_202605_013;0,29;220,795;25951,075;2422,0896;6,8965
sps4_202605_014;0,18;759,775;41128,555;3838,6320;11,1111
sps4_202605_014;0,23;423,674;31422,799;2932,7760;8,6956
sps4_202605_014;0,18;689,779;40484,156;3778,4880;11,1111
sps4_202605_014;0,29;7,894;1639,238;152,9808;6,8965
sps4_202605_014;0,24;493,243;32074,758;2993,6256;8,3333
sps4_202605_014;0,28;273,899;26404,843;2464,4256;7,1428
sps4_202605_014;0,23;487,751;32077,465;2993,8944;8,6956
sps4_202605_015;0,20;605,558;37306,787;3481,9344;10,0000
sps4_202605_015;0,22;520,841;34243,555;3196,0320;9,0909
sps4_202605_015;0,25;362,445;29136,124;2719,3488;8,0000
sps4_202605_015;0,26;360,766;29038,598;2710,2432;7,6923
sps4_202605_015;0,20;17,646;2030,444;189,5040;10,0000
sps4_202605_015;0,21;560,591;34016,898;3174,8976;9,5238
sps4_202605_015;0,22;498,381;34186,539;3190,7232;9,0909
sps4_202605_016;0,22;502,847;33843,531;3158,7024;9,0909
sps4_202605_016;0,18;724,165;39780,094;3712,8000;11,1111
sps4_202605_016;0,27;323,937;28232,509;2635,0128;7,4074
sps4_202605_016;0,18;23,486;2156,248;201,2304;11,1111
sps4_202605_016;0,24;416,386;31009,541;2894,2032;8,3333
sps4_202605_016;0,27;296,939;27838,527;2598,2544;7,4074
sps4_202605_016;0,21;525,557;34368,163;3207,6912;9,5238
sps4_202605_017;0,21;542,401;35809,925;3342,2592;9,5238
sps4_202605_017;0,23;420,063;31134,123;2905,8288;8,6956
sps4_202605_017;0,20;572,034;36787,004;3433,4496;10,0000
sps4_202605_017;0,23;443,155;32779,990;3059,4480;8,6956
sps4_202605_017;0,30;7,009;1552,817;144,9168;6,6666
sps4_202605_017;0,24;396,000;31268,213;2918,3616;8,3333
sps4_202605_017;0,18;773,929;41205,993;3845,8896;11,1111
sps4_202605_018;0,24;389,301;30440,850;2841,1152;8,3333
sps4_202605_018;0,24;446,817;31123,588;2904,8544;8,3333
sps4_202605_018;0,21;562,803;35012,498;3267,8016;9,5238
sps4_202605_018;0,18;760,769;41181,122;3843,5712;11,1111
sps4_202605_018;0,28;9,337;1706,853;159,2976;7,1428
sps4_202605_018;0,25;335,771;29457,317;2749,3200;8,0000
sps4_202605_018;0,23;502,074;33152,864;3094,2576;8,6956
sps4_202605_019;0,20;592,955;36046,315;3364,3008;10,0000
sps4_202605_019;0,26;329,187;28861,253;2693,7120;7,6923
sps4_202605_019;0,18;24,742;2220,360;207,2112;11,1111
sps4_202605_019;0,20;677,863;37506,184;3500,5488;10,0000
sps4_202605_019;0,25;362,503;29795,672;2780,9040;8,0000
sps4_202605_019;0,24;412,082;30164,121;2815,3104;8,3333
sps4_202605_019;0,26;339,225;29152,902;2720,9280;7,6923
sps4_202605_020;0,18;768,137;40570,152;3786,5184;11,1111
sps4_202605_020;0,21;523,089;35761,839;3337,7568;9,5238
sps4_202605_020;0,26;329,747;28914,258;2698,6512;7,6923
sps4_202605_020;0,31;5,052;1524,843;142,2960;6,4516
sps4_202605_020;0,25;436,055;30654,436;2861,0736;8,0000
sps4_202605_020;0,17;801,725;43501,091;4060,0896;11,7647
sps4_202605_020;0,21;504,148;34333,306;3204,4320;9,5238
sps4_202605_021;0,24;463,659;32045,307;2990,8704;8,3333
sps4_202605_021;0,18;755,524;41590,444;3881,7744;11,1111
sps4_202605_021;0,32;5,302;1527,549;142,5648;6,2500
sps4_202605_021;0,25;332,419;29850,060;2785,9776;8,0000
sps4_202605_021;0,20;605,203;36205,458;3379,1520;10,0000
sps4_202605_021;0,19;638,301;37927,293;3539,8608;10,5263
sps4_202605_021;0,25;388,240;30687,748;2864,1648;8,0000
sps4_202605_022;0,22;546,770;34429,699;3213,4368;9,0909
sps4_202605_022;0,32;4,987;1515,046;141,3888;6,2500
sps4_202605_022;0,26;322,610;28141,765;2626,5456;7,6923
sps4_202605_022;0,17;862,913;43392,255;4049,9424;11,7647
sps4_202605_022;0,18;705,804;41398,983;3863,8992;11,1111
sps4_202605_022;0,23;456,028;32066,493;2992,8528;8,6956
sps4_202605_022;0,26;311,353;28738,611;2682,2544;7,6923
sps4_202605_023;0,22;490,724;34199,970;3191,9664;9,0909
sps4_202605_023;0,23;423,148;32031,286;2989,5600;8,6956
sps4_202605_023;0,24;454,183;32058,896;2992,1472;8,3333
sps4_202605_023;0,32;4,800;1514,077;141,2880;6,2500
sps4_202605_023;0,24;415,036;30789,123;2873,6400;8,3333
sps4_202605_023;0,22;517,757;33633,228;3139,0800;9,0909
sps4_202605_023;0,32;135,312;23751,578;2216,7936;6,2500
sps4_202605_024;0,29;7,017;1586,206;148,0416;6,8965
sps4_202605_024;0,24;416,621;31213,330;2913,2208;8,3333
sps4_202605_024;0,19;641,439;37468,623;3497,0544;10,5263
sps4_202605_024;0,19;657,439;39305,959;3668,5488;10,5263
sps4_202605_024;0,19;799,546;38811,881;3622,4160;10,5263
sps4_202605_024;0,25;369,041;30296,947;2827,7088;8,0000
sps4_202605_024;0,26;338,018;29375,684;2741,7264;7,6923
sps4_202605_025;0,21;508,339;36086,454;3368,0640;9,5238
sps4_202605_025;0,28;241,112;25906,115;2417,8896;7,1428
sps4_202605_025;0,25;383,795;30228,312;2821,2912;8,0000
sps4_202605_025;0,17;832,170;42293,820;3947,3952;11,7647
sps4_202605_025;0,32;4,673;1486,197;138,7008;6,2500
sps4_202605_025;0,23;513,595;33295,043;3107,5296;8,6956
sps4_202605_025;0,32;131,518;23484,562;2191,8624;6,2500
sps4_202605_026;0,20;582,162;35918,598;3352,3728;10,0000
sps4_202605_026;0,32;4,584;1496,932;139,7088;6,2500
sps4_202605_026;0,21;554,753;35474,973;3310,9776;9,5238
sps4_202605_026;0,20;608,405;37235,778;3475,3152;10,0000
sps4_202605_026;0,26;316,623;28604,854;2669,7552;7,6923
sps4_202605_026;0,26;306,891;28718,186;2680,3392;7,6923
sps4_202605_026;0,32;131,448;23669,829;2209,1664;6,2500
sps4_202605_027;0,26;332,012;29080,130;2714,1408;7,6923
sps4_202605_027;0,21;567,742;35472,208;3310,7088;9,5238
sps4_202605_027;0,25;362,484;28848,008;2692,4688;8,0000
sps4_202605_027;0,32;134,127;23936,751;2234,0640;6,2500
sps4_202605_027;0,23;453,162;31330,271;2924,1408;8,6956
sps4_202605_027;0,19;656,854;39247,869;3663,1056;10,5263
sps4_202605_027;0,32;4,966;1545,270;144,2112;6,2500
sps4_202605_028;0,20;701,706;38267,752;3571,6464;10,0000
sps4_202605_028;0,27;299,635;28093,589;2622,0432;7,4074
sps4_202605_028;0,21;555,737;34652,673;3234,2352;9,5238
sps4_202605_028;0,25;376,829;29911,556;2791,7232;8,0000
sps4_202605_028;0,23;426,645;32062,266;2992,4496;8,6956
sps4_202605_028;0,25;12,239;1826,825;170,4864;8,0000
sps4_202605_028;0,24;421,587;29942,703;2794,6464;8,3333
sps4_202605_029;0,19;696,752;39730,054;3708,1296;10,5263
sps4_202605_029;0,29;7,544;1630,798;152,1744;6,8965
sps4_202605_029;0,24;386,520;31264,213;2917,9920;8,3333
sps4_202605_029;0,23;482,605;32242,862;3009,3168;8,6956
sps4_202605_029;0,26;332,336;28834,714;2691,2256;7,6923
sps4_202605_029;0,22;485,463;32906,322;3071,2416;9,0909
sps4_202605_029;0,19;737,964;39543,471;3690,6912;10,5263
sps4_202605_030;0,25;382,492;30025,083;2802,3408;8,0000
sps4_202605_030;0,20;675,617;36918,959;3445,7472;10,0000
sps4_202605_030;0,32;4,889;1510,168;140,9184;6,2500
sps4_202605_030;0,26;310,621;27679,488;2583,4032;7,6923
sps4_202605_030;0,32;134,472;23608,510;2203,4544;6,2500
sps4_202605_030;0,23;499,795;32977,345;3077,8608;8,6956
sps4_202605_030;0,22;529,565;33869,364;3161,1216;9,0909
sps4_202605_031;0,18;682,192;40840,689;3811,7856;11,1111
sps4_202605_031;0,18;828,147;42772,935;3992,1168;11,1111
sps4_202605_031;0,20;589,382;37630,944;3512,2080;10,0000
sps4_202605_031;0,31;5,091;1568,929;146,4288;6,4516
sps4_202605_031;0,24;424,442;30835,063;2877,9072;8,3333
sps4_202605_031;0,19;606,327;37482,722;3498,3648;10,5263
sps4_202605_031;0,27;306,509;27961,823;2609,7456;7,4074
sps4_202605_032;0,18;760,128;40950,357;3822,0000;11,1111
sps4_202605_032;0,31;171,890;24087,616;2248,1760;6,4516
sps4_202605_032;0,26;348,573;29181,514;2723,5824;7,6923
sps4_202605_032;0,32;129,754;23507,704;2194,0464;6,2500
sps4_202605_032;0,31;5,182;1555,506;145,1520;6,4516
sps4_202605_032;0,19;639,475;38340,997;3578,4672;10,5263
sps4_202605_032;0,17;817,228;43314,350;4042,6512;11,7647
sps4_202605_033;0,20;572,283;36903,733;3444,3360;10,0000
sps4_202605_033;0,22;506,300;34723,142;3240,8208;9,0909
sps4_202605_033;0,22;498,743;34107,629;3183,3648;9,0909
sps4_202605_033;0,25;358,035;28906,456;2697,9120;8,0000
sps4_202605_033;0,25;384,949;29710,873;2773,0080;8,0000
sps4_202605_033;0,31;5,277;1557,649;145,3536;6,4516
sps4_202605_033;0,18;805,044;40448,207;3775,1616;11,1111
sps4_202605_034;0,19;695,594;40357,063;3766,6272;10,5263
sps4_202605_034;0,24;412,955;30849,137;2879,2512;8,3333
sps4_202605_034;0,23;478,869;32234,521;3008,5440;8,6956
sps4_202605_034;0,26;351,314;28978,674;2704,6656;7,6923
sps4_202605_034;0,23;437,981;32149,641;3000,6144;8,6956
sps4_202605_034;0,22;15,820;1888,943;176,2992;9,0909
sps4_202605_034;0,22;463,502;34650,400;3234,0336;9,0909
sps4_202605_035;0,18;835,436;40196,006;3751,6080;11,1111
sps4_202605_035;0,32;4,677;1543,152;144,0096;6,2500
sps4_202605_035;0,20;653,514;38056,564;3551,9232;10,0000
sps4_202605_035;0,24;377,869;31162,199;2908,4496;8,3333
sps4_202605_035;0,24;466,311;32030,812;2989,5264;8,3333
sps4_202605_035;0,19;679,459;40433,265;3773,7504;10,5263
sps4_202605_035;0,24;368,678;29842,440;2785,2720;8,3333
sps4_202605_036;0,22;512,949;34913,129;3258,5280;9,0909
sps4_202605_036;0,20;634,466;37050,986;3458,0784;10,0000
sps4_202605_036;0,26;322,871;28160,151;2628,2592;7,6923
sps4_202605_036;0,21;522,557;35243,520;3289,3728;9,5238
sps4_202605_036;0,23;443,010;31529,749;2942,7552;8,6956
sps4_202605_036;0,25;380,836;30472,735;2844,1056;8,0000
sps4_202605_036;0,24;12,636;1920,106;179,1888;8,3333
sps4_202605_037;0,27;9,651;1685,134;157,2480;7,4074
sps4_202605_037;0,27;302,908;28221,042;2633,9376;7,4074
sps4_202605_037;0,25;429,416;30465,402;2843,4336;8,0000
sps4_202605_037;0,18;753,879;40836,102;3811,3488;11,1111
sps4_202605_037;0,20;632,038;38001,627;3546,8160;10,0000
sps4_202605_037;0,23;435,968;31752,609;2963,5536;8,6956
sps4_202605_037;0,26;343,136;29359,102;2740,1808;7,6923
sps4_202605_038;0,22;465,330;32924,467;3072,9216;9,0909
sps4_202605_038;0,21;623,735;36081,521;3367,5936;9,5238
sps4_202605_038;0,24;380,351;30886,828;2882,7456;8,3333
sps4_202605_038;0,18;735,253;40207,975;3752,7168;11,1111
sps4_202605_038;0,24;406,506;31443,992;2934,7584;8,3333
sps4_202605_038;0,32;5,190;1552,901;144,9168;6,2500
sps4_202605_038;0,22;484,768;33783,256;3153,0912;9,0909
sps4_202605_039;0,22;482,502;33934,615;3167,2032;9,0909
sps4_202605_039;0,29;6,882;1594,644;148,8144;6,8965
sps4_202605_039;0,22;538,943;33884,864;3162,5664;9,0909
sps4_202605_039;0,19;657,436;39242,662;3662,6352;10,5263
sps4_202605_039;0,21;553,029;34940,766;3261,1152;9,5238
sps4_202605_039;0,23;475,387;31966,918;2983,5456;8,6956
sps4_202605_039;0,24;385,301;30850,452;2879,3520;8,3333
sps4_202605_040;0,25;372,705;30356,189;2833,2192;8,0000
sps4_202605_040;0,22;510,638;34274,562;3198,9552;9,0909
sps4_202605_040;0,27;284,534;27323,162;2550,1392;7,4074
sps4_202605_040;0,25;370,134;28893,637;2696,7360;8,0000
sps4_202605_040;0,32;134,043;23867,611;2227,6128;6,2500
sps4_202605_040;0,32;4,679;1469,098;137,0880;6,2500
sps4_202605_040;0,18;746,162;41581,913;3880,9680;11,1111
sps4_202605_041;0,26;373,482;29480,904;2751,5376;7,6923
sps4_202605_041;0,23;453,667;32694,835;3051,4848;8,6956
sps4_202605_041;0,24;417,688;30825,362;2877,0336;8,3333
sps4_202605_041;0,18;844,291;42236,070;3942,0192;11,1111
sps4_202605_041;0,17;856,905;42511,241;3967,6896;11,7647
sps4_202605_041;0,32;5,207;1545,909;144,2784;6,2500
sps4_202605_041;0,24;431,462;31775,403;2965,7040;8,3333
sps4_202605_042;0,24;411,274;31599,416;2949,2736;8,3333
sps4_202605_042;0,32;4,830;1543,691;144,0768;6,2500
sps4_202605_042;0,19;634,467;39486,367;3685,3824;10,5263
sps4_202605_042;0,27;306,444;28469,791;2657,1552;7,4074
sps4_202605_042;0,21;584,148;36346,111;3392,2896;9,5238
sps4_202605_042;0,23;461,602;31992,831;2985,9648;8,6956
sps4_202605_042;0,19;678,964;38833,633;3624,4656;10,5263
sps4_202605_043;0,20;661,761;37629,061;3512,0400;10,0000
sps4_202605_043;0,20;614,106;36694,679;3424,8144;10,0000
sps4_202605_043;0,25;407,186;28862,848;2693,8464;8,0000
sps4_202605_043;0,19;667,048;38733,087;3615,0576;10,5263
sps4_202605_043;0,30;211,486;25633,300;2392,4208;6,6666
sps4_202605_043;0,19;659,955;38619,929;3604,5072;10,5263
sps4_202605_043;0,32;4,728;1521,765;142,0272;6,2500
sps4_202605_044;0,20;608,169;37089,324;3461,6400;10,0000
sps4_202605_044;0,29;202,002;24996,007;2332,9488;6,8965
sps4_202605_044;0,32;4,934;1542,250;143,9424;6,2500
sps4_202605_044;0,24;398,377;31071,638;2900,0160;8,3333
sps4_202605_044;0,19;664,144;38608,569;3603,4656;10,5263
sps4_202605_044;0,33;131,190;23361,294;2180,3712;6,0606
sps4_202605_044;0,19;679,621;39083,820;3647,8176;10,5263
sps4_202605_045;0,25;11,220;1742,189;162,5904;8,0000
sps4_202605_045;0,24;403,572;31250,516;2916,6816;8,3333
sps4_202605_045;0,24;430,186;31006,930;2893,9680;8,3333
sps4_202605_045;0,24;429,269;31042,137;2897,2608;8,3333
sps4_202605_045;0,22;448,373;32690,990;3051,1488;9,0909
sps4_202605_045;0,24;381,574;30822,576;2876,7648;8,3333
sps4_202605_045;0,19;801,596;40311,798;3762,4272;10,5263
sps4_202605_046;0,24;416,453;31539,192;2943,6288;8,3333
sps4_202605_046;0,25;382,184;29885,246;2789,2704;8,0000
sps4_202605_046;0,19;686,179;40227,545;3754,5648;10,5263
sps4_202605_046;0,23;567,150;33269,230;3105,1104;8,6956
sps4_202605_046;0,31;5,707;1543,460;144,0432;6,4516
sps4_202605_046;0,26;342,039;28087,704;2621,5056;7,6923
sps4_202605_046;0,19;777,762;38202,265;3565,5312;10,5263
sps4_202605_047;0,18;758,678;40735,696;3801,9744;11,1111
sps4_202605_047;0,32;131,577;23390,943;2183,1264;6,2500
sps4_202605_047;0,32;4,616;1500,338;140,0112;6,2500
sps4_202605_047;0,25;395,411;30550,003;2851,3296;8,0000
sps4_202605_047;0,17;820,010;43009,756;4014,2256;11,7647
sps4_202605_047;0,19;662,265;39624,802;3698,2848;10,5263
sps4_202605_047;0,26;306,703;28100,298;2622,6816;7,6923
sps4_202605_048;0,19;697,298;37633,675;3512,4432;10,5263
sps4_202605_048;0,19;668,142;39636,702;3699,3936;10,5263
sps4_202605_048;0,33;114,841;23091,069;2155,1376;6,0606
sps4_202605_048;0,17;843,459;43202,205;4032,2016;11,7647
sps4_202605_048;0,24;427,158;31658,202;2954,7504;8,3333
sps4_202605_048;0,19;657,576;38123,368;3558,1728;10,5263
sps4_202605_048;0,32;4,596;1525,623;142,3632;6,2500
sps4_202605_049;0,23;467,985;33154,572;3094,4256;8,6956
sps4_202605_049;0,23;476,128;32033,631;2989,7952;8,6956
sps4_202605_049;0,18;805,825;41358,189;3860,0688;11,1111
sps4_202605_049;0,22;489,675;34035,296;3176,6112;9,0909
sps4_202605_049;0,23;503,095;33363,933;3113,9472;8,6956
sps4_202605_049;0,32;5,091;1520,064;141,8592;6,2500
sps4_202605_049;0,23;425,050;31915,842;2978,8080;8,6956
sps4_202605_050;0,28;272,983;27084,947;2527,8960;7,1428
sps4_202605_050;0,26;333,801;29201,005;2725,3968;7,6923
sps4_202605_050;0,24;393,138;31059,958;2898,9072;8,3333
sps4_202605_050;0,20;628,900;38343,746;3578,7360;10,0000
sps4_202605_050;0,17;762,708;42591,988;3975,2496;11,7647
sps4_202605_050;0,20;590,841;35908,612;3351,4656;10,0000
sps4_202605_050;0,32;4,799;1549,807;144,6480;6,2500
sps4_202605_051;0,24;418,297;31887,105;2976,1200;8,3333
sps4_202605_051;0,31;5,405;1581,818;147,6048;6,4516
sps4_202605_051;0,23;450,898;32387,465;3022,8240;8,6956
sps4_202605_051;0,25;386,463;30393,457;2836,7136;8,0000
sps4_202605_051;0,17;825,576;42162,626;3935,1648;11,7647
sps4_202605_051;0,21;520,772;34824,986;3250,3296;9,5238
sps4_202605_051;0,24;415,768;30977,132;2891,1792;8,3333
sps4_202605_052;0,24;462,799;31519,023;2941,7472;8,3333
sps4_202605_052;0,21;599,762;36624,975;3418,3296;9,5238
sps4_202605_052;0,24;415,884;30608,415;2856,7728;8,3333
sps4_202605_052;0,19;616,608;37416,820;3492,2160;10,5263
sps4_202605_052;0,32;4,500;1531,134;142,9008;6,2500
sps4_202605_052;0,28;245,081;26699,951;2491,9776;7,1428
sps4_202605_052;0,17;727,518;42869,016;4001,0880;11,7647
sps4_202605_053;0,29;227,330;26217,278;2446,9200;6,8965
sps4_202605_053;0,19;614,753;38573,197;3600,1392;10,5263
sps4_202605_053;0,32;4,737;1537,661;143,5056;6,2500
sps4_202605_053;0,20;651,195;36623,862;3418,1952;10,0000
sps4_202605_053;0,20;585,971;37170,814;3469,2672;10,0000
sps4_202605_053;0,24;410,354;30908,822;2884,7952;8,3333
sps4_202605_053;0,18;736,922;42623,495;3978,1728;11,1111
sps4_202605_054;0,22;550,328;33869,058;3161,0880;9,0909
sps4_202605_054;0,18;816,572;42026,101;3922,4304;11,1111
sps4_202605_054;0,28;288,314;27463,213;2563,2096;7,1428
sps4_202605_054;0,25;348,051;29603,438;2762,9616;8,0000
sps4_202605_054;0,21;581,328;35358,538;3300,1248;9,5238
sps4_202605_054;0,21;507,919;34610,875;3230,3376;9,5238
sps4_202605_054;0,32;5,259;1568,809;146,3952;6,2500
sps4_202606_001;0,26;339,352;28187,890;2630,8464;7,6923
sps4_202606_001;0,22;514,910;35019,160;3268,4400;9,0909
sps4_202606_001;0,18;674,164;39806,706;3715,2864;11,1111
sps4_202606_001;0,20;35,130;3250,878;303,4080;10,0000
sps4_202606_001;0,21;520,021;35208,821;3286,1472;9,5238
sps4_202606_001;0,22;467,020;34154,855;3187,7664;9,0909
sps4_202606_001;0,25;346,792;29042,696;2710,6464;8,0000
sps4_202606_002;0,23;460,750;31959,334;2982,8400;8,6956
sps4_202606_002;0,29;16,701;3530,527;329,5152;6,8965
sps4_202606_002;0,22;441,510;32742,055;3055,9200;9,0909
sps4_202606_002;0,24;384,956;30771,303;2871,9600;8,3333
sps4_202606_002;0,23;462,160;32157,831;3001,3872;8,6956
sps4_202606_002;0,24;414,943;31860,344;2973,6000;8,3333
sps4_202606_002;0,25;363,860;30302,896;2828,2464;8,0000
sps4_202606_003;0,25;362,426;29846,138;2785,6080;8,0000
sps4_202606_003;0,19;811,646;40557,429;3785,3424;10,5263
sps4_202606_003;0,20;40,190;3992,197;372,5904;10,0000
sps4_202606_003;0,27;294,818;27185,404;2537,3040;7,4074
sps4_202606_003;0,23;463,709;32598,534;3042,5136;8,6956
sps4_202606_003;0,21;543,811;35183,647;3283,7952;9,5238
sps4_202606_003;0,26;365,574;27990,322;2612,4000;7,6923
sps4_202606_004;0,18;776,877;41561,186;3879,0192;11,1111
sps4_202606_004;0,20;602,224;37760,395;3524,2704;10,0000
sps4_202606_004;0,29;213,756;26307,247;2455,3200;6,8965
sps4_202606_004;0,32;9,099;2243,323;209,3616;6,2500
sps4_202606_004;0,17;864,826;43197,434;4031,7312;11,7647
sps4_202606_004;0,22;449,026;32244,042;3009,4176;9,0909
sps4_202606_004;0,19;680,943;39479,126;3684,7104;10,5263
sps4_202606_005;0,20;624,699;38063,101;3552,5280;10,0000
sps4_202606_005;0,17;812,917;43261,703;4037,7456;11,7647
sps4_202606_005;0,26;20,071;2659,391;248,2032;7,6923
sps4_202606_005;0,24;417,139;31014,269;2894,6400;8,3333
sps4_202606_005;0,24;415,513;31917,103;2978,9088;8,3333
sps4_202606_005;0,25;336,938;28748,465;2683,1616;8,0000
sps4_202606_005;0,20;455,973;35432,888;3307,0464;10,0000
sps4_202606_006;0,27;278,825;27887,788;2602,8576;7,4074
sps4_202606_006;0,17;866,491;43193,643;4031,3952;11,7647
sps4_202606_006;0,19;607,495;38492,051;3592,5792;10,5263
sps4_202606_006;0,19;717,715;39040,071;3643,7184;10,5263
sps4_202606_006;0,32;9,126;2325,748;217,0560;6,2500
sps4_202606_006;0,21;503,062;33740,002;3149,0592;9,5238
sps4_202606_006;0,32;128,015;22602,361;2109,5424;6,2500
sps4_202606_007;0,17;823,311;43539,365;4063,6512;11,7647
sps4_202606_007;0,29;221,381;25533,065;2383,0800;6,8965
sps4_202606_007;0,26;353,096;32290,497;3013,7520;7,6923
sps4_202606_007;0,24;373,100;30059,399;2805,5328;8,3333
sps4_202606_007;0,19;688,802;39614,920;3697,3776;10,5263
sps4_202606_007;0,22;530,671;33872,814;3161,4576;9,0909
sps4_202606_007;0,25;23,997;2770,465;258,5520;8,0000
sps4_202606_008;0,21;479,032;33906,557;3164,5824;9,5238
sps4_202606_008;0,26;371,204;29560,099;2758,9296;7,6923
sps4_202606_008;0,20;548,126;37000,559;3453,3744;10,0000
sps4_202606_008;0,30;176,730;24198,852;2258,5584;6,6666
sps4_202606_008;0,32;8,981;2284,830;213,2256;6,2500
sps4_202606_008;0,21;580,701;36379,344;3395,3808;9,5238
sps4_202606_008;0,27;291,322;27139,374;2533,0032;7,4074
sps4_202606_009;0,25;348,914;28786,370;2686,7232;8,0000
sps4_202606_009;0,23;380,758;30970,051;2890,5072;8,6956
sps4_202606_009;0,18;765,249;41752,785;3896,8944;11,1111
sps4_202606_009;0,24;415,731;30892,812;2883,3168;8,3333
sps4_202606_009;0,25;24,941;2649,261;247,2624;8,0000
sps4_202606_009;0,17;814,465;43524,000;4062,2400;11,7647
sps4_202606_009;0,25;358,910;30427,738;2839,9056;8,0000
sps4_202606_010;0,22;471,985;33636,785;3139,4160;9,0909
sps4_202606_010;0,18;825,346;41823,723;3903,5472;11,1111
sps4_202606_010;0,22;470,034;33850,072;3159,3072;9,0909
sps4_202606_010;0,25;373,131;30636,788;2859,4272;8,0000
sps4_202606_010;0,21;523,837;35656,073;3327,8784;9,5238
sps4_202606_010;0,19;711,471;39108,451;3650,1024;10,5263
sps4_202606_010;0,28;17,434;2438,586;227,5728;7,1428
sps4_202606_011;0,33;8,034;2183,278;203,7504;6,0606
sps4_202606_011;0,20;647,357;38290,690;3573,7968;10,0000
sps4_202606_011;0,32;129,932;23513,036;2194,5168;6,2500
sps4_202606_011;0,20;649,867;37075,723;3460,3968;10,0000
sps4_202606_011;0,20;585,300;35640,397;3326,4336;10,0000
sps4_202606_011;0,28;237,913;26408,911;2464,8288;7,1428
sps4_202606_011;0,32;135,870;22985,919;2145,3264;6,2500
sps4_202606_012;0,20;603,193;35460,517;3309,6336;10,0000
sps4_202606_012;0,18;726,560;41052,712;3831,5760;11,1111
sps4_202606_012;0,32;9,209;2263,887;211,2768;6,2500
sps4_202606_012;0,22;512,578;34839,577;3251,6736;9,0909
sps4_202606_012;0,19;686,450;39608,484;3696,7728;10,5263
sps4_202606_012;0,19;638,621;38654,948;3607,7664;10,5263
sps4_202606_012;0,27;262,562;27783,536;2593,1136;7,4074
sps4_202606_013;0,20;559,531;37086,497;3461,4048;10,0000
sps4_202606_013;0,18;701,358;40781,016;3806,2080;11,1111
sps4_202606_013;0,21;476,533;34031,142;3176,2080;9,5238
sps4_202606_013;0,27;19,134;2575,414;240,3408;7,4074
sps4_202606_013;0,26;350,019;29820,895;2783,2560;7,6923
sps4_202606_013;0,20;616,355;36915,408;3445,4112;10,0000
sps4_202606_013;0,25;352,773;29172,039;2722,7088;8,0000
sps4_202606_014;0,17;950,586;43581,567;4067,5824;11,7647
sps4_202606_014;0,22;530,712;34238,575;3195,5952;9,0909
sps4_202606_014;0,32;9,613;2265,815;211,4448;6,2500
sps4_202606_014;0,20;646,183;36934,586;3447,2256;10,0000
sps4_202606_014;0,32;126,352;23034,845;2149,8960;6,2500
sps4_202606_014;0,28;275,257;28290,530;2640,4224;7,1428
sps4_202606_014;0,26;382,091;28378,761;2648,6544;7,6923
sps4_202606_015;0,24;408,533;30073,517;2806,8432;8,3333
sps4_202606_015;0,26;22,083;2672,516;249,4128;7,6923
sps4_202606_015;0,21;550,686;35471,997;3310,7088;9,5238
sps4_202606_015;0,18;750,000;41930,490;3913,4928;11,1111
sps4_202606_015;0,26;309,437;29558,030;2758,7280;7,6923
sps4_202606_015;0,26;308,227;27704,186;2585,7216;7,6923
sps4_202606_015;0,18;699,059;41176,180;3843,1008;11,1111
sps4_202606_016;0,24;383,840;30321,872;2830,0272;8,3333
sps4_202606_016;0,20;599,403;37090,746;3461,7744;10,0000
sps4_202606_016;0,20;38,087;3172,662;296,0832;10,0000
sps4_202606_016;0,21;509,414;35522,514;3315,4128;9,5238
sps4_202606_016;0,20;644,900;37690,227;3517,7520;10,0000
sps4_202606_016;0,26;314,746;28887,386;2696,1312;7,6923
sps4_202606_016;0,24;417,030;30314,430;2829,3216;8,3333
sps4_202606_017;0,20;515,308;35504,632;3313,7328;10,0000
sps4_202606_017;0,17;786,212;43418,232;4052,3616;11,7647
sps4_202606_017;0,19;643,569;38844,867;3625,5072;10,5263
sps4_202606_017;0,20;576,560;36879,268;3442,0512;10,0000
sps4_202606_017;0,32;9,044;2258,022;210,7392;6,2500
sps4_202606_017;0,25;332,336;29611,605;2763,7344;8,0000
sps4_202606_017;0,19;643,953;38615,401;3604,1040;10,5263
sps4_202606_018;0,33;8,763;2304,404;215,0736;6,0606
sps4_202606_018;0,23;503,002;31921,375;2979,3120;8,6956
sps4_202606_018;0,25;358,884;30252,441;2823,5424;8,0000
sps4_202606_018;0,22;521,164;34765,845;3244,7856;9,0909
sps4_202606_018;0,23;430,403;34080,064;3180,7776;8,6956
sps4_202606_018;0,19;643,970;37524,464;3502,2624;10,5263
sps4_202606_018;0,32;133,590;23062,199;2152,4496;6,2500
sps4_202606_019;0,28;15,759;2466,794;230,2272;7,1428
sps4_202606_019;0,19;633,562;38640,917;3606,4560;10,5263
sps4_202606_019;0,26;315,012;29562,572;2759,1648;7,6923
sps4_202606_019;0,21;559,336;33697,712;3145,0944;9,5238
sps4_202606_019;0,20;590,348;37490,431;3499,1040;10,0000
sps4_202606_019;0,22;541,841;34738,487;3242,2320;9,0909
sps4_202606_019;0,20;729,785;37821,623;3530,0160;10,0000
sps4_202606_020;0,25;345,350;30304,718;2828,4144;8,0000
sps4_202606_020;0,20;667,028;37812,446;3529,1424;10,0000
sps4_202606_020;0,26;19,785;2550,649;238,0560;7,6923
sps4_202606_020;0,24;385,263;30988,131;2892,2208;8,3333
sps4_202606_020;0,23;468,332;32844,904;3065,4960;8,6956
sps4_202606_020;0,22;459,453;32468,449;3030,3840;9,0909
sps4_202606_020;0,17;813,749;42429,964;3960,1296;11,7647
sps4_202606_021;0,23;431,744;33968,675;3170,3952;8,6956
sps4_202606_021;0,22;543,158;34381,255;3208,9008;9,0909
sps4_202606_021;0,20;651,698;37528,062;3502,5984;10,0000
sps4_202606_021;0,26;280,128;27768,281;2591,7024;7,6923
sps4_202606_021;0,19;636,285;38488,146;3592,2096;10,5263
sps4_202606_021;0,31;11,655;2326,318;217,0896;6,4516
sps4_202606_021;0,19;713,329;40381,158;3768,8784;10,5263
sps4_202606_022;0,24;418,251;32133,651;2999,1360;8,3333
sps4_202606_022;0,26;330,768;30539,782;2850,3552;7,6923
sps4_202606_022;0,25;356,138;29626,707;2765,1456;8,0000
sps4_202606_022;0,19;520,719;37206,003;3472,5600;10,5263
sps4_202606_022;0,18;705,840;41020,909;3828,5856;11,1111
sps4_202606_022;0,31;11,133;2283,731;213,1248;6,4516
sps4_202606_022;0,17;789,399;43012,994;4014,5280;11,7647
sps4_202606_023;0,23;456,909;31014,919;2894,7072;8,6956
sps4_202606_023;0,21;526,372;35452,709;3308,8944;9,5238
sps4_202606_023;0,19;635,532;38696,558;3611,6640;10,5263
sps4_202606_023;0,18;779,392;42707,209;3986,0016;11,1111
sps4_202606_023;0,20;641,788;38372,050;3581,3904;10,0000
sps4_202606_023;0,32;9,045;2248,081;209,7984;6,2500
sps4_202606_023;0,24;367,434;31103,274;2902,9392;8,3333
sps4_202606_024;0,18;780,853;41456,037;3869,2080;11,1111
sps4_202606_024;0,19;647,971;39971,040;3730,6080;10,5263
sps4_202606_024;0,20;587,479;36783,764;3433,1472;10,0000
sps4_202606_024;0,32;10,112;2224,370;207,5808;6,2500
sps4_202606_024;0,29;213,505;26106,671;2436,6048;6,8965
sps4_202606_024;0,18;698,224;40790,074;3807,0480;11,1111
sps4_202606_024;0,26;358,238;29543,603;2757,3840;7,6923
sps4_202606_025;0,20;560,313;36232,435;3381,6720;10,0000
sps4_202606_025;0,32;9,200;2223,070;207,4800;6,2500
sps4_202606_025;0,32;124,959;22711,699;2119,7568;6,2500
sps4_202606_025;0,21;583,591;36387,702;3396,1536;9,5238
sps4_202606_025;0,27;258,735;26764,101;2497,9584;7,4074
sps4_202606_025;0,17;830,858;43566,278;4066,1712;11,7647
sps4_202606_025;0,24;362,488;32094,919;2995,5072;8,3333
sps4_202606_026;0,19;672,466;39179,982;3656,7888;10,5263
sps4_202606_026;0,24;393,447;31428,138;2933,2800;8,3333
sps4_202606_026;0,23;381,406;31370,473;2927,9040;8,6956
sps4_202606_026;0,24;25,192;2831,592;264,2640;8,3333
sps4_202606_026;0,25;385,384;29444,091;2748,1104;8,0000
sps4_202606_026;0,21;531,917;35663,389;3328,5504;9,5238
sps4_202606_026;0,22;481,550;34086,556;3181,3824;9,0909
sps4_202606_027;0,26;331,377;29251,982;2730,1680;7,6923
sps4_202606_027;0,26;338,612;29552,236;2758,1904;7,6923
sps4_202606_027;0,18;824,155;41355,734;3859,8672;11,1111
sps4_202606_027;0,23;407,688;31247,203;2916,3792;8,6956
sps4_202606_027;0,31;10,850;2316,810;216,2160;6,4516
sps4_202606_027;0,19;667,538;38702,365;3612,2016;10,5263
sps4_202606_027;0,21;530,754;34687,709;3237,4944;9,5238
sps4_202606_028;0,27;271,679;26727,946;2494,5984;7,4074
sps4_202606_028;0,18;834,895;41200,525;3845,3520;11,1111
sps4_202606_028;0,22;481,828;33023,392;3082,1616;9,0909
sps4_202606_028;0,20;37,083;3179,263;296,7216;10,0000
sps4_202606_028;0,27;286,067;27883,018;2602,3872;7,4074
sps4_202606_028;0,22;481,530;34388,725;3209,6064;9,0909
sps4_202606_028;0,24;424,277;31077,003;2900,5200;8,3333
sps4_202606_029;0,24;383,200;31812,285;2969,1312;8,3333
sps4_202606_029;0,25;348,750;28892,450;2696,6016;8,0000
sps4_202606_029;0,18;773,722;41886,733;3909,4272;11,1111
sps4_202606_029;0,19;753,577;39775,759;3712,3968;10,5263
sps4_202606_029;0,24;383,703;29991,380;2799,1824;8,3333
sps4_202606_029;0,29;14,524;2560,674;238,9632;6,8965
sps4_202606_029;0,22;495,221;34282,996;3199,7280;9,0909
sps4_202606_030;0,24;410,407;30357,626;2833,3536;8,3333
sps4_202606_030;0,23;408,626;31377,900;2928,5760;8,6956
sps4_202606_030;0,25;321,308;28742,014;2682,5568;8,0000
sps4_202606_030;0,19;684,423;39164,977;3655,3776;10,5263
sps4_202606_030;0,23;455,069;33419,461;3119,1216;8,6956
sps4_202606_030;0,20;648,146;38440,011;3587,7072;10,0000
sps4_202606_030;0,31;11,917;2328,216;217,2912;6,4516
sps4_202606_031;0,23;475,108;31442,662;2934,6240;8,6956
sps4_202606_031;0,32;127,802;22999,146;2146,5696;6,2500
sps4_202606_031;0,20;681,765;38374,116;3581,5584;10,0000
sps4_202606_031;0,17;816,480;43170,416;4029,2112;11,7647
sps4_202606_031;0,33;8,505;2235,189;208,5888;6,0606
sps4_202606_031;0,26;311,430;29907,487;2791,3536;7,6923
sps4_202606_031;0,25;335,921;29146,669;2720,3232;8,0000
sps4_202606_032;0,22;491,834;34616,817;3230,8752;9,0909
sps4_202606_032;0,27;277,616;27135,291;2532,6000;7,4074
sps4_202606_032;0,21;516,644;35848,699;3345,8544;9,5238
sps4_202606_032;0,18;784,159;41790,829;3900,4560;11,1111
sps4_202606_032;0,19;713,838;38964,412;3636,6624;10,5263
sps4_202606_032;0,24;427,654;30218,015;2820,3168;8,3333
sps4_202606_032;0,28;15,487;2430,966;226,8672;7,1428
sps4_202606_033;0,25;358,102;29751,775;2776,8048;8,0000
sps4_202606_033;0,21;490,558;34114,827;3184,0368;9,5238
sps4_202606_033;0,27;329,591;27635,674;2579,3040;7,4074
sps4_202606_033;0,25;395,031;29946,325;2794,9824;8,0000
sps4_202606_033;0,28;18,994;3163,627;295,2432;7,1428
sps4_202606_033;0,21;620,870;36502,300;3406,8720;9,5238
sps4_202606_033;0,25;308,834;28569,424;2666,4624;8,0000
sps4_202606_034;0,19;713,276;40452,331;3775,5312;10,5263
sps4_202606_034;0,20;590,378;37590,854;3508,4784;10,0000
sps4_202606_034;0,28;242,789;27059,250;2525,5104;7,1428
sps4_202606_034;0,32;125,373;22673,386;2116,1616;6,2500
sps4_202606_034;0,20;634,279;35566,371;3319,5120;10,0000
sps4_202606_034;0,22;495,497;33128,406;3091,9728;9,0909
sps4_202606_034;0,32;8,896;2317,435;216,2832;6,2500
sps4_202606_035;0,19;648,644;39839,501;3718,3440;10,5263
sps4_202606_035;0,32;128,431;23052,807;2151,5760;6,2500
sps4_202606_035;0,19;677,354;37662,955;3515,1984;10,5263
sps4_202606_035;0,30;195,947;25294,422;2360,8032;6,6666
sps4_202606_035;0,33;8,602;2223,043;207,4800;6,0606
sps4_202606_035;0,19;643,440;39066,971;3646,2384;10,5263
sps4_202606_035;0,19;611,737;38184,563;3563,8848;10,5263
sps4_202606_036;0,31;9,551;2295,497;214,2336;6,4516
sps4_202606_036;0,18;788,216;40658,200;3794,7504;11,1111
sps4_202606_036;0,28;254,068;27693,730;2584,7472;7,1428
sps4_202606_036;0,18;679,196;40452,458;3775,5312;11,1111
sps4_202606_036;0,20;542,869;36237,983;3382,2096;10,0000
sps4_202606_036;0,20;561,780;36681,150;3423,5712;10,0000
sps4_202606_036;0,22;493,211;34167,993;3189,0096;9,0909
sps4_202606_037;0,19;642,801;38913,084;3631,8576;10,5263
sps4_202606_037;0,26;334,832;29230,567;2728,1856;7,6923
sps4_202606_037;0,17;791,959;43637,915;4072,8576;11,7647
sps4_202606_037;0,22;492,716;34115,355;3184,0704;9,0909
sps4_202606_037;0,32;8,990;2255,827;210,5376;6,2500
sps4_202606_037;0,22;487,096;33270,061;3105,1776;9,0909
sps4_202606_037;0,20;586,694;37791,956;3527,2272;10,0000
sps4_202606_038;0,25;344,381;28707,735;2679,3648;8,0000
sps4_202606_038;0,20;603,164;38319,526;3576,4848;10,0000
sps4_202606_038;0,19;582,404;37699,582;3518,6256;10,5263
sps4_202606_038;0,30;12,359;2374,549;221,5920;6,6666
sps4_202606_038;0,23;413,825;32823,017;3063,4800;8,6956
sps4_202606_038;0,25;363,747;29719,716;2773,8144;8,0000
sps4_202606_038;0,18;785,750;42609,434;3976,8624;11,1111
sps4_202606_039;0,18;749,777;42587,526;3974,8128;11,1111
sps4_202606_039;0,32;10,004;2232,611;208,3536;6,2500
sps4_202606_039;0,19;688,695;38464,233;3589,9920;10,5263
sps4_202606_039;0,26;303,605;28004,287;2613,7104;7,6923
sps4_202606_039;0,26;296,002;30065,817;2806,1376;7,6923
sps4_202606_039;0,32;127,302;22821,469;2129,9712;6,2500
sps4_202606_039;0,26;312,915;28645,750;2673,5856;7,6923
sps4_202606_040;0,19;767,797;38340,309;3578,4000;10,5263
sps4_202606_040;0,19;715,802;40430,448;3773,4816;10,5263
sps4_202606_040;0,23;441,146;32658,816;3048,1248;8,6956
sps4_202606_040;0,19;677,841;37497,868;3499,7760;10,5263
sps4_202606_040;0,30;195,104;24883,009;2322,3984;6,6666
sps4_202606_040;0,17;809,230;43632,950;4072,3872;11,7647
sps4_202606_040;0,32;9,469;2263,294;211,2096;6,2500
sps4_202606_041;0,18;629,087;39400,334;3677,3520;11,1111
sps4_202606_041;0,27;305,020;28524,935;2662,2960;7,4074
sps4_202606_041;0,31;9,127;2293,850;214,0656;6,4516
sps4_202606_041;0,29;209,037;26675,133;2489,6592;6,8965
sps4_202606_041;0,22;511,366;34841,950;3251,9088;9,0909
sps4_202606_041;0,33;124,638;22547,158;2104,3680;6,0606
sps4_202606_041;0,21;622,373;35406,602;3304,5936;9,5238
sps4_202606_042;0,27;285,686;28149,624;2627,2848;7,4074
sps4_202606_042;0,23;490,991;31856,189;2973,2304;8,6956
sps4_202606_042;0,17;801,981;43050,976;4018,0896;11,7647
sps4_202606_042;0,22;555,074;34943,510;3261,3840;9,0909
sps4_202606_042;0,32;8,898;2253,200;210,2688;6,2500
sps4_202606_042;0,31;139,214;23634,182;2205,8400;6,4516
sps4_202606_042;0,19;611,280;38331,538;3577,5936;10,5263
sps4_202606_043;0,31;11,603;2304,764;215,1072;6,4516
sps4_202606_043;0,28;262,236;27349,767;2552,6256;7,1428
sps4_202606_043;0,24;400,848;31191,003;2911,1376;8,3333
sps4_202606_043;0,27;279,246;26728,808;2494,6656;7,4074
sps4_202606_043;0,20;633,975;37749,679;3523,2960;10,0000
sps4_202606_043;0,19;651,697;38551,673;3598,1232;10,5263
sps4_202606_043;0,20;568,430;36675,458;3423,0336;10,0000
sps4_202606_044;0,25;362,788;30592,224;2855,2608;8,0000
sps4_202606_044;0,23;441,046;32747,068;3056,3904;8,6956
sps4_202606_044;0,32;119,055;22691,642;2117,8752;6,2500
sps4_202606_044;0,32;131,726;23493,964;2192,7696;6,2500
sps4_202606_044;0,32;8,815;2221,781;207,3456;6,2500
sps4_202606_044;0,26;304,774;28573,353;2666,8320;7,6923
sps4_202606_044;0,19;616,582;38225,406;3567,6816;10,5263
sps4_202606_045;0,32;8,972;2239,687;209,0256;6,2500
sps4_202606_045;0,22;524,365;34421,227;3212,6304;9,0909
sps4_202606_045;0,19;637,804;39113,715;3650,6064;10,5263
sps4_202606_045;0,32;127,411;22751,594;2123,4528;6,2500
sps4_202606_045;0,19;727,061;38809,401;3622,1808;10,5263
sps4_202606_045;0,27;316,063;26936,658;2514,0864;7,4074
sps4_202606_045;0,24;386,581;31949,870;2981,9664;8,3333
sps4_202606_046;0,26;297,588;27860,728;2600,3040;7,6923
sps4_202606_046;0,22;474,594;34372,282;3208,0608;9,0909
sps4_202606_046;0,19;773,473;39955,270;3729,1296;10,5263
sps4_202606_046;0,20;618,809;37711,700;3519,7344;10,0000
sps4_202606_046;0,33;8,446;2217,516;206,9424;6,0606
sps4_202606_046;0,19;629,282;38248,155;3569,7984;10,5263
sps4_202606_046;0,24;403,604;31673,968;2956,2288;8,3333
sps4_202606_047;0,24;358,842;30795,054;2874,1776;8,3333
sps4_202606_047;0,23;519,133;33297,954;3107,7984;8,6956
sps4_202606_047;0,19;577,389;37228,874;3474,6768;10,5263
sps4_202606_047;0,25;347,176;29353,880;2739,6768;8,0000
sps4_202606_047;0,18;807,606;42412,170;3958,4496;11,1111
sps4_202606_047;0,19;652,642;40045,855;3737,5968;10,5263
sps4_202606_047;0,32;9,031;2224,089;207,5808;6,2500
sps4_202606_048;0,18;802,401;41494,735;3872,8368;11,1111
sps4_202606_048;0,18;692,775;40712,032;3799,7568;11,1111
sps4_202606_048;0,24;380,583;29767,219;2778,2496;8,3333
sps4_202606_048;0,33;8,338;2255,384;210,4704;6,0606
sps4_202606_048;0,19;655,787;39998,540;3733,1952;10,5263
sps4_202606_048;0,26;288,392;28797,967;2687,7984;7,6923
sps4_202606_048;0,22;436,754;32368,043;3021,0096;9,0909
sps4_202606_049;0,19;635,149;39260,059;3664,2480;10,5263
sps4_202606_049;0,17;780,823;43249,293;4036,5696;11,7647
sps4_202606_049;0,27;269,899;27515,310;2568,0816;7,4074
sps4_202606_049;0,19;622,896;38369,245;3581,1216;10,5263
sps4_202606_049;0,33;8,761;2251,740;210,1344;6,0606
sps4_202606_049;0,23;439,834;32340,349;3018,4224;8,6956
sps4_202606_049;0,21;643,282;36379,353;3395,3808;9,5238
sps4_202606_050;0,19;701,617;39936,502;3727,3824;10,5263
sps4_202606_050;0,22;551,602;33615,614;3137,4336;9,0909
sps4_202606_050;0,28;17,472;2483,725;231,8064;7,1428
sps4_202606_050;0,25;384,809;29389,875;2743,0368;8,0000
sps4_202606_050;0,23;456,614;33726,927;3147,8160;8,6956
sps4_202606_050;0,21;485,443;34291,203;3200,5008;9,5238
sps4_202606_050;0,22;459,073;33314,948;3109,3776;9,0909
sps4_202606_051;0,18;775,416;41681,185;3890,2416;11,1111
sps4_202606_051;0,18;804,022;42285,514;3946,6224;11,1111
sps4_202606_051;0,32;125,578;23007,420;2147,3424;6,2500
sps4_202606_051;0,23;434,849;32711,888;3053,0976;8,6956
sps4_202606_051;0,20;550,010;35734,195;3335,1696;10,0000
sps4_202606_051;0,32;139,832;23570,068;2199,8592;6,2500
sps4_202606_051;0,33;8,394;2256,284;210,5712;6,0606
sps4_202606_052;0,19;705,421;39322,766;3670,0944;10,5263
sps4_202606_052;0,21;504,834;34852,469;3252,8832;9,5238
sps4_202606_052;0,24;384,292;30101,018;2809,3968;8,3333
sps4_202606_052;0,27;270,000;27133,212;2532,4320;7,4074
sps4_202606_052;0,19;622,617;38468,026;3590,3280;10,5263
sps4_202606_052;0,26;328,403;29196,154;2724,9600;7,6923
sps4_202606_052;0,27;20,194;2536,338;236,7120;7,4074
sps4_202606_053;0,26;333,542;29025,946;2709,0672;7,6923
sps4_202606_053;0,25;358,225;31570,111;2946,5184;8,0000
sps4_202606_053;0,19;533,487;37630,637;3512,1744;10,5263
sps4_202606_053;0,32;8,864;2278,119;212,6208;6,2500
sps4_202606_053;0,32;119,817;22710,693;2119,6560;6,2500
sps4_202606_053;0,19;684,464;38779,032;3619,3584;10,5263
sps4_202606_053;0,23;463,292;33341,184;3111,8304;8,6956
sps4_202606_054;0,31;154,524;24229,006;2261,3472;6,4516
sps4_202606_054;0,18;812,357;41892,369;3909,9312;11,1111
sps4_202606_054;0,18;771,375;42535,130;3969,9408;11,1111
sps4_202606_054;0,33;8,225;2227,656;207,8832;6,0606
sps4_202606_054;0,18;686,571;39301,673;3668,1456;11,1111
sps4_202606_054;0,33;125,784;22527,436;2102,5536;6,0606
sps4_202606_054;0,24;402,307;31142,328;2906,6016;8,3333
sps4ext_199311_001;0,32;154,329;23016,280;2148,1824;6,2500
sps4ext_199311_001;0,25;396,906;30456,218;2842,5600;8,0000
sps4ext_199311_001;0,33;120,603;20735,417;1935,2928;6,0606
sps4ext_199311_001;0,33;126,830;22762,046;2124,4272;6,0606
sps4ext_199311_001;0,31;18,535;2844,947;265,5072;6,4516
sps4ext_199311_001;0,27;316,125;27355,571;2553,1632;7,4074
sps4ext_199311_001;0,20;609,630;35944,818;3354,8256;10,0000
sps4ext_199311_001;0,27;322,953;28398,830;2650,5360;7,4074
sps4ext_199311_001;0,33;109,149;22605,165;2109,8112;6,0606
sps4ext_199311_001;0,29;201,626;25510,705;2380,9968;6,8965
sps4ext_199311_001;0,25;387,469;29761,693;2777,7456;8,0000
sps4ext_199311_002;0,24;405,463;31128,216;2905,2912;8,3333
sps4ext_199311_002;0,32;157,329;22807,420;2128,6608;6,2500
sps4ext_199311_002;0,27;283,643;26452,591;2468,8944;7,4074
sps4ext_199311_002;0,30;191,985;24855,910;2319,8784;6,6666
sps4ext_199311_002;0,33;105,613;20471,692;1910,6640;6,0606
sps4ext_199311_002;0,28;299,671;27152,780;2534,2464;7,1428
sps4ext_199311_002;0,19;664,389;38721,687;3614,0160;10,5263
sps4ext_199311_002;0,30;213,340;25486,142;2378,6784;6,6666
sps4ext_199311_002;0,34;11,602;2641,292;246,4896;5,8823
sps4ext_199311_002;0,26;316,306;28323,961;2643,5472;7,6923
sps4ext_199311_002;0,31;172,440;24199,156;2258,5584;6,4516
sps4ext_199311_003;0,34;115,869;22274,458;2078,9328;5,8823
sps4ext_199311_003;0,24;444,092;31492,053;2939,2272;8,3333
sps4ext_199311_003;0,34;114,448;22277,394;2079,2016;5,8823
sps4ext_199311_003;0,19;696,256;39528,015;3689,2800;10,5263
sps4ext_199311_003;0,29;175,219;25231,892;2354,9568;6,8965
sps4ext_199311_003;0,34;90,096;20017,424;1868,2608;5,8823
sps4ext_199311_003;0,26;344,465;28249,259;2636,5920;7,6923
sps4ext_199311_003;0,24;452,464;31662,278;2955,1200;8,3333
sps4ext_199311_003;0,33;136,940;23058,455;2152,1136;6,0606
sps4ext_199311_003;0,26;329,319;28207,017;2632,6272;7,6923
sps4ext_199311_004;0,24;426,284;30983,719;2891,7840;8,3333
sps4ext_199311_004;0,24;447,056;31293,530;2920,7136;8,3333
sps4ext_199311_004;0,29;226,612;26012,365;2427,8016;6,8965
sps4ext_199311_004;0,24;431,344;30673,160;2862,8208;8,3333
sps4ext_199311_004;0,34;112,790;22305,296;2081,8224;5,8823
sps4ext_199311_004;0,34;117,087;22383,266;2089,0800;5,8823
sps4ext_199311_004;0,20;686,855;37651,406;3514,1232;10,0000
sps4ext_199311_004;0,29;239,379;25196,369;2351,6304;6,8965
sps4ext_199311_004;0,31;165,477;22123,372;2064,8208;6,4516
sps4ext_199311_004;0,30;207,294;24258,573;2264,1024;6,6666
sps4ext_199311_004;0,34;11,181;2629,788;245,4144;5,8823
sps4ext_199311_005;0,30;187,198;24806,497;2315,2416;6,6666
sps4ext_199311_005;0,35;9,771;2572,565;240,1056;5,7142
sps4ext_199311_005;0,27;304,943;26674,359;2489,5920;7,4074
sps4ext_199311_005;0,31;161,728;22112,441;2063,8128;6,4516
sps4ext_199311_005;0,24;399,815;30953,556;2888,9952;8,3333
sps4ext_199311_005;0,33;139,492;23124,998;2158,3296;6,0606
sps4ext_199311_005;0,25;383,951;30214,275;2819,9808;8,0000
sps4ext_199311_005;0,26;346,032;28842,774;2691,9648;7,6923
sps4ext_199311_005;0,32;127,026;23499,907;2193,3072;6,2500
sps4ext_199311_005;0,23;464,421;31984,244;2985,1920;8,6956
sps4ext_199311_005;0,27;279,601;26844,222;2505,4512;7,4074
sps4ext_199311_006;0,32;141,650;23487,241;2192,1312;6,2500
sps4ext_199311_006;0,29;223,618;24829,371;2317,3920;6,8965
sps4ext_199311_006;0,23;435,999;31872,900;2974,7760;8,6956
sps4ext_199311_006;0,33;115,578;22413,511;2091,9024;6,0606
sps4ext_199311_006;0,25;394,480;29943,369;2794,7136;8,0000
sps4ext_199311_006;0,33;107,524;20547,000;1917,7200;6,0606
sps4ext_199311_006;0,32;143,521;23489,559;2192,3328;6,2500
sps4ext_199311_006;0,20;618,958;38298,900;3574,5360;10,0000
sps4ext_199311_006;0,35;9,510;2580,774;240,8448;5,7142
sps4ext_199311_006;0,29;223,616;25700,879;2398,7376;6,8965
sps4ext_199311_006;0,23;432,911;31378,177;2928,6096;8,6956
sps4ext_199311_007;0,28;249,195;26904,870;2511,0960;7,1428
sps4ext_199311_007;0,23;522,009;32611,082;3043,6896;8,6956
sps4ext_199311_007;0,22;363,549;33908,980;3164,8176;9,0909
sps4ext_199311_007;0,34;98,814;20027,781;1869,2352;5,8823
sps4ext_199311_007;0,33;129,028;23212,566;2166,4944;6,0606
sps4ext_199311_007;0,20;609,954;36444,629;3401,4960;10,0000
sps4ext_199311_007;0,26;330,011;27681,815;2583,6048;7,6923
sps4ext_199311_007;0,25;356,887;28590,811;2668,4448;8,0000
sps4ext_199311_007;0,33;116,198;22732,761;2121,7056;6,0606
sps4ext_199311_007;0,31;184,555;24431,779;2280,2976;6,4516
sps4ext_199311_007;0,34;10,355;2637,619;246,1536;5,8823
sps4ext_199311_008;0,31;158,944;22118,630;2064,3840;6,4516
sps4ext_199311_008;0,24;408,650;30641,326;2859,8304;8,3333
sps4ext_199311_008;0,19;673,691;37912,392;3538,4832;10,5263
sps4ext_199311_008;0,31;138,284;24185,809;2257,3152;6,4516
sps4ext_199311_008;0,24;416,520;31214,081;2913,2880;8,3333
sps4ext_199311_008;0,30;196,116;24877,534;2321,8944;6,6666
sps4ext_199311_008;0,32;133,467;23526,556;2195,7936;6,2500
sps4ext_199311_008;0,32;137,520;22403,935;2091,0288;6,2500
sps4ext_199311_008;0,27;334,308;27301,920;2548,1568;7,4074
sps4ext_199311_008;0,26;299,782;28541,873;2663,8752;7,6923
sps4ext_199311_008;0,34;10,939;2618,365;244,3728;5,8823
sps4ext_199311_009;0,27;319,453;27049,676;2524,6032;7,4074
sps4ext_199311_009;0,34;103,571;22059,313;2058,8400;5,8823
sps4ext_199311_009;0,34;10,120;2646,496;246,9936;5,8823
sps4ext_199311_009;0,26;354,121;29270,729;2731,9152;7,6923
sps4ext_199311_009;0,25;371,501;29631,596;2765,5824;8,0000
sps4ext_199311_009;0,28;263,159;26061,397;2432,3712;7,1428
sps4ext_199311_009;0,32;144,989;21405,312;1997,8224;6,2500
sps4ext_199311_009;0,23;488,277;32767,867;3058,3056;8,6956
sps4ext_199311_009;0,29;213,423;25461,762;2376,4272;6,8965
sps4ext_199311_009;0,33;126,582;23110,954;2157,0192;6,0606
sps4ext_199311_009;0,26;326,679;28019,236;2615,1216;7,6923
sps4ext_199311_010;0,25;370,827;29752,004;2776,8384;8,0000
sps4ext_199311_010;0,27;289,073;26544,856;2477,4960;7,4074
sps4ext_199311_010;0,31;166,262;24607,927;2296,7280;6,4516
sps4ext_199311_010;0,33;110,938;20356,799;1899,9456;6,0606
sps4ext_199311_010;0,22;487,492;34551,784;3224,8272;9,0909
sps4ext_199311_010;0,24;411,191;31234,965;2915,2368;8,3333
sps4ext_199311_010;0,31;177,833;24289,560;2267,0256;6,4516
sps4ext_199311_010;0,34;10,754;2622,314;244,7424;5,8823
sps4ext_199311_010;0,21;527,410;34053,711;3178,3248;9,5238
sps4ext_199311_010;0,34;119,578;22364,823;2087,3664;5,8823
sps4ext_199311_010;0,32;163,617;22727,920;2121,2688;6,2500
sps4ext_199311_011;0,22;505,090;34002,549;3173,5536;9,0909
sps4ext_199311_011;0,31;161,907;23929,114;2233,3584;6,4516
sps4ext_199311_011;0,32;155,701;22674,601;2116,2960;6,2500
sps4ext_199311_011;0,29;244,452;26065,779;2432,7744;6,8965
sps4ext_199311_011;0,33;103,750;22511,284;2101,0416;6,0606
sps4ext_199311_011;0,30;166,436;23999,039;2239,8768;6,6666
sps4ext_199311_011;0,21;521,413;34292,942;3200,6688;9,5238
sps4ext_199311_011;0,35;9,733;2588,234;241,5504;5,7142
sps4ext_199311_011;0,23;434,908;32020,012;2988,5184;8,6956
sps4ext_199311_011;0,33;138,717;22942,184;2141,2608;6,0606
sps4ext_199311_011;0,34;89,827;20037,294;1870,1424;5,8823
sps4ext_199311_012;0,32;142,033;23308,040;2175,3984;6,2500
sps4ext_199311_012;0,27;325,316;27309,499;2548,8624;7,4074
sps4ext_199311_012;0,19;682,257;38656,971;3607,9680;10,5263
sps4ext_199311_012;0,27;217,190;27430,378;2560,1520;7,4074
sps4ext_199311_012;0,28;242,319;25488,958;2378,9472;7,1428
sps4ext_199311_012;0,21;521,725;33822,374;3156,7536;9,5238
sps4ext_199311_012;0,33;109,452;21828,465;2037,3024;6,0606
sps4ext_199311_012;0,22;516,675;33866,274;3160,8192;9,0909
sps4ext_199311_012;0,34;10,435;2639,669;246,3552;5,8823
sps4ext_199311_012;0,33;139,516;22809,328;2128,8624;6,0606
sps4ext_199311_012;0,34;100,340;20256,251;1890,5712;5,8823
sps4ext_199311_013;0,35;9,383;2555,911;238,5264;5,7142
sps4ext_199311_013;0,24;418,740;31386,108;2929,3488;8,3333
sps4ext_199311_013;0,20;438,573;35836,092;3344,6784;10,0000
sps4ext_199311_013;0,26;310,471;27564,614;2572,6848;7,6923
sps4ext_199311_013;0,34;101,981;20257,096;1890,6384;5,8823
sps4ext_199311_013;0,31;173,405;24636,170;2299,3488;6,4516
sps4ext_199311_013;0,30;192,228;24913,394;2325,2208;6,6666
sps4ext_199311_013;0,34;121,573;22321,428;2083,3008;5,8823
sps4ext_199311_013;0,33;115,467;21940,783;2047,7856;6,0606
sps4ext_199311_013;0,18;756,186;40962,330;3823,1424;11,1111
sps4ext_199311_013;0,28;276,122;26712,832;2493,1872;7,1428
sps4ext_199311_014;0,32;141,769;23528,786;2195,9952;6,2500
sps4ext_199311_014;0,26;308,330;27567,471;2572,9536;7,6923
sps4ext_199311_014;0,32;153,475;23611,403;2203,7232;6,2500
sps4ext_199311_014;0,33;109,042;22493,395;2099,3616;6,0606
sps4ext_199311_014;0,28;259,567;26915,347;2512,0704;7,1428
sps4ext_199311_014;0,27;274,050;26467,933;2470,3392;7,4074
sps4ext_199311_014;0,30;20,724;2909,389;271,5216;6,6666
sps4ext_199311_014;0,25;429,436;30467,844;2843,6352;8,0000
sps4ext_199311_014;0,33;113,810;20718,843;1933,7472;6,0606
sps4ext_199311_014;0,24;425,776;30316,083;2829,4896;8,3333
sps4ext_199311_014;0,20;584,145;37483,140;3498,3984;10,0000
sps4ext_199311_015;0,29;216,586;25770,561;2405,2224;6,8965
sps4ext_199311_015;0,33;108,033;21876,466;2041,7712;6,0606
sps4ext_199311_015;0,29;211,208;25457,569;2376,0240;6,8965
sps4ext_199311_015;0,22;519,153;32971,118;3077,2896;9,0909
sps4ext_199311_015;0,35;9,889;2564,421;239,3328;5,7142
sps4ext_199311_015;0,29;228,688;25709,357;2399,5104;6,8965
sps4ext_199311_015;0,29;222,770;25043,058;2337,3504;6,8965
sps4ext_199311_015;0,31;167,108;24525,904;2289,0672;6,4516
sps4ext_199311_015;0,20;618,214;37048,122;3457,8096;10,0000
sps4ext_199311_015;0,20;644,270;38021,393;3548,6304;10,0000
sps4ext_199311_015;0,34;102,571;20296,893;1894,3680;5,8823
sps4ext_199311_016;0,29;200,904;25577,781;2387,2464;6,8965
sps4ext_199311_016;0,32;140,201;21377,774;1995,2352;6,2500
sps4ext_199311_016;0,23;499,858;33051,639;3084,8160;8,6956
sps4ext_199311_016;0,32;153,735;22692,666;2117,9760;6,2500
sps4ext_199311_016;0,27;330,179;27825,918;2597,0784;7,4074
sps4ext_199311_016;0,35;10,338;2626,244;245,1120;5,7142
sps4ext_199311_016;0,32;141,931;23383,359;2182,4208;6,2500
sps4ext_199311_016;0,25;404,702;29581,954;2760,9792;8,0000
sps4ext_199311_016;0,27;264,588;26453,242;2468,9616;7,4074
sps4ext_199311_016;0,33;119,993;22676,399;2116,4304;6,0606
sps4ext_199311_016;0,33;108,440;22646,929;2113,7088;6,0606
sps4ext_199311_017;0,35;9,668;2569,820;239,8368;5,7142
sps4ext_199311_017;0,32;143,216;23155,191;2161,1184;6,2500
sps4ext_199311_017;0,27;319,746;28175,757;2629,7040;7,4074
sps4ext_199311_017;0,32;151,428;22900,035;2137,3296;6,2500
sps4ext_199311_017;0,22;476,212;34086,576;3181,3824;9,0909
sps4ext_199311_017;0,29;231,188;25208,343;2352,7728;6,8965
sps4ext_199311_017;0,34;110,696;22270,822;2078,5968;5,8823
sps4ext_199311_017;0,34;90,186;19933,781;1860,4656;5,8823
sps4ext_199311_017;0,18;690,214;40515,739;3781,4448;11,1111
sps4ext_199311_017;0,22;511,183;32635,508;3045,9744;9,0909
sps4ext_199311_017;0,28;236,562;26513,255;2474,5392;7,1428
sps4ext_199311_018;0,32;136,705;22526,603;2102,4528;6,2500
sps4ext_199311_018;0,31;193,601;24518,208;2288,3616;6,4516
sps4ext_199311_018;0,33;100,319;20467,394;1910,2608;6,0606
sps4ext_199311_018;0,25;369,205;29731,032;2774,8896;8,0000
sps4ext_199311_018;0,31;170,168;24222,753;2260,7760;6,4516
sps4ext_199311_018;0,25;326,252;28487,889;2658,8688;8,0000
sps4ext_199311_018;0,26;319,563;27877,739;2601,9168;7,6923
sps4ext_199311_018;0,27;262,859;27352,740;2552,8944;7,4074
sps4ext_199311_018;0,27;317,338;27962,145;2609,7792;7,4074
sps4ext_199311_018;0,19;629,301;38650,602;3607,3632;10,5263
sps4ext_199311_019;0,27;298,772;27528,813;2569,3248;7,4074
sps4ext_199311_019;0,35;9,970;2604,995;243,1296;5,7142
sps4ext_199311_019;0,33;116,204;22624,620;2111,6256;6,0606
sps4ext_199311_019;0,23;460,317;33134,806;3092,5776;8,6956
sps4ext_199311_019;0,34;89,035;19791,722;1847,2272;5,8823
sps4ext_199311_019;0,32;140,916;22718,203;2120,3616;6,2500
sps4ext_199311_019;0,29;219,273;24791,842;2313,8976;6,8965
sps4ext_199311_019;0,25;346,132;28734,175;2681,8512;8,0000
sps4ext_199311_019;0,18;750,022;41248,836;3849,8880;11,1111
sps4ext_199311_019;0,27;308,780;27447,993;2561,7984;7,4074
sps4ext_199311_019;0,33;139,520;23109,425;2156,8512;6,0606
sps4ext_199311_020;0,26;336,244;29009,796;2707,5552;7,6923
sps4ext_199311_020;0,31;160,793;23257,917;2170,7280;6,4516
sps4ext_199311_020;0,18;813,714;42323,886;3950,2176;11,1111
sps4ext_199311_020;0,21;527,090;34177,347;3189,8832;9,5238
sps4ext_199311_020;0,32;150,314;23407,751;2184,7056;6,2500
sps4ext_199311_020;0,31;179,171;24385,843;2275,9968;6,4516
sps4ext_199311_020;0,29;224,476;26196,518;2445,0048;6,8965
sps4ext_199311_020;0,23;471,720;32455,727;3029,1744;8,6956
sps4ext_199311_020;0,34;93,856;20252,443;1890,2016;5,8823
sps4ext_199311_020;0,35;9,546;2620,520;244,5744;5,7142
sps4ext_199311_020;0,33;133,568;22013,456;2054,5728;6,0606
sps4ext_199411_001;0,34;98,712;21609,808;2016,9072;5,8823
sps4ext_199411_001;0,32;145,487;23615,861;2204,1264;6,2500
sps4ext_199411_001;0,27;275,929;27555,412;2571,8112;7,4074
sps4ext_199411_001;0,31;179,494;23689,654;2211,0144;6,4516
sps4ext_199411_001;0,32;152,740;23458,216;2189,4096;6,2500
sps4ext_199411_001;0,34;87,677;19864,416;1853,9808;5,8823
sps4ext_199411_001;0,27;280,856;26734,116;2495,1696;7,4074
sps4ext_199411_001;0,33;114,741;22501,611;2100,1344;6,0606
sps4ext_199411_001;0,35;9,786;2588,293;241,5504;5,7142
sps4ext_199411_001;0,34;101,834;22106,860;2063,2752;5,8823
sps4ext_199411_001;0,34;98,724;21942,453;2047,9536;5,8823
sps4ext_199411_002;0,31;153,505;23254,031;2170,3584;6,4516
sps4ext_199411_002;0,34;93,432;20010,888;1867,6560;5,8823
sps4ext_199411_002;0,20;644,728;36739,092;3428,9808;10,0000
sps4ext_199411_002;0,22;523,112;34501,136;3220,0896;9,0909
sps4ext_199411_002;0,32;161,355;23515,790;2194,7856;6,2500
sps4ext_199411_002;0,35;9,679;2579,413;240,7440;5,7142
sps4ext_199411_002;0,20;606,301;37447,115;3495,0384;10,0000
sps4ext_199411_002;0,28;276,885;26305,367;2455,1520;7,1428
sps4ext_199411_002;0,32;148,926;23852,651;2226,2352;6,2500
sps4ext_199411_002;0,31;175,968;23997,710;2239,7760;6,4516
sps4ext_199411_002;0,21;619,952;35080,604;3274,1856;9,5238
sps4ext_199411_003;0,34;95,228;20087,689;1874,8464;5,8823
sps4ext_199411_003;0,31;158,564;23352,680;2179,5648;6,4516
sps4ext_199411_003;0,32;140,047;23136,841;2159,4384;6,2500
sps4ext_199411_003;0,21;532,278;33777,468;3152,5536;9,5238
sps4ext_199411_003;0,27;313,048;27704,141;2585,6880;7,4074
sps4ext_199411_003;0,29;239,122;26357,709;2460,0240;6,8965
sps4ext_199411_003;0,32;166,968;23756,586;2217,2640;6,2500
sps4ext_199411_003;0,25;351,782;29039,812;2710,3776;8,0000
sps4ext_199411_003;0,21;561,069;35337,478;3298,1424;9,5238
sps4ext_199411_003;0,35;9,444;2563,241;239,2320;5,7142
sps4ext_199411_003;0,22;571,154;34047,466;3177,7536;9,0909
sps4ext_199411_004;0,31;155,022;23172,741;2162,7648;6,4516
sps4ext_199411_004;0,31;180,602;24505,132;2287,1184;6,4516
sps4ext_199411_004;0,32;141,858;23281,044;2172,8784;6,2500
sps4ext_199411_004;0,35;9,850;2576,183;240,4416;5,7142
sps4ext_199411_004;0,30;228,252;25699,371;2398,6032;6,6666
sps4ext_199411_004;0,27;305,188;28006,819;2613,9456;7,4074
sps4ext_199411_004;0,27;287,259;27548,541;2571,1728;7,4074
sps4ext_199411_004;0,29;251,027;25227,650;2354,5536;6,8965
sps4ext_199411_004;0,21;565,801;33980,015;3171,4368;9,5238
sps4ext_199411_004;0,27;322,998;28012,724;2614,5168;7,4074
sps4ext_199411_004;0,34;93,387;20042,384;1870,6128;5,8823
sps4ext_199411_005;0,26;345,365;28250,402;2636,6928;7,6923
sps4ext_199411_005;0,31;155,687;23317,842;2176,3056;6,4516
sps4ext_199411_005;0,27;240,751;27927,794;2606,5872;7,4074
sps4ext_199411_005;0,30;233,031;25593,266;2388,6912;6,6666
sps4ext_199411_005;0,33;131,603;23108,996;2156,8176;6,0606
sps4ext_199411_005;0,18;807,484;41900,521;3910,7040;11,1111
sps4ext_199411_005;0,34;111,383;22291,608;2080,5456;5,8823
sps4ext_199411_005;0,24;400,327;31173,843;2909,5584;8,3333
sps4ext_199411_005;0,30;209,210;24598,201;2295,8208;6,6666
sps4ext_199411_005;0,34;90,668;20023,946;1868,8992;5,8823
sps4ext_199411_006;0,30;212,560;24338,953;2271,6288;6,6666
sps4ext_199411_006;0,24;500,016;31380,995;2928,8784;8,3333
sps4ext_199411_006;0,35;9,237;2582,847;241,0464;5,7142
sps4ext_199411_006;0,24;427,025;30100,264;2809,3296;8,3333
sps4ext_199411_006;0,33;117,396;22013,155;2054,5392;6,0606
sps4ext_199411_006;0,32;144,271;23762,212;2217,8016;6,2500
sps4ext_199411_006;0,33;135,233;23114,458;2157,3216;6,0606
sps4ext_199411_006;0,18;783,712;41163,168;3841,8912;11,1111
sps4ext_199411_006;0,33;126,986;23006,005;2147,2080;6,0606
sps4ext_199411_006;0,34;91,169;19872,982;1854,7872;5,8823
sps4ext_199411_006;0,26;308,881;28428,202;2653,2912;7,6923
sps4ext_199411_008;0,32;157,731;23070,960;2153,2896;6,2500
sps4ext_199411_008;0,23;467,858;32986,316;3078,7008;8,6956
sps4ext_199411_008;0,25;388,199;30689,873;2864,3664;8,0000
sps4ext_199411_008;0,30;205,532;25224,520;2354,2848;6,6666
sps4ext_199411_008;0,28;283,105;27011,863;2521,0752;7,1428
sps4ext_199411_008;0,33;121,567;22780,627;2126,1744;6,0606
sps4ext_199411_008;0,30;207,198;24461,831;2283,0864;6,6666
sps4ext_199411_008;0,34;97,886;21833,056;2037,7392;5,8823
sps4ext_199411_008;0,23;443,482;31520,436;2941,8816;8,6956
sps4ext_199411_009;0,20;600,988;36692,572;3424,6128;10,0000
sps4ext_199411_009;0,34;101,834;22456,578;2095,9344;5,8823
sps4ext_199411_009;0,29;255,577;26070,438;2433,2112;6,8965
sps4ext_199411_009;0,26;326,015;27590,393;2575,0704;7,6923
sps4ext_199411_009;0,35;9,390;2612,980;243,8688;5,7142
sps4ext_199411_009;0,22;491,509;33522,003;3128,6976;9,0909
sps4ext_199411_009;0,18;125,832;42364,893;3954,0480;11,1111
sps4ext_199411_009;0,31;179,941;23637,228;2206,1088;6,4516
sps4ext_199411_009;0,34;90,321;20116,212;1877,5008;5,8823
sps4ext_199411_009;0,28;283,798;27062,731;2525,8464;7,1428
sps4ext_199411_009;0,31;158,168;24102,382;2249,5536;6,4516
sps4ext_199411_010;0,27;246,707;27843,003;2598,6576;7,4074
sps4ext_199411_010;0,33;122,310;22685,543;2117,3040;6,0606
sps4ext_199411_010;0,24;424,192;30893,817;2883,4176;8,3333
sps4ext_199411_010;0,35;9,847;2594,702;242,1552;5,7142
sps4ext_199411_010;0,31;160,585;23302,378;2174,8608;6,4516
sps4ext_199411_010;0,34;99,816;20310,934;1895,6784;5,8823
sps4ext_199411_010;0,28;270,219;26732,399;2495,0016;7,1428
sps4ext_199411_010;0,20;728,702;37637,034;3512,7792;10,0000
sps4ext_199411_010;0,33;140,037;23019,905;2148,5184;6,0606
sps4ext_199411_010;0,28;235,353;25606,269;2389,9008;7,1428
sps4ext_199411_010;0,21;542,259;33702,034;3145,4976;9,5238
sps4ext_199411_011;0,34;9,595;2599,177;242,5584;5,8823
sps4ext_199411_011;0,29;228,734;26324,789;2456,9664;6,8965
sps4ext_199411_011;0,20;613,742;37315,103;3482,7408;10,0000
sps4ext_199411_011;0,30;191,077;24125,826;2251,7376;6,6666
sps4ext_199411_011;0,23;490,555;31929,727;2980,0848;8,6956
sps4ext_199411_011;0,33;116,486;22866,793;2134,2048;6,0606
sps4ext_199411_011;0,34;88,312;19815,040;1849,3776;5,8823
sps4ext_199411_011;0,26;352,135;29265,876;2731,4784;7,6923
sps4ext_199411_011;0,32;152,684;23474,415;2190,9216;6,2500
sps4ext_199411_011;0,31;174,754;24229,472;2261,4144;6,4516
sps4ext_199411_011;0,29;229,044;25226,725;2354,4864;6,8965
sps4ext_199411_011;0,25;351,169;29855,128;2786,4480;8,0000
sps4ext_199411_012;0,35;9,846;2587,640;241,4832;5,7142
sps4ext_199411_012;0,30;207,956;25153,043;2347,5984;6,6666
sps4ext_199411_012;0,33;114,565;22648,705;2113,8768;6,0606
sps4ext_199411_012;0,34;95,751;20242,116;1889,2608;5,8823
sps4ext_199411_012;0,31;159,018;23250,273;2170,0224;6,4516
sps4ext_199411_012;0,21;569,491;36080,237;3367,4592;9,5238
sps4ext_199411_012;0,26;303,922;27656,531;2581,2528;7,6923
sps4ext_199411_012;0,27;319,361;28060,767;2618,9856;7,4074
sps4ext_199411_012;0,33;136,610;23072,333;2153,3904;6,0606
sps4ext_199411_012;0,23;477,018;32380,449;3022,1520;8,6956
sps4ext_199411_012;0,23;528,198;32114,710;2997,3552;8,6956
sps4ext_199411_013;0,22;474,098;32466,289;3030,1824;9,0909
sps4ext_199411_013;0,21;574,050;35941,930;3354,5568;9,5238
sps4ext_199411_013;0,25;377,189;29993,019;2799,3168;8,0000
sps4ext_199411_013;0,34;98,240;20244,423;1889,4624;5,8823
sps4ext_199411_013;0,32;144,184;23434,297;2187,1920;6,2500
sps4ext_199411_013;0,28;241,663;26687,530;2490,8352;7,1428
sps4ext_199411_013;0,28;228,558;25963,277;2423,2320;7,1428
sps4ext_199411_013;0,30;199,445;24913,820;2325,2880;6,6666
sps4ext_199411_013;0,34;9,838;2604,527;243,0624;5,8823
sps4ext_199411_013;0,24;432,260;31203,327;2912,2800;8,3333
sps4ext_199411_013;0,33;107,810;21753,374;2030,3136;6,0606
sps4ext_199411_014;0,32;155,571;22975,118;2144,3184;6,2500
sps4ext_199411_014;0,28;293,645;27152,474;2534,2128;7,1428
sps4ext_199411_014;0,24;361,328;29736,334;2775,3600;8,3333
sps4ext_199411_014;0,35;88,964;19766,596;1844,8752;5,7142
sps4ext_199411_014;0,27;274,172;27587,234;2574,8016;7,4074
sps4ext_199411_014;0,35;9,889;2594,069;242,0880;5,7142
sps4ext_199411_014;0,23;505,340;32077,437;2993,8608;8,6956
sps4ext_199411_014;0,21;579,214;35601,905;3322,8384;9,5238
sps4ext_199411_014;0,34;111,179;22160,444;2068,2816;5,8823
sps4ext_199411_014;0,31;162,023;23865,108;2227,3776;6,4516
sps4ext_199411_014;0,25;381,430;30292,738;2827,3056;8,0000
sps4ext_199411_015;0,30;197,823;25085,721;2341,3152;6,6666
sps4ext_199411_015;0,35;9,964;2580,424;240,8112;5,7142
sps4ext_199411_015;0,33;121,197;22596,966;2109,0384;6,0606
sps4ext_199411_015;0,34;101,653;20279,398;1892,7216;5,8823
sps4ext_199411_015;0,23;476,362;30960,749;2889,6672;8,6956
sps4ext_199411_015;0,23;445,648;32511,202;3034,3488;8,6956
sps4ext_199411_015;0,19;761,630;40105,791;3743,1744;10,5263
sps4ext_199411_015;0,24;373,394;29564,533;2759,3328;8,3333
sps4ext_199411_015;0,34;108,118;21727,500;2027,8944;5,8823
sps4ext_199411_015;0,30;196,029;25177,222;2349,8496;6,6666
sps4ext_199411_015;0,27;312,031;27821,410;2596,6416;7,4074
sps4ext_199411_016;0,24;365,428;29696,040;2771,6304;8,3333
sps4ext_199411_016;0,24;431,559;30531,369;2849,5824;8,3333
sps4ext_199411_016;0,33;121,451;20881,695;1948,9344;6,0606
sps4ext_199411_016;0,19;789,612;39983,501;3731,7840;10,5263
sps4ext_199411_016;0,21;643,172;36203,335;3378,9504;9,5238
sps4ext_199411_016;0,30;194,249;24886,269;2322,7008;6,6666
sps4ext_199411_016;0,33;129,305;22776,249;2125,7712;6,0606
sps4ext_199411_016;0,25;384,105;30456,720;2842,6272;8,0000
sps4ext_199411_016;0,35;10,061;2585,221;241,2816;5,7142
sps4ext_199411_016;0,34;103,411;21160,796;1974,9744;5,8823
sps4ext_199411_016;0,32;158,238;23583,773;2201,1360;6,2500
sps4ext_199411_017;0,25;318,665;29495,245;2752,8816;8,0000
sps4ext_199411_017;0,33;127,858;20930,631;1953,5040;6,0606
sps4ext_199411_017;0,24;355,167;30051,001;2804,7600;8,3333
sps4ext_199411_017;0,32;16,550;2769,831;258,4848;6,2500
sps4ext_199411_017;0,17;177,541;43647,128;4073,7312;11,7647
sps4ext_199411_017;0,21;578,654;35915,574;3352,1040;9,5238
sps4ext_199411_017;0,34;100,264;22166,754;2068,8864;5,8823
sps4ext_199411_017;0,19;661,451;37326,458;3483,7824;10,5263
sps4ext_199411_017;0,25;442,782;30528,889;2849,3472;8,0000
sps4ext_199411_017;0,33;118,495;22752,658;2123,5536;6,0606
sps4ext_199411_017;0,24;413,791;30708,024;2866,0800;8,3333
sps4ext_199411_018;0,25;360,819;29680,891;2770,1856;8,0000
sps4ext_199411_018;0,26;321,047;27629,407;2578,7328;7,6923
sps4ext_199411_018;0,30;179,663;23960,999;2236,3488;6,6666
sps4ext_199411_018;0,32;154,346;23549,595;2197,9440;6,2500
sps4ext_199411_018;0,28;281,617;27274,726;2545,6368;7,1428
sps4ext_199411_018;0,34;110,446;22323,882;2083,5360;5,8823
sps4ext_199411_018;0,30;144,911;24223,837;2260,8768;6,6666
sps4ext_199411_018;0,35;9,851;2577,785;240,5760;5,7142
sps4ext_199411_018;0,27;296,862;28251,625;2636,7936;7,4074
sps4ext_199411_018;0,33;100,175;20347,608;1899,1056;6,0606
sps4ext_199411_018;0,27;294,908;27358,941;2553,4992;7,4074
sps4ext_199411_019;0,24;409,790;29742,283;2775,9312;8,3333
sps4ext_199411_019;0,35;9,482;2562,127;239,1312;5,7142
sps4ext_199411_019;0,32;141,162;23136,138;2159,3712;6,2500
sps4ext_199411_019;0,28;277,173;26968,723;2517,0768;7,1428
sps4ext_199411_019;0,23;474,316;32328,921;3017,3472;8,6956
sps4ext_199411_019;0,24;443,509;31453,434;2935,6320;8,3333
sps4ext_199411_019;0,34;91,818;20239,348;1888,9920;5,8823
sps4ext_199411_019;0,31;157,056;23376,502;2181,7824;6,4516
sps4ext_199411_019;0,33;139,053;23143,141;2160,0096;6,0606
sps4ext_199411_019;0,24;413,337;29720,847;2773,9152;8,3333
sps4ext_199411_019;0,25;344,421;29515,519;2754,7632;8,0000
sps4ext_199411_020;0,34;107,268;22140,693;2066,4336;5,8823
sps4ext_199411_020;0,23;468,466;32447,509;3028,4016;8,6956
sps4ext_199411_020;0,23;450,167;31268,529;2918,3952;8,6956
sps4ext_199411_020;0,32;148,141;23530,684;2196,1968;6,2500
sps4ext_199411_020;0,35;9,704;2579,689;240,7440;5,7142
sps4ext_199411_020;0,24;424,962;29870,792;2787,9264;8,3333
sps4ext_199411_020;0,34;91,669;19977,086;1864,4976;5,8823
sps4ext_199411_020;0,27;271,061;28062,640;2619,1536;7,4074
sps4ext_199411_020;0,23;434,160;31993,674;2986,0656;8,6956
sps4ext_199411_020;0,30;170,024;24357,332;2273,3424;6,6666
sps4ext_199411_020;0,28;306,949;27204,285;2539,0512;7,1428
sps4ext_200111_009;0,34;93,310;21572,493;2013,4128;5,8823
sps4ext_200111_009;0,34;10,110;2590,292;241,7520;5,8823
sps4ext_200111_009;0,34;100,684;21555,750;2011,8672;5,8823
sps4ext_200111_009;0,34;99,359;22098,176;2062,4688;5,8823
sps4ext_200111_009;0,34;98,019;21437,190;2000,7792;5,8823
sps4ext_200111_009;0,34;95,788;22140,821;2066,4672;5,8823
sps4ext_200111_009;0,34;101,800;22238,547;2075,5728;5,8823
sps4ext_200111_009;0,34;97,866;22129,800;2065,4256;5,8823
sps4ext_200111_009;0,34;103,375;22442,004;2094,5568;5,8823
sps4ext_200111_009;0,34;89,009;19836,654;1851,3936;5,8823
sps4ext_200111_009;0,34;103,248;22009,848;2054,2368;5,8823
sps4ext_200311_005;0,26;273,997;28932,405;2700,3312;7,6923
sps4ext_200311_005;0,34;105,389;22078,324;2060,6208;5,8823
sps4ext_200311_005;0,34;108,919;22327,581;2083,9056;5,8823
sps4ext_200311_005;0,35;9,602;2549,466;237,9216;5,7142
sps4ext_200311_005;0,34;97,984;21278,673;1985,9952;5,8823
sps4ext_200311_005;0,28;285,765;26303,177;2454,9504;7,1428
sps4ext_200311_005;0,32;143,842;23208,816;2166,1248;6,2500
sps4ext_200311_005;0,34;92,796;19909,157;1858,1808;5,8823
sps4ext_200311_005;0,33;117,621;22596,199;2108,9712;6,0606
sps4ext_200311_005;0,34;104,908;21681,282;2023,5600;5,8823
sps4ext_200311_005;0,35;99,444;21783,495;2033,1024;5,7142
sps4ext_200411_002;0,34;104,908;22261,471;2077,7232;5,8823
sps4ext_200411_002;0,34;9,869;2582,679;241,0464;5,8823
sps4ext_200411_002;0,34;85,449;19745,468;1842,8928;5,8823
sps4ext_200411_002;0,34;94,374;21252,085;1983,5088;5,8823
sps4ext_200411_002;0,34;104,920;22219,799;2073,8256;5,8823
sps4ext_200411_002;0,34;94,284;21270,836;1985,2560;5,8823
sps4ext_200411_002;0,34;97,206;21868,487;2041,0320;5,8823
sps4ext_200411_002;0,34;98,127;21909,136;2044,8288;5,8823
sps4ext_200411_002;0,34;102,235;22151,920;2067,5088;5,8823
sps4ext_200411_002;0,34;97,052;21316,277;1989,4896;5,8823
sps4ext_200411_002;0,34;104,194;22566,240;2106,1824;5,8823
sps4ext_200411_004;0,28;267,419;26843,125;2505,3504;7,1428
sps4ext_200411_004;0,34;89,732;19925,219;1859,6592;5,8823
sps4ext_200411_004;0,34;107,591;22186,048;2070,6672;5,8823
sps4ext_200411_004;0,34;105,534;22085,035;2061,2592;5,8823
sps4ext_200411_004;0,34;10,001;2596,316;242,2896;5,8823
sps4ext_200411_004;0,28;248,308;25639,495;2392,9920;7,1428
sps4ext_200411_004;0,34;102,794;22252,315;2076,8496;5,8823
sps4ext_200411_004;0,34;114,524;22280,599;2079,5040;5,8823
sps4ext_200411_004;0,34;99,475;21339,613;1991,6736;5,8823
sps4ext_200411_004;0,34;105,154;21541,013;2010,4896;5,8823
sps4ext_200411_004;0,34;104,096;22299,233;2081,2512;5,8823
sps4ext_200411_016;0,31;181,429;24381,949;2275,6272;6,4516
sps4ext_200411_016;0,34;105,575;22235,583;2075,3040;5,8823
sps4ext_200411_016;0,34;101,489;21211,000;1979,6784;5,8823
sps4ext_200411_016;0,33;140,832;23097,503;2155,7424;6,0606
sps4ext_200411_016;0,34;112,209;22405,201;2091,1296;5,8823
sps4ext_200411_016;0,30;195,348;24317,294;2269,6128;6,6666
sps4ext_200411_016;0,34;98,176;21483,716;2005,1136;5,8823
sps4ext_200411_016;0,34;111,624;22314,438;2082,6624;5,8823
sps4ext_200411_016;0,34;10,252;2589,170;241,6512;5,8823
sps4ext_200411_016;0,34;92,133;19879,134;1855,3584;5,8823
sps4ext_200511_011;0,29;210,329;25781,583;2406,2640;6,8965
sps4ext_200511_011;0,28;263,744;26541,014;2477,1600;7,1428
sps4ext_200511_011;0,33;112,422;20566,725;1919,5344;6,0606
sps4ext_200511_011;0,24;44,108;3639,864;339,6960;8,3333
sps4ext_200511_014;0,35;9,892;2568,445;239,7024;5,7142
sps4ext_200511_014;0,34;91,179;19897,450;1857,0720;5,8823
sps4ext_200511_014;0,31;142,100;24074,655;2246,9664;6,4516
sps4ext_200511_014;0,24;373,014;30684,267;2863,8624;8,3333
sps4ext_200511_014;0,32;137,952;23204,595;2165,7552;6,2500
sps4ext_200511_014;0,32;151,055;23674,498;2209,6032;6,2500
sps4ext_200511_014;0,33;125,222;22520,519;2101,8816;6,0606
sps4ext_200511_014;0,29;252,167;25170,323;2349,2112;6,8965
sps4ext_200511_014;0,32;162,252;23828,690;2223,9840;6,2500
sps4ext_200511_014;0,33;113,895;22214,862;2073,3552;6,0606
sps4ext_200511_014;0,30;192,975;24625,502;2298,3744;6,6666
sps4ext_200711_009;0,33;14,285;2653,624;247,6656;6,0606
sps4ext_200811_007;0,28;25,939;3069,341;286,4400;7,1428
sps4ext_200811_008;0,23;45,420;3649,729;340,6368;8,6956
sps4ext_200811_008;0,29;228,425;23572,530;2200,0944;6,8965
sps4ext_200811_011;0,31;156,883;21824,948;2036,9664;6,4516
sps4ext_200811_011;0,27;32,264;3220,373;300,5520;7,4074
sps4ext_200811_011;0,23;451,121;32611,242;3043,6896;8,6956
sps4ext_200811_012;0,33;115,494;22573,939;2106,8880;6,0606
sps4ext_200811_012;0,32;148,421;23509,499;2194,2144;6,2500
sps4ext_200811_012;0,34;10,452;2609,438;243,5328;5,8823
sps4ext_200811_012;0,29;252,374;25326,668;2363,7936;6,8965
sps4ext_200811_012;0,34;95,619;20075,059;1873,6704;5,8823
sps4ext_200811_012;0,29;219,762;25439,070;2374,3104;6,8965
sps4ext_200811_013;0,26;383,180;29049,748;2711,2848;7,6923
sps4ext_200811_013;0,24;423,842;30835,728;2877,9744;8,3333
sps4ext_200811_013;0,28;27,790;3081,409;287,5824;7,1428
sps4ext_200811_013;0,22;459,493;30715,648;2866,7856;9,0909
sps4ext_200811_014;0,25;363,084;29596,814;2762,3568;8,0000
sps4ext_200811_014;0,26;298,708;28693,751;2678,0544;7,6923
sps4ext_200811_014;0,26;31,734;3262,383;304,4832;7,6923
sps4ext_200811_014;0,22;517,137;33830,276;3157,4592;9,0909
sps4ext_200811_014;0,26;287,190;25621,848;2391,3456;7,6923
sps4ext_200811_014;0,24;384,519;30001,790;2800,1568;8,3333
sps4ext_200811_015;0,34;98,490;20040,552;1870,4448;5,8823
sps4ext_200811_015;0,34;107,431;22398,881;2090,5584;5,8823
sps4ext_200811_015;0,33;114,212;22795,597;2127,5856;6,0606
sps4ext_200811_015;0,34;10,381;2619,768;244,5072;5,8823
sps4ext_200811_015;0,29;227,158;26021,880;2428,7088;6,8965
sps4ext_200811_015;0,33;117,664;22083,719;2061,1248;6,0606
sps4ext_200811_015;0,30;192,262;24264,185;2264,6400;6,6666
sps4ext_200811_016;0,26;386,169;28622,651;2671,4352;7,6923
sps4ext_200811_016;0,25;38,647;3399,123;317,2512;8,0000
sps4ext_200811_016;0,27;272,531;26532,226;2476,3200;7,4074
sps4ext_200811_016;0,23;466,433;32373,737;3021,5472;8,6956
sps4ext_200811_016;0,27;261,542;25148,205;2347,1616;7,4074
sps4ext_200811_016;0,29;251,177;26041,848;2430,5568;6,8965
sps4ext_200811_017;0,32;143,080;22760,684;2124,3264;6,2500
sps4ext_200811_017;0,30;217,700;25364,951;2367,3888;6,6666
sps4ext_200811_017;0,25;367,369;30000,596;2800,0224;8,0000
sps4ext_200811_017;0,28;216,634;23937,385;2234,1312;7,1428
sps4ext_200811_017;0,22;490,671;34182,326;3190,3200;9,0909
sps4ext_200811_017;0,24;35,692;3449,700;321,9552;8,3333
sps4ext_200811_018;0,34;112,365;21657,154;2021,3088;5,8823
sps4ext_200811_018;0,31;156,362;23870,114;2227,8480;6,4516
sps4ext_200811_018;0,31;155,030;23147,557;2160,4128;6,4516
sps4ext_200811_018;0,28;275,031;26054,973;2431,7664;7,1428
sps4ext_200811_018;0,34;95,393;20021,821;1868,6976;5,8823
sps4ext_200811_018;0,33;127,278;22635,561;2112,6336;6,0606
sps4ext_200811_018;0,34;10,953;2622,519;244,7424;5,8823
sps4ext_200811_018;0,29;240,802;26001,912;2426,8272;6,8965
sps4ext_200811_018;0,34;115,319;22381,313;2088,9120;5,8823
sps4ext_200811_018;0,30;197,606;25299,463;2361,2736;6,6666
sps4ext_200811_018;0,28;294,726;27286,362;2546,7120;7,1428
sps4ext_200811_019;0,34;100,578;21424,722;1999,6368;5,8823
sps4ext_200811_019;0,34;100,031;21379,992;1995,4368;5,8823
sps4ext_200811_019;0,33;126,065;22815,072;2129,4000;6,0606
sps4ext_200811_019;0,33;136,995;23096,504;2155,6416;6,0606
sps4ext_200811_019;0,27;325,546;28012,780;2614,5168;7,4074
sps4ext_200811_019;0,25;40,476;3392,570;316,6128;8,0000
sps4ext_200811_019;0,34;103,321;22435,090;2093,9184;5,8823
sps4ext_200811_019;0,33;117,866;22474,032;2097,5472;6,0606
sps4ext_200811_019;0,33;146,941;23119,177;2157,7584;6,0606
sps4ext_200811_019;0,22;522,929;32951,142;3075,4080;9,0909
sps4ext_200811_019;0,29;220,852;23570,381;2199,8928;6,8965
sps4ext_200811_020;0,26;291,990;28577,222;2667,2016;7,6923
sps4ext_200811_020;0,30;183,680;22576,999;2107,1568;6,6666
sps4ext_200811_020;0,25;347,466;28809,142;2688,8400;8,0000
sps4ext_200811_020;0,27;311,676;27450,358;2562,0000;7,4074
sps4ext_200811_020;0,24;367,040;30680,173;2863,4592;8,3333
sps4ext_200811_020;0,33;12,811;2715,875;253,4784;6,0606
sps4ext_200811_020;0,28;257,131;25784,704;2406,5664;7,1428
sps4ext_200911_001;0,29;205,068;25809,573;2408,8848;6,8965
sps4ext_200911_001;0,32;164,056;23720,312;2213,8704;6,2500
sps4ext_200911_001;0,21;567,586;33769,665;3151,8144;9,5238
sps4ext_200911_001;0,31;153,479;21939,552;2047,6848;6,4516
sps4ext_200911_001;0,25;348,647;29008,716;2707,4544;8,0000
sps4ext_200911_001;0,31;201,899;24569,396;2293,1328;6,4516
sps4ext_200911_001;0,32;15,843;2803,173;261,6096;6,2500
sps4ext_200911_002;0,29;215,595;23254,329;2170,3920;6,8965
sps4ext_200911_002;0,31;204,508;24550,065;2291,3184;6,4516
sps4ext_200911_002;0,30;190,213;24653,071;2300,9280;6,6666
sps4ext_200911_002;0,32;14,006;2762,348;257,8128;6,2500
sps4ext_200911_002;0,26;301,332;27517,158;2568,2496;7,6923
sps4ext_200911_002;0,28;271,306;27058,767;2525,4768;7,1428
sps4ext_200911_003;0,33;105,719;20908,984;1951,4880;6,0606
sps4ext_200911_003;0,24;385,542;29941,989;2794,5792;8,3333
sps4ext_200911_003;0,32;133,598;23262,819;2171,1648;6,2500
sps4ext_200911_003;0,25;394,276;28726,146;2681,0784;8,0000
sps4ext_200911_003;0,26;295,513;28370,157;2647,8480;7,6923
sps4ext_200911_003;0,30;13,250;3247,729;303,1056;6,6666
sps4ext_200911_003;0,24;384,900;30771,383;2871,9936;8,3333
sps4ext_200911_004;0,23;472,172;32845,905;3065,5968;8,6956
sps4ext_200911_004;0,26;290,961;25713,655;2399,9136;7,6923
sps4ext_200911_004;0,27;270,311;27175,937;2536,3968;7,4074
sps4ext_200911_004;0,27;285,152;27848,713;2599,1952;7,4074
sps4ext_200911_004;0,27;288,301;27286,764;2546,7456;7,4074
sps4ext_200911_004;0,28;25,259;3085,881;287,9856;7,1428
sps4ext_200911_005;0,29;217,440;25960,296;2422,9296;6,8965
sps4ext_200911_005;0,22;488,558;33928,362;3166,6320;9,0909
sps4ext_200911_005;0,22;557,785;34174,106;3189,5808;9,0909
sps4ext_200911_005;0,26;343,027;28231,457;2634,9120;7,6923
sps4ext_200911_005;0,30;175,958;22956,059;2142,5376;6,6666
sps4ext_200911_005;0,31;17,596;2835,552;264,6336;6,4516
sps4ext_200911_006;0,29;244,225;25188,786;2350,9248;6,8965
sps4ext_200911_006;0,31;150,341;21871,318;2041,3008;6,4516
sps4ext_200911_006;0,26;327,573;29299,868;2734,6368;7,6923
sps4ext_200911_006;0,32;149,887;23392,077;2183,2272;6,2500
sps4ext_200911_006;0,27;333,625;28174,249;2629,5696;7,4074
sps4ext_200911_006;0,21;527,503;33799,587;3154,6032;9,5238
sps4ext_200911_006;0,29;21,140;3001,196;280,0896;6,8965
sps4ext_200911_007;0,28;258,149;27218,538;2540,3952;7,1428
sps4ext_200911_007;0,23;422,783;30858,311;2880,0912;8,6956
sps4ext_200911_007;0,28;238,240;24303,493;2268,3024;7,1428
sps4ext_200911_007;0,31;187,260;24582,084;2294,3088;6,4516
sps4ext_200911_007;0,27;293,071;28112,775;2623,8576;7,4074
sps4ext_200911_007;0,24;392,986;30276,047;2825,7600;8,3333
sps4ext_200911_007;0,30;19,927;2898,155;270,4800;6,6666
sps4ext_200911_008;0,25;378,023;29496,565;2752,9824;8,0000
sps4ext_200911_008;0,26;308,383;26504,857;2473,7664;7,6923
sps4ext_200911_008;0,23;43,328;3648,664;340,5360;8,6956
sps4ext_200911_008;0,29;250,836;26141,259;2439,8304;6,8965
sps4ext_200911_008;0,29;227,409;25735,623;2401,9632;6,8965
sps4ext_200911_008;0,22;489,529;33871,030;3161,2896;9,0909
sps4ext_200911_009;0,32;146,194;21538,542;2010,2544;6,2500
sps4ext_200911_009;0,26;346,509;28603,702;2669,6544;7,6923
sps4ext_200911_009;0,33;127,852;22648,934;2113,8768;6,0606
sps4ext_200911_009;0,27;301,522;27329,470;2550,7440;7,4074
sps4ext_200911_009;0,34;105,191;21443,552;2001,3840;5,8823
sps4ext_200911_009;0,27;306,243;26821,086;2503,3008;7,4074
sps4ext_200911_009;0,33;103,670;22507,636;2100,7056;6,0606
sps4ext_200911_009;0,32;18,944;2832,053;264,2976;6,2500
sps4ext_200911_009;0,34;103,566;21416,377;1998,8304;5,8823
sps4ext_200911_009;0,33;123,511;22604,982;2109,7776;6,0606
sps4ext_200911_009;0,33;107,509;22496,746;2099,6640;6,0606
sps4ext_200911_010;0,26;324,907;28864,672;2694,0144;7,6923
sps4ext_200911_010;0,29;239,078;25160,970;2348,3376;6,8965
sps4ext_200911_010;0,32;12,633;2709,554;252,8736;6,2500
sps4ext_200911_010;0,24;439,901;30661,392;2861,7120;8,3333
sps4ext_200911_010;0,28;266,982;26788,547;2500,2432;7,1428
sps4ext_200911_010;0,26;296,585;28714,364;2680,0032;7,6923
sps4ext_200911_010;0,27;250,680;24908,873;2324,8176;7,4074
sps4ext_200911_011;0,29;217,496;25679,900;2396,7888;6,8965
sps4ext_200911_011;0,28;270,894;25747,267;2403,0720;7,1428
sps4ext_200911_011;0,32;124,590;21157,036;1974,6384;6,2500
sps4ext_200911_011;0,32;15,021;2807,433;262,0128;6,2500
sps4ext_200911_011;0,31;166,356;23971,344;2237,3232;6,4516
sps4ext_200911_011;0,22;478,243;33231,840;3101,6160;9,0909
sps4ext_200911_012;0,28;274,978;26848,511;2505,8544;7,1428
sps4ext_200911_012;0,27;266,702;26537,729;2476,8240;7,4074
sps4ext_200911_012;0,28;237,623;24401,989;2277,5088;7,1428
sps4ext_200911_012;0,22;493,760;33170,663;3095,9040;9,0909
sps4ext_200911_012;0,28;23,455;3092,841;288,6576;7,1428
sps4ext_200911_012;0,27;343,575;28050,057;2617,9776;7,4074
sps4ext_200911_012;0,29;221,895;25967,109;2423,5680;6,8965
sps4ext_200911_013;0,28;249,466;26737,613;2495,5056;7,1428
sps4ext_200911_013;0,31;146,107;21722,293;2027,3904;6,4516
sps4ext_200911_013;0,32;14,963;2793,190;260,6688;6,2500
sps4ext_200911_013;0,21;494,259;33936,069;3167,3376;9,5238
sps4ext_200911_013;0,27;298,268;28036,175;2616,7008;7,4074
sps4ext_200911_013;0,22;510,428;32988,618;3078,9360;9,0909
sps4ext_200911_013;0,31;173,424;23973,116;2237,4576;6,4516
sps4ext_200911_014;0,24;395,416;29705,280;2772,4704;8,3333
sps4ext_200911_014;0,27;271,412;28139,065;2626,3104;7,4074
sps4ext_200911_014;0,25;375,743;30459,018;2842,8288;8,0000
sps4ext_200911_014;0,32;129,323;21056,301;1965,2304;6,2500
sps4ext_200911_014;0,25;374,265;29732,032;2774,9568;8,0000
sps4ext_200911_014;0,32;17,108;2789,426;260,3328;6,2500
sps4ext_200911_015;0,32;118,360;21187,063;1977,4272;6,2500
sps4ext_200911_015;0,27;299,018;27168,288;2535,6912;7,4074
sps4ext_200911_015;0,23;450,011;32056,409;2991,9120;8,6956
sps4ext_200911_015;0,23;485,306;32927,830;3073,2576;8,6956
sps4ext_200911_015;0,31;169,757;24044,177;2244,1104;6,4516
sps4ext_200911_015;0,29;227,344;25737,657;2402,1648;6,8965
sps4ext_200911_015;0,31;191,257;23742,200;2215,9200;6,4516
sps4ext_200911_015;0,34;11,033;2620,452;244,5744;5,8823
sps4ext_200911_016;0,30;162,466;22755,340;2123,8224;6,6666
sps4ext_200911_016;0,31;19,562;2851,143;266,0784;6,4516
sps4ext_200911_016;0,21;555,254;34581,266;3227,5824;9,5238
sps4ext_200911_016;0,30;232,449;24595,635;2295,5856;6,6666
sps4ext_200911_016;0,31;192,700;24173,722;2256,2064;6,4516
sps4ext_200911_016;0,28;243,152;26671,416;2489,3232;7,1428
sps4ext_200911_016;0,26;307,042;28419,054;2652,4176;7,6923
sps4ext_200911_017;0,21;542,551;35163,350;3281,8800;9,5238
sps4ext_200911_017;0,34;10,869;2618,995;244,4064;5,8823
sps4ext_200911_017;0,33;106,522;20408,190;1904,7504;6,0606
sps4ext_200911_017;0,31;157,488;24505,806;2287,1856;6,4516
sps4ext_200911_017;0,22;503,858;34193,230;3191,3616;9,0909
sps4ext_200911_017;0,25;375,151;29338,625;2738,2656;8,0000
sps4ext_200911_017;0,28;231,580;25802,375;2408,2128;7,1428
sps4ext_200911_017;0,27;266,656;27297,048;2547,7200;7,4074
sps4ext_200911_018;0,27;302,229;28083,583;2621,1024;7,4074
sps4ext_200911_018;0,29;234,438;26231,925;2448,2976;6,8965
sps4ext_200911_018;0,33;112,684;20654,429;1927,7328;6,0606
sps4ext_200911_018;0,30;206,825;24548,080;2291,1504;6,6666
sps4ext_200911_018;0,21;557,846;33713,754;3146,6064;9,5238
sps4ext_200911_018;0,33;120,426;22841,410;2131,8528;6,0606
sps4ext_200911_018;0,34;12,077;3391,264;316,5120;5,8823
sps4ext_200911_019;0,25;371,769;30272,383;2825,3904;8,0000
sps4ext_200911_019;0,29;190,433;23028,653;2149,3248;6,8965
sps4ext_200911_019;0,22;515,225;32855,262;3066,4704;9,0909
sps4ext_200911_019;0,30;214,118;25030,824;2336,2080;6,6666
sps4ext_200911_019;0,27;26,562;3182,331;296,9904;7,4074
sps4ext_200911_019;0,30;205,209;25387,675;2369,5056;6,6666
sps4ext_200911_019;0,27;255,224;26423,588;2466,1728;7,4074
sps4ext_200911_020;0,25;380,747;30441,704;2841,2160;8,0000
sps4ext_200911_020;0,21;548,434;34282,053;3199,6272;9,5238
sps4ext_200911_020;0,34;98,485;20131,514;1878,9120;5,8823
sps4ext_200911_020;0,28;253,844;26435,625;2467,3152;7,1428
sps4ext_200911_020;0,31;14,183;3154,055;294,3696;6,4516
sps4ext_200911_020;0,31;178,664;23756,600;2217,2640;6,4516
sps4ext_200911_020;0,32;131,106;23513,648;2194,5840;6,2500
sps4ext_201011_001;0,28;245,169;24234,457;2261,8512;7,1428
sps4ext_201011_001;0,34;113,568;22358,918;2086,8288;5,8823
sps4ext_201011_001;0,29;228,281;24769,726;2311,8144;6,8965
sps4ext_201011_001;0,34;117,181;22328,707;2084,0064;5,8823
sps4ext_201011_001;0,34;105,499;22286,965;2080,1088;5,8823
sps4ext_201011_001;0,30;21,225;2936,105;274,0080;6,6666
sps4ext_201011_001;0,34;106,439;21438,455;2000,9136;5,8823
sps4ext_201011_001;0,27;299,743;27646,300;2580,3120;7,4074
sps4ext_201011_001;0,31;179,523;24062,305;2245,7904;6,4516
sps4ext_201011_001;0,34;105,886;22289,538;2080,3440;5,8823
sps4ext_201011_001;0,34;109,666;21589,754;2015,0256;5,8823
sps4ext_201011_002;0,26;291,901;29223,566;2727,5136;7,6923
sps4ext_201011_002;0,33;115,885;22740,912;2122,4784;6,0606
sps4ext_201011_002;0,34;108,272;22344,030;2085,4176;5,8823
sps4ext_201011_002;0,34;116,771;22418,331;2092,3728;5,8823
sps4ext_201011_002;0,34;101,447;22080,251;2060,8224;5,8823
sps4ext_201011_002;0,35;98,352;21648,169;2020,4688;5,7142
sps4ext_201011_002;0,34;98,355;21356,086;1993,2192;5,8823
sps4ext_201011_002;0,34;104,557;21660,253;2021,6112;5,8823
sps4ext_201011_002;0,34;90,237;19868,117;1854,3504;5,8823
sps4ext_201011_002;0,35;9,616;2547,449;237,7536;5,7142
sps4ext_201011_002;0,31;172,321;23404,405;2184,4032;6,4516
sps4ext_201011_003;0,26;311,200;27389,780;2556,3552;7,6923
sps4ext_201011_003;0,29;233,526;26001,133;2426,7600;6,8965
sps4ext_201011_003;0,28;279,785;26989,149;2518,9584;7,1428
sps4ext_201011_003;0,22;471,995;32561,791;3039,0864;9,0909
sps4ext_201011_003;0,24;384,119;30692,122;2864,5680;8,3333
sps4ext_201011_003;0,27;27,621;3193,631;298,0656;7,4074
sps4ext_201011_003;0,31;145,498;21577,438;2013,8832;6,4516
sps4ext_201011_004;0,33;124,055;22602,402;2109,5424;6,0606
sps4ext_201011_004;0,32;154,888;23470,170;2190,5184;6,2500
sps4ext_201011_004;0,25;344,803;29003,610;2706,9840;8,0000
sps4ext_201011_004;0,33;113,658;21786,299;2033,3712;6,0606
sps4ext_201011_004;0,34;111,992;22353,933;2086,3584;5,8823
sps4ext_201011_004;0,34;98,110;21396,674;1997,0160;5,8823
sps4ext_201011_004;0,34;89,325;19827,100;1850,5200;5,8823
sps4ext_201011_004;0,34;106,624;22166,365;2068,8528;5,8823
sps4ext_201011_004;0,34;99,896;22135,812;2065,9968;5,8823
sps4ext_201011_004;0,35;10,193;2580,947;240,8784;5,7142
sps4ext_201011_005;0,34;11,731;2611,642;243,7344;5,8823
sps4ext_201011_005;0,26;317,701;29066,807;2712,8976;7,6923
sps4ext_201011_005;0,33;106,387;20510,840;1914,3264;6,0606
sps4ext_201011_005;0,22;480,732;33798,380;3154,5024;9,0909
sps4ext_201011_005;0,21;588,928;35348,706;3299,1840;9,5238
sps4ext_201011_005;0,32;152,215;22824,791;2130,3072;6,2500
sps4ext_201011_005;0,30;203,776;24704,375;2305,7328;6,6666
sps4ext_201011_005;0,30;189,805;25016,250;2334,8304;6,6666
sps4ext_201011_006;0,30;191,798;24004,634;2240,4144;6,6666
sps4ext_201011_006;0,34;99,280;21991,305;2052,4896;5,8823
sps4ext_201011_006;0,34;90,512;19899,121;1857,2400;5,8823
sps4ext_201011_006;0,34;94,617;21491,022;2005,8192;5,8823
sps4ext_201011_006;0,34;105,281;22233,737;2075,1360;5,8823
sps4ext_201011_006;0,34;10,903;2598,398;242,4912;5,8823
sps4ext_201011_006;0,33;111,664;22763,092;2124,5280;6,0606
sps4ext_201011_006;0,33;126,470;22886,682;2136,0864;6,0606
sps4ext_201011_006;0,33;118,802;22654,727;2114,4144;6,0606
sps4ext_201011_006;0,31;192,488;24406,803;2277,9456;6,4516
sps4ext_201011_006;0,33;103,318;21807,530;2035,3536;6,0606
sps4ext_201011_007;0,31;188,285;24339,983;2271,7296;6,4516
sps4ext_201011_007;0,33;106,799;21770,982;2031,9264;6,0606
sps4ext_201011_007;0,34;105,245;22204,366;2072,3808;5,8823
sps4ext_201011_007;0,34;93,457;20218,280;1887,0096;5,8823
sps4ext_201011_007;0,34;10,312;2591,731;241,8864;5,8823
sps4ext_201011_007;0,34;97,613;21293,570;1987,3728;5,8823
sps4ext_201011_007;0,30;218,678;24493,092;2286,0096;6,6666
sps4ext_201011_007;0,33;126,803;22773,447;2125,5024;6,0606
sps4ext_201011_007;0,25;134,459;30508,468;2847,4320;8,0000
sps4ext_201011_007;0,33;125,493;22868,145;2134,3392;6,0606
sps4ext_201011_007;0,34;100,303;22034,335;2056,5216;5,8823
sps4ext_201011_008;0,34;105,175;21692,951;2024,6688;5,8823
sps4ext_201011_008;0,35;10,327;2614,564;244,0032;5,7142
sps4ext_201011_008;0,34;89,836;19848,996;1852,5696;5,8823
sps4ext_201011_008;0,34;104,088;22046,745;2057,6640;5,8823
sps4ext_201011_008;0,34;104,180;22417,557;2092,2720;5,8823
sps4ext_201011_008;0,27;268,010;26877,407;2508,5424;7,4074
sps4ext_201011_008;0,34;98,912;21373,493;1994,8320;5,8823
sps4ext_201011_008;0,33;129,944;22889,790;2136,3552;6,0606
sps4ext_201011_008;0,30;205,231;25067,409;2339,6016;6,6666
sps4ext_201011_008;0,34;102,985;22146,350;2066,9712;5,8823
sps4ext_201011_008;0,34;108,338;22193,672;2071,4064;5,8823
sps4ext_201011_009;0,34;102,701;21722,136;2027,3904;5,8823
sps4ext_201011_009;0,33;102,334;22513,974;2101,2768;6,0606
sps4ext_201011_009;0,34;103,478;22372,761;2088,1056;5,8823
sps4ext_201011_009;0,34;10,617;2619,364;244,4736;5,8823
sps4ext_201011_009;0,32;141,843;23438,117;2187,5280;6,2500
sps4ext_201011_009;0,33;115,218;22498,635;2099,8656;6,0606
sps4ext_201011_009;0,31;152,983;23213,841;2166,5952;6,4516
sps4ext_201011_009;0,34;90,243;19934,407;1860,5328;5,8823
sps4ext_201011_009;0,30;192,804;25404,516;2371,0848;6,6666
sps4ext_201011_009;0,34;106,005;22119,373;2064,4512;5,8823
sps4ext_201011_009;0,34;101,926;21566,316;2012,8416;5,8823
sps4ext_201011_010;0,32;154,368;22977,355;2144,5200;6,2500
sps4ext_201011_010;0,34;104,977;22365,976;2087,4672;5,8823
sps4ext_201011_010;0,34;112,235;22332,023;2084,3088;5,8823
sps4ext_201011_010;0,34;94,585;19915,822;1858,7856;5,8823
sps4ext_201011_010;0,34;107,949;21728,252;2027,9616;5,8823
sps4ext_201011_010;0,28;244,208;26668,701;2489,0544;7,1428
sps4ext_201011_010;0,34;104,764;22401,746;2090,8272;5,8823
sps4ext_201011_010;0,34;10,354;2610,087;243,6000;5,8823
sps4ext_201011_010;0,33;123,669;22632,568;2112,3648;6,0606
sps4ext_201011_010;0,33;103,263;22022,566;2055,4128;6,0606
sps4ext_201011_010;0,34;99,152;22047,656;2057,7648;5,8823
sps4ext_201011_011;0,34;96,100;22670,586;2115,8928;5,8823
sps4ext_201011_011;0,35;10,179;2580,023;240,7776;5,7142
sps4ext_201011_011;0,34;93,459;20024,776;1868,9664;5,8823
sps4ext_201011_011;0,34;103,914;21983,858;2051,8176;5,8823
sps4ext_201011_011;0,34;101,922;22105,097;2063,1408;5,8823
sps4ext_201011_011;0,34;102,983;22193,486;2071,3728;5,8823
sps4ext_201011_011;0,34;96,005;21147,372;1973,7312;5,8823
sps4ext_201011_011;0,34;97,488;22007,754;2054,0352;5,8823
sps4ext_201011_011;0,34;97,670;22011,861;2054,4384;5,8823
sps4ext_201011_011;0,34;97,776;21461,450;2003,0640;5,8823
sps4ext_201011_011;0,34;100,846;21604,949;2016,4368;5,8823
sps4ext_201011_016;0,29;23,131;3036,159;283,3488;6,8965
sps4ext_201011_016;0,22;485,367;33087,775;3088,1760;9,0909
sps4ext_201011_016;0,31;188,228;24542,454;2290,6128;6,4516
sps4ext_201011_016;0,22;472,957;33457,133;3122,6496;9,0909
sps4ext_201011_016;0,28;224,745;24018,624;2241,7248;7,1428
sps4ext_201011_019;0,31;181,167;24565,060;2292,7296;6,4516
sps4ext_201011_019;0,32;13,926;2780,377;259,4928;6,2500
sps4ext_201011_019;0,28;246,900;26469,070;2470,4400;7,1428
sps4ext_201011_019;0,25;358,519;29044,779;2710,8144;8,0000
sps4ext_201011_019;0,31;167,505;23993,008;2239,3392;6,4516
sps4ext_201011_019;0,29;227,823;25471,129;2377,3008;6,8965
sps4ext_201011_019;0,31;135,209;21950,463;2048,6928;6,4516
sps4ext_201011_019;0,29;246,202;26271,671;2451,9936;6,8965
sps4ext_201011_020;0,27;263,644;26636,118;2486,0304;7,4074
sps4ext_201011_020;0,27;297,056;27319,420;2549,8032;7,4074
sps4ext_201011_020;0,34;10,849;2605,232;243,1296;5,8823
sps4ext_201011_020;0,30;185,723;24819,952;2316,5184;6,6666
sps4ext_201011_020;0,26;332,943;28227,837;2634,5760;7,6923
sps4ext_201011_020;0,22;539,565;34229,945;3194,7888;9,0909
sps4ext_201011_020;0,32;117,235;21025,099;1962,3408;6,2500
sps4ext_201011_020;0,27;313,432;28008,795;2614,1472;7,4074
sps4ext_201111_005;0,27;32,822;3229,332;301,3920;7,4074
sps4ext_201111_005;0,28;283,154;27143,698;2533,4064;7,1428
sps4ext_201111_005;0,27;279,017;24974,351;2330,9328;7,4074
sps4ext_201111_009;0,22;507,366;32657,525;3048,0240;9,0909
sps4ext_201111_009;0,32;109,703;21163,743;1975,2768;6,2500
sps4ext_201111_009;0,28;274,306;26017,776;2428,3056;7,1428
sps4ext_201111_009;0,32;141,041;23468,851;2190,4176;6,2500
sps4ext_201111_009;0,32;13,874;2771,881;258,6864;6,2500
sps4ext_201111_009;0,28;252,519;26488,677;2472,2544;7,1428
sps4ext_201111_009;0,31;181,102;24327,489;2270,5536;6,4516
sps4ext_201111_011;0,29;213,553;23561,555;2199,0528;6,8965
sps4ext_201111_011;0,29;215,904;25676,336;2396,4528;6,8965
sps4ext_201111_011;0,22;511,345;33829,980;3157,4592;9,0909
sps4ext_201111_011;0,23;44,344;3681,125;343,5600;8,6956
sps4ext_201111_013;0,31;18,106;2891,503;269,8416;6,4516
sps4ext_201111_013;0,25;360,225;29379,193;2742,0288;8,0000
sps4ext_201111_013;0,30;191,938;22830,272;2130,8112;6,6666
sps4ext_201111_013;0,22;445,091;33337,681;3111,4944;9,0909
sps4ext_201111_013;0,29;236,276;25981,217;2424,9120;6,8965
sps4ext_201111_013;0,21;553,859;35090,646;3275,1264;9,5238
sps4ext_201211_001;0,26;282,142;27583,676;2574,4656;7,6923
sps4ext_201211_001;0,21;525,754;35358,679;3300,1248;9,5238
sps4ext_201211_001;0,24;420,296;31720,299;2960,5296;8,3333
sps4ext_201211_001;0,30;195,225;25349,704;2365,9440;6,6666
sps4ext_201211_001;0,31;177,204;23392,756;2183,2944;6,4516
sps4ext_201211_001;0,28;267,047;26776,363;2499,1008;7,1428
sps4ext_201211_001;0,33;12,086;2648,708;247,1952;6,0606
sps4ext_201211_001;0,32;113,734;21134,289;1972,5216;6,2500
sps4ext_201211_002;0,30;23,055;2922,831;272,7648;6,6666
sps4ext_201211_002;0,26;276,471;25814,886;2409,3888;7,6923
sps4ext_201211_005;0,30;198,828;24840,926;2318,4672;6,6666
sps4ext_201211_005;0,34;98,551;21879,071;2042,0400;5,8823
sps4ext_201211_005;0,34;105,889;22196,099;2071,6080;5,8823
sps4ext_201211_005;0,34;109,744;21731,802;2028,2976;5,8823
sps4ext_201211_005;0,34;92,839;19994,435;1866,1440;5,8823
sps4ext_201211_005;0,34;108,061;22296,588;2080,9824;5,8823
sps4ext_201211_005;0,33;143,341;23088,876;2154,9360;6,0606
sps4ext_201211_005;0,34;10,573;2584,760;241,2144;5,8823
sps4ext_201211_005;0,34;96,856;21314,421;1989,3216;5,8823
sps4ext_201211_005;0,27;303,885;27119,853;2531,1552;7,4074
sps4ext_201211_011;0,34;108,399;22144,985;2066,8368;5,8823
sps4ext_201211_011;0,25;41,562;3481,394;324,9120;8,0000
sps4ext_201211_011;0,33;104,856;21785,024;2033,2368;6,0606
sps4ext_201211_011;0,29;227,661;24741,163;2309,1600;6,8965
sps4ext_201211_011;0,30;215,067;25407,179;2371,3200;6,6666
sps4ext_201211_011;0,34;105,499;22374,751;2088,3072;5,8823
sps4ext_201211_011;0,34;118,413;22360,909;2086,9968;5,8823
sps4ext_201211_011;0,27;301,236;27434,199;2560,5216;7,4074
sps4ext_201211_011;0,34;106,706;22066,029;2059,4784;5,8823
sps4ext_201211_011;0,34;99,380;21265,759;1984,7856;5,8823
sps4ext_201211_011;0,28;246,515;24079,751;2247,4368;7,1428
sps4ext_201211_018;0,23;376,070;29270,200;2731,8816;8,6956
sps4ext_201211_018;0,29;23,742;2982,717;278,3760;6,8965
sps4ext_201211_020;0,21;506,705;35720,436;3333,8928;9,5238
sps4ext_201211_020;0,28;269,295;24409,230;2278,1808;7,1428
sps4ext_201211_020;0,21;54,625;3910,722;364,9968;9,5238
sps4ext_201311_001;0,29;225,828;25165,252;2348,7408;6,8965
sps4ext_201311_001;0,32;136,277;23551,698;2198,1456;6,2500
sps4ext_201311_001;0,32;137,685;23669,151;2209,0992;6,2500
sps4ext_201311_001;0,18;728,227;39602,202;3696,2016;11,1111
sps4ext_201311_001;0,32;13,355;2776,449;259,1232;6,2500
sps4ext_201311_001;0,32;139,298;23664,445;2208,6624;6,2500
sps4ext_201311_001;0,19;629,288;37536,409;3503,3712;10,5263
sps4ext_201311_001;0,25;315,718;29616,029;2764,1376;8,0000
sps4ext_201311_001;0,22;534,807;33905,672;3164,5152;9,0909
sps4ext_201311_001;0,32;124,276;21256,631;1983,9456;6,2500
sps4ext_201311_001;0,26;322,035;28698,368;2678,4912;7,6923
sps4ext_201311_002;0,32;136,356;23578,631;2200,6656;6,2500
sps4ext_201311_002;0,32;13,495;2809,578;262,2144;6,2500
sps4ext_201311_002;0,33;129,799;23003,255;2146,9392;6,0606
sps4ext_201311_002;0,32;122,007;21564,916;2012,7072;6,2500
sps4ext_201311_002;0,19;634,171;38497,811;3593,1168;10,5263
sps4ext_201311_002;0,27;243,077;27367,655;2554,3056;7,4074
sps4ext_201311_002;0,26;338,998;29188,692;2724,2544;7,6923
sps4ext_201311_002;0,32;132,694;23090,908;2155,1376;6,2500
sps4ext_201311_002;0,22;515,202;34660,328;3234,9408;9,0909
sps4ext_201311_002;0,25;240,194;28763,372;2684,5728;8,0000
sps4ext_201311_002;0,19;655,126;38951,880;3635,4864;10,5263
sps4ext_201311_003;0,32;139,276;23561,770;2199,0864;6,2500
sps4ext_201311_003;0,25;359,908;28643,308;2673,3504;8,0000
sps4ext_201311_003;0,32;13,291;2789,141;260,2992;6,2500
sps4ext_201311_003;0,32;125,129;21682,981;2023,7280;6,2500
sps4ext_201311_003;0,24;439,304;31644,078;2953,4400;8,3333
sps4ext_201311_003;0,21;547,600;35321,709;3296,6640;9,5238
sps4ext_201311_003;0,32;132,060;23236,890;2168,7456;6,2500
sps4ext_201311_003;0,26;333,610;29312,338;2735,8128;7,6923
sps4ext_201311_003;0,27;237,087;27806,591;2595,2640;7,4074
sps4ext_201311_003;0,25;375,175;30069,030;2806,4400;8,0000
sps4ext_201311_003;0,32;126,895;22423,463;2092,8432;6,2500
sps4ext_201311_004;0,28;230,311;27170,840;2535,9264;7,1428
sps4ext_201311_004;0,32;13,257;2776,109;259,0896;6,2500
sps4ext_201311_004;0,32;126,114;22516,671;2101,5456;6,2500
sps4ext_201311_004;0,20;593,637;35902,485;3350,8944;10,0000
sps4ext_201311_004;0,26;340,079;29125,486;2718,3744;7,6923
sps4ext_201311_004;0,32;136,447;23816,577;2222,8752;6,2500
sps4ext_201311_004;0,32;136,281;23745,307;2216,2224;6,2500
sps4ext_201311_004;0,27;259,161;26627,609;2485,2240;7,4074
sps4ext_201311_004;0,22;484,014;33901,617;3164,1456;9,0909
sps4ext_201311_004;0,32;118,530;21305,555;1988,5152;6,2500
sps4ext_201311_004;0,33;131,593;23171,868;2162,6976;6,0606
sps4ext_201311_005;0,26;368,991;29168,643;2722,4064;7,6923
sps4ext_201311_005;0,33;130,111;23018,877;2148,4176;6,0606
sps4ext_201311_005;0,33;13,197;2769,354;258,4512;6,0606
sps4ext_201311_005;0,32;132,655;22770,740;2125,2672;6,2500
sps4ext_201311_005;0,31;139,665;24014,381;2241,3216;6,4516
sps4ext_201311_005;0,31;126,160;21714,716;2026,6848;6,4516
sps4ext_201311_005;0,20;622,809;36923,936;3446,2176;10,0000
sps4ext_201311_005;0,25;388,802;30500,977;2846,7264;8,0000
sps4ext_201311_005;0,27;213,333;27408,216;2558,0688;7,4074
sps4ext_201311_005;0,18;797,866;41971,756;3917,3568;11,1111
sps4ext_201311_005;0,29;222,290;25100,729;2342,7264;6,8965
sps4ext_201311_006;0,32;134,512;23749,929;2216,6592;6,2500
sps4ext_201311_006;0,32;137,434;23504,403;2193,7440;6,2500
sps4ext_201311_006;0,32;134,745;23040,546;2150,4336;6,2500
sps4ext_201311_006;0,32;124,322;21552,937;2011,5984;6,2500
sps4ext_201311_006;0,32;132,961;22930,280;2140,1520;6,2500
sps4ext_201311_006;0,34;12,728;2691,608;251,1936;5,8823
sps4ext_201311_006;0,32;138,087;23538,460;2196,9024;6,2500
sps4ext_201311_006;0,22;463,226;32782,554;3059,6832;9,0909
sps4ext_201311_006;0,18;742,870;40378,005;3768,6096;11,1111
sps4ext_201311_006;0,23;433,113;32706,735;3052,6272;8,6956
sps4ext_201311_006;0,20;656,197;37609,732;3510,2256;10,0000
sps4ext_201311_007;0,32;129,884;22521,832;2102,0160;6,2500
sps4ext_201311_007;0,32;13,862;2821,818;263,3568;6,2500
sps4ext_201311_007;0,20;615,465;36829,393;3437,3808;10,0000
sps4ext_201311_007;0,32;138,339;23611,205;2203,6896;6,2500
sps4ext_201311_007;0,24;382,951;29988,955;2798,9472;8,3333
sps4ext_201311_007;0,21;572,859;36341,394;3391,8528;9,5238
sps4ext_201311_007;0,32;129,394;22561,400;2105,7120;6,2500
sps4ext_201311_007;0,33;117,014;20780,734;1939,5264;6,0606
sps4ext_201311_007;0,33;129,466;23076,879;2153,8272;6,0606
sps4ext_201311_007;0,22;539,251;34332,397;3204,3312;9,0909
sps4ext_201311_007;0,32;135,732;23405,669;2184,5040;6,2500
sps4ext_201311_008;0,32;124,818;21548,119;2011,1280;6,2500
sps4ext_201311_008;0,32;128,462;22795,041;2127,5184;6,2500
sps4ext_201311_008;0,21;566,953;33975,366;3171,0336;9,5238
sps4ext_201311_008;0,32;137,270;23694,313;2211,4512;6,2500
sps4ext_201311_008;0,33;131,330;23132,182;2159,0016;6,0606
sps4ext_201311_008;0,32;132,598;23492,127;2192,5680;6,2500
sps4ext_201311_008;0,22;520,971;34452,693;3215,5536;9,0909
sps4ext_201311_008;0,22;492,132;33764,213;3151,3104;9,0909
sps4ext_201311_008;0,20;570,096;37684,710;3517,2144;10,0000
sps4ext_201311_008;0,32;130,762;22669,911;2115,8256;6,2500
sps4ext_201311_008;0,32;13,407;2805,684;261,8448;6,2500
sps4ext_201311_009;0,33;132,551;23036,751;2150,0640;6,0606
sps4ext_201311_009;0,20;658,356;37085,435;3461,3040;10,0000
sps4ext_201311_009;0,33;13,030;2774,510;258,9216;6,0606
sps4ext_201311_009;0,27;308,806;28051,511;2618,1120;7,4074
sps4ext_201311_009;0,33;132,803;23021,947;2148,6864;6,0606
sps4ext_201311_009;0,31;135,698;24029,955;2242,7664;6,4516
sps4ext_201311_009;0,32;135,501;22994,463;2146,1328;6,2500
sps4ext_201311_009;0,20;525,088;37562,133;3505,7904;10,0000
sps4ext_201311_009;0,32;132,317;22979,083;2144,6880;6,2500
sps4ext_201311_009;0,20;580,036;36474,423;3404,2512;10,0000
sps4ext_201311_009;0,32;118,583;21152,987;1974,2688;6,2500
sps4ext_201311_010;0,19;633,136;38311,455;3575,7120;10,5263
sps4ext_201311_010;0,32;131,769;23493,185;2192,6688;6,2500
sps4ext_201311_010;0,25;402,216;29285,629;2733,2928;8,0000
sps4ext_201311_010;0,18;671,121;40946,427;3821,6640;11,1111
sps4ext_201311_010;0,25;348,099;29953,045;2795,5872;8,0000
sps4ext_201311_010;0,31;137,509;23922,322;2232,7200;6,4516
sps4ext_201311_010;0,32;133,183;22940,332;2141,0928;6,2500
sps4ext_201311_010;0,32;134,133;22807,498;2128,6944;6,2500
sps4ext_201311_010;0,32;126,701;23363,974;2180,6064;6,2500
sps4ext_201311_011;0,32;13,098;2799,466;261,2736;6,2500
sps4ext_201311_011;0,32;132,751;22855,822;2133,1968;6,2500
sps4ext_201311_011;0,19;571,952;38504,311;3593,7216;10,5263
sps4ext_201311_011;0,32;122,903;21549,563;2011,2624;6,2500
sps4ext_201311_011;0,32;137,366;23721,083;2213,9376;6,2500
sps4ext_201311_011;0,32;134,457;22997,712;2146,4352;6,2500
sps4ext_201311_011;0,32;131,327;23238,349;2168,8800;6,2500
sps4ext_201311_011;0,32;136,796;23454,279;2189,0400;6,2500
sps4ext_201311_011;0,32;139,028;23861,939;2227,1088;6,2500
sps4ext_201311_011;0,20;530,573;35385,162;3302,6112;10,0000
sps4ext_201311_011;0,18;753,520;41886,365;3909,3936;11,1111
sps4ext_201311_012;0,20;531,288;37149,992;3467,3184;10,0000
sps4ext_201311_012;0,33;131,896;23039,947;2150,3664;6,0606
sps4ext_201311_012;0,33;13,187;2769,344;258,4512;6,0606
sps4ext_201311_012;0,32;131,018;23214,379;2166,6624;6,2500
sps4ext_201311_012;0,32;123,667;21378,089;1995,2688;6,2500
sps4ext_201311_012;0,32;138,814;23749,100;2216,5584;6,2500
sps4ext_201311_012;0,20;623,433;36735,391;3428,6112;10,0000
sps4ext_201311_012;0,26;351,718;28687,123;2677,4496;7,6923
sps4ext_201311_012;0,32;132,943;22757,627;2124,0240;6,2500
sps4ext_201311_012;0,32;134,578;22847,004;2132,3568;6,2500
sps4ext_201311_012;0,19;689,473;40074,630;3740,2848;10,5263
sps4ext_201311_013;0,32;134,791;23695,935;2211,6192;6,2500
sps4ext_201311_013;0,32;135,201;22919,182;2139,1104;6,2500
sps4ext_201311_013;0,32;13,806;2837,138;264,7680;6,2500
sps4ext_201311_013;0,33;131,207;23144,882;2160,1776;6,0606
sps4ext_201311_013;0,21;567,246;35578,388;3320,6208;9,5238
sps4ext_201311_013;0,21;588,269;34891,065;3256,4784;9,5238
sps4ext_201311_013;0,32;131,577;22775,613;2125,7040;6,2500
sps4ext_201311_013;0,32;121,152;21188,261;1977,5616;6,2500
sps4ext_201311_013;0,20;574,643;36879,168;3442,0512;10,0000
sps4ext_201311_013;0,19;613,514;38643,361;3606,6912;10,5263
sps4ext_201311_013;0,32;131,684;23563,771;2199,2544;6,2500
sps4ext_201311_014;0,32;129,524;22502,397;2100,2016;6,2500
sps4ext_201311_014;0,32;136,489;23569,019;2199,7584;6,2500
sps4ext_201311_014;0,32;135,910;23578,979;2200,6992;6,2500
sps4ext_201311_014;0,19;618,702;38757,170;3617,3088;10,5263
sps4ext_201311_014;0,32;133,958;22793,511;2127,3840;6,2500
sps4ext_201311_014;0,20;668,354;38205,352;3565,8000;10,0000
sps4ext_201311_014;0,32;13,115;2799,533;261,2736;6,2500
sps4ext_201311_014;0,32;122,744;21425,952;1999,7376;6,2500
sps4ext_201311_014;0,26;337,918;28240,422;2635,7520;7,6923
sps4ext_201311_014;0,22;547,947;33589,936;3135,0480;9,0909
sps4ext_201311_014;0,32;133,660;23507,147;2193,9792;6,2500
sps4ext_201311_015;0,32;137,185;23684,938;2210,5776;6,2500
sps4ext_201311_015;0,32;136,391;23579,217;2200,6992;6,2500
sps4ext_201311_015;0,23;432,572;32891,174;3069,8304;8,6956
sps4ext_201311_015;0,21;551,657;33764,522;3151,3440;9,5238
sps4ext_201311_015;0,32;132,178;22666,238;2115,4896;6,2500
sps4ext_201311_015;0,33;140,986;23114,051;2157,2880;6,0606
sps4ext_201311_015;0,32;136,795;23782,800;2219,7168;6,2500
sps4ext_201311_015;0,20;588,390;37222,260;3474,0720;10,0000
sps4ext_201311_015;0,33;13,095;2765,861;258,1152;6,0606
sps4ext_201311_015;0,32;121,089;21277,016;1985,8272;6,2500
sps4ext_201311_015;0,32;134,821;22895,910;2136,9264;6,2500
sps4ext_201311_016;0,32;137,114;23205,525;2165,8224;6,2500
sps4ext_201311_016;0,31;122,443;21918,525;2045,7024;6,4516
sps4ext_201311_016;0,33;126,213;22386,818;2089,4160;6,0606
sps4ext_201311_016;0,19;630,673;38973,243;3637,5024;10,5263
sps4ext_201311_016;0,33;12,987;2794,663;260,8032;6,0606
sps4ext_201311_016;0,23;455,663;32101,221;2996,1120;8,6956
sps4ext_201311_016;0,32;137,111;23611,884;2203,7568;6,2500
sps4ext_201311_016;0,18;797,050;41985,045;3918,6000;11,1111
sps4ext_201311_016;0,32;134,004;23528,924;2196,0288;6,2500
sps4ext_201311_016;0,32;136,456;23712,953;2213,1984;6,2500
sps4ext_201311_016;0,32;125,712;22535,430;2103,2928;6,2500
sps4ext_201311_017;0,24;400,338;30654,100;2861,0400;8,3333
sps4ext_201311_017;0,32;122,983;21412,928;1998,5280;6,2500
sps4ext_201311_017;0,19;609,136;38474,708;3590,9664;10,5263
sps4ext_201311_017;0,29;243,350;25519,549;2381,8032;6,8965
sps4ext_201311_017;0,33;127,871;22428,675;2093,3136;6,0606
sps4ext_201311_017;0,32;136,512;23460,588;2189,6448;6,2500
sps4ext_201311_017;0,33;11,812;2753,405;256,9728;6,0606
sps4ext_201311_017;0,32;132,973;22830,333;2130,8112;6,2500
sps4ext_201311_017;0,32;137,419;23632,592;2205,7056;6,2500
sps4ext_201311_017;0,20;648,949;37537,467;3503,4720;10,0000
sps4ext_201311_017;0,33;131,156;23090,641;2155,1040;6,0606
sps4ext_201311_018;0,32;13,303;2783,348;259,7616;6,2500
sps4ext_201311_018;0,32;133,709;22901,778;2137,4976;6,2500
sps4ext_201311_018;0,24;415,840;31306,732;2921,9568;8,3333
sps4ext_201311_018;0,32;133,805;22819,105;2129,7696;6,2500
sps4ext_201311_018;0,33;120,873;22749,174;2123,2512;6,0606
sps4ext_201311_018;0,21;605,551;35846,438;3345,6528;9,5238
sps4ext_201311_018;0,32;122,585;21376,737;1995,1344;6,2500
sps4ext_201311_018;0,21;521,402;34821,391;3249,9936;9,5238
sps4ext_201311_018;0,32;130,491;23280,207;2172,8112;6,2500
sps4ext_201311_018;0,32;136,767;23508,221;2194,0800;6,2500
sps4ext_201311_018;0,26;336,477;29003,346;2706,9504;7,6923
sps4ext_201311_019;0,33;132,185;23028,970;2149,3584;6,0606
sps4ext_201311_019;0,21;546,441;34087,127;3181,4496;9,5238
sps4ext_201311_019;0,33;126,679;22313,292;2082,5616;6,0606
sps4ext_201311_019;0,32;141,616;23716,626;2213,5344;6,2500
sps4ext_201311_019;0,32;118,296;21427,886;1999,9056;6,2500
sps4ext_201311_019;0,33;12,965;2776,199;259,0896;6,0606
sps4ext_201311_019;0,21;591,327;35467,396;3310,2720;9,5238
sps4ext_201311_019;0,32;132,661;23297,953;2174,4576;6,2500
sps4ext_201311_019;0,22;517,636;33815,312;3156,0816;9,0909
sps4ext_201311_019;0,33;126,783;22421,002;2092,6080;6,0606
sps4ext_201311_019;0,33;129,972;23091,296;2155,1712;6,0606
sps4ext_201311_020;0,32;138,551;23591,968;2201,9088;6,2500
sps4ext_201311_020;0,32;122,492;21360,721;1993,6560;6,2500
sps4ext_201311_020;0,20;715,424;38033,791;3549,8064;10,0000
sps4ext_201311_020;0,33;124,530;22266,286;2078,1600;6,0606
sps4ext_201311_020;0,32;138,318;23769,465;2218,4736;6,2500
sps4ext_201311_020;0,32;132,953;23497,110;2193,0384;6,2500
sps4ext_201311_020;0,21;522,957;34622,214;3231,3792;9,5238
sps4ext_201311_020;0,23;453,581;32223,869;3007,5360;8,6956
sps4ext_201311_020;0,33;132,709;23108,369;2156,7504;6,0606
sps4ext_201311_020;0,33;13,113;2787,437;260,1312;6,0606
sps4ext_201311_020;0,33;126,646;22187,985;2070,8688;6,0606
sps4ext_201411_003;0,26;290,082;26509,530;2474,2032;7,6923
sps4ext_201411_003;0,25;31,867;3637,206;339,4608;8,0000
sps4ext_201411_003;0,21;500,033;35070,951;3273,2784;9,5238
sps4ext_201411_004;0,30;187,416;25411,907;2371,7568;6,6666
sps4ext_201411_004;0,32;140,133;23858,472;2226,7728;6,2500
sps4ext_201411_004;0,30;17,980;3177,576;296,5536;6,6666
sps4ext_201411_004;0,26;310,884;28776,961;2685,8496;7,6923
sps4ext_201411_004;0,32;123,612;21381,216;1995,5712;6,2500
sps4ext_201411_004;0,26;289,736;28069,374;2619,7920;7,6923
sps4ext_201411_011;0,33;133,882;23141,085;2159,8080;6,0606
sps4ext_201411_011;0,33;12,804;2958,099;276,0576;6,0606
sps4ext_201411_011;0,32;119,714;21522,129;2008,7088;6,2500
sps4ext_201411_011;0,31;163,782;23966,292;2236,8528;6,4516
sps4ext_201411_011;0,33;129,351;22445,800;2094,9264;6,0606
sps4ext_201411_011;0,32;136,922;23884,239;2229,1920;6,2500
sps4ext_201411_011;0,32;135,122;22907,028;2137,9680;6,2500
sps4ext_201411_011;0,31;137,094;24166,022;2255,4672;6,4516
sps4ext_201411_011;0,28;233,981;25713,241;2399,8800;7,1428
sps4ext_201411_011;0,32;138,535;23773,136;2218,8096;6,2500
sps4ext_201411_011;0,25;320,936;29806,361;2781,9120;8,0000
sps4ext_201411_013;0,29;190,624;24732,353;2308,3200;6,8965
sps4ext_201411_013;0,26;307,608;29158,357;2721,4320;7,6923
sps4ext_201411_013;0,31;158,270;24505,237;2287,1520;6,4516
sps4ext_201411_013;0,30;18,363;3216,133;300,1488;6,6666
sps4ext_201411_013;0,32;145,826;24033,650;2243,1360;6,2500
sps4ext_201411_013;0,31;136,919;22186,188;2070,7008;6,4516
sps4ext_201411_016;0,30;162,309;25085,569;2341,3152;6,6666
sps4ext_201411_016;0,28;25,264;3364,878;314,0256;7,1428
sps4ext_201411_016;0,30;158,098;23988,857;2238,9360;6,6666
sps4ext_201411_016;0,25;317,808;28684,453;2677,2144;8,0000
sps4ext_201411_016;0,30;188,117;25314,152;2362,6512;6,6666
sps4ext_201411_016;0,31;130,322;21961,413;2049,7008;6,4516
sps4ext_201411_016;0,31;144,718;24371,819;2274,6864;6,4516
sps4ext_201411_018;0,32;16,123;3185,445;297,2928;6,2500
sps4ext_201411_018;0,30;144,848;22757,068;2123,9904;6,6666
sps4ext_201411_018;0,30;179,652;25192,102;2351,2608;6,6666
sps4ext_201411_018;0,26;301,150;28698,012;2678,4576;7,6923
sps4ext_201411_019;0,31;142,020;23915,389;2232,0816;6,4516
sps4ext_201411_019;0,31;177,116;24649,442;2300,5920;6,4516
sps4ext_201411_019;0,32;126,833;21840,188;2038,4112;6,2500
sps4ext_201411_019;0,30;20,186;3204,449;299,0736;6,6666
sps4ext_201411_019;0,31;152,776;23324,189;2176,9104;6,4516
sps4ext_201411_019;0,25;304,015;28665,303;2675,4000;8,0000
sps4ext_201411_019;0,30;192,006;25653,403;2394,3024;6,6666
sps4ext_201411_019;0,29;146,586;23953,984;2235,6768;6,8965
sps4ext_201411_020;0,24;38,189;3635,870;339,3264;8,3333
sps4ext_201511_005;0,31;158,152;24612,055;2297,0976;6,4516
sps4ext_201511_005;0,30;185,830;25650,850;2394,0672;6,6666
sps4ext_201511_005;0,25;314,347;28936,030;2700,6672;8,0000
sps4ext_201511_005;0,32;143,873;24038,368;2243,5728;6,2500
sps4ext_201511_005;0,31;144,451;23485,291;2191,9296;6,4516
sps4ext_201511_005;0,30;150,483;22803,872;2128,3584;6,6666
sps4ext_201511_005;0,31;16,927;3027,817;282,5760;6,4516
sps4ext_201511_008;0,28;27,204;3215,504;300,0816;7,1428
sps4ext_201511_009;0,26;300,271;29376,886;2741,8272;7,6923
sps4ext_201511_009;0,30;173,908;25160,868;2348,3376;6,6666
sps4ext_201511_009;0,30;21,274;3446,093;321,6192;6,6666
sps4ext_201511_009;0,31;132,394;22044,518;2057,4624;6,4516
sps4ext_201511_014;0,28;27,121;3153,188;294,2688;7,1428
sps4ext_201511_016;0,26;299,763;29466,280;2750,1600;7,6923
sps4ext_201511_016;0,28;21,832;3334,047;311,1696;7,1428
sps4ext_201511_016;0,29;173,813;23777,674;2219,2464;6,8965
sps4ext_201511_018;0,33;13,190;2955,102;275,7888;6,0606
sps4ext_201511_018;0,24;330,096;31354,776;2926,4256;8,3333
sps4ext_201511_018;0,33;119,591;22792,651;2127,2832;6,0606
sps4ext_201511_018;0,28;241,346;26643,124;2486,6688;7,1428
sps4ext_201511_018;0,32;132,472;23519,283;2195,1216;6,2500
sps4ext_201511_018;0,31;151,820;24446,965;2281,7088;6,4516
sps4ext_201511_018;0,32;132,218;23445,153;2188,2000;6,2500
sps4ext_201511_018;0,31;142,493;24256,300;2263,9008;6,4516
sps4ext_201511_018;0,32;132,456;22932,856;2140,3872;6,2500
sps4ext_201511_018;0,32;128,414;22698,405;2118,5136;6,2500
sps4ext_201511_018;0,32;121,524;21458,317;2002,7616;6,2500
sps4ext_201611_005;0,30;164,331;24469,648;2283,8256;6,6666
sps4ext_201611_005;0,32;138,183;24038,392;2243,5728;6,2500
sps4ext_201611_005;0,25;331,750;29667,481;2768,9424;8,0000
sps4ext_201611_005;0,31;16,061;3068,315;286,3728;6,4516
sps4ext_201611_005;0,31;133,607;21937,954;2047,5168;6,4516
sps4ext_201611_005;0,31;156,763;24492,033;2285,9088;6,4516
sps4ext_201611_006;0,31;138,248;22316,286;2082,8304;6,4516
sps4ext_201611_006;0,30;161,761;26036,075;2430,0192;6,6666
sps4ext_201611_006;0,33;12,615;2929,400;273,4032;6,0606
sps4ext_201611_006;0,31;156,690;24326,965;2270,4864;6,4516
sps4ext_201611_006;0,31;143,582;23779,938;2219,4480;6,4516
sps4ext_201611_006;0,32;129,136;22882,839;2135,7168;6,2500
sps4ext_201611_006;0,29;194,287;26225,341;2447,6928;6,8965
sps4ext_201611_006;0,28;238,560;25790,205;2407,0704;7,1428
sps4ext_201611_006;0,31;159,806;24610,261;2296,9296;6,4516
sps4ext_201611_006;0,32;151,084;24064,322;2245,9920;6,2500
sps4ext_201611_009;0,29;21,311;3291,730;307,2048;6,8965
sps4ext_201611_009;0,30;187,155;25352,966;2366,2464;6,6666
sps4ext_201611_009;0,31;133,938;22064,630;2059,3440;6,4516
sps4ext_201611_009;0,26;295,704;29159,430;2721,5328;7,6923
sps4ext_201611_010;0,29;207,457;25223,544;2354,1840;6,8965
sps4ext_201611_010;0,32;137,641;24059,096;2245,4880;6,2500
sps4ext_201611_010;0,32;134,491;23820,936;2223,2784;6,2500
sps4ext_201611_010;0,32;13,471;2925,213;273,0000;6,2500
sps4ext_201611_010;0,31;159,968;24279,749;2266,0848;6,4516
sps4ext_201611_010;0,27;287,413;28230,804;2634,8448;7,4074
sps4ext_201611_010;0,32;138,186;23945,745;2234,9040;6,2500
sps4ext_201611_010;0,32;134,686;23154,789;2161,0848;6,2500
sps4ext_201611_010;0,32;115,630;21188,699;1977,5952;6,2500
sps4ext_201611_010;0,33;128,347;23267,903;2171,6688;6,0606
sps4ext_201611_010;0,32;131,947;23145,923;2160,2784;6,2500
sps4ext_201611_013;0,27;267,154;27694,353;2584,7808;7,4074
sps4ext_201611_013;0,28;22,564;3334,950;311,2368;7,1428
sps4ext_201611_013;0,30;178,832;23127,288;2158,5312;6,6666
sps4ext_201711_003;0,27;281,851;28290,833;2640,4560;7,4074
sps4ext_201711_003;0,28;252,993;26092,937;2435,3280;7,1428
sps4ext_201711_003;0,23;411,828;32035,134;2989,9296;8,6956
sps4ext_201711_003;0,23;469,653;32624,093;3044,8992;8,6956
sps4ext_201711_003;0,26;312,570;28966,681;2703,5568;7,6923
sps4ext_201711_003;0,30;191,947;25732,259;2401,6608;6,6666
sps4ext_201711_003;0,21;466,845;35536,266;3316,6896;9,5238
sps4ext_201711_003;0,31;16,564;3030,501;282,8448;6,4516
sps4ext_201711_003;0,21;568,195;36260,113;3384,2592;9,5238
sps4ext_201711_003;0,24;323,976;28008,315;2614,0800;8,3333
sps4ext_201711_003;0,29;210,478;25551,348;2384,7600;6,8965
sps4ext_201711_004;0,25;37,834;3518,879;328,4064;8,0000
sps4ext_201711_005;0,23;425,526;31892,144;2976,5904;8,6956
sps4ext_201711_005;0,24;376,384;30758,894;2870,8176;8,3333
sps4ext_201711_005;0,31;16,257;3066,950;286,2384;6,4516
sps4ext_201711_005;0,25;357,801;29698,870;2771,8656;8,0000
sps4ext_201711_005;0,26;332,582;29424,239;2746,2288;7,6923
sps4ext_201711_005;0,22;493,201;34097,722;3182,4240;9,0909
sps4ext_201711_005;0,25;359,182;30012,848;2801,1984;8,0000
sps4ext_201711_005;0,29;201,038;23384,713;2182,5552;6,8965
sps4ext_201711_005;0,23;413,395;31239,951;2915,7072;8,6956
sps4ext_201711_005;0,27;287,571;28271,391;2638,6416;7,4074
sps4ext_201711_005;0,31;151,370;24494,422;2286,1440;6,4516
sps4ext_201711_011;0,24;37,856;3721,705;347,3568;8,3333
sps4ext_201711_011;0,26;264,850;26244,100;2449,4400;7,6923
sps4ext_201711_012;0,31;135,030;22357,320;2086,6608;6,4516
sps4ext_201711_012;0,30;19,413;3232,961;301,7280;6,6666
sps4ext_201711_012;0,31;151,316;24558,064;2292,0576;6,4516
sps4ext_201711_013;0,31;139,886;23514,913;2194,7184;6,4516
sps4ext_201711_013;0,27;282,540;28032,083;2616,2976;7,4074
sps4ext_201711_013;0,30;173,464;25384,702;2369,2368;6,6666
sps4ext_201711_013;0,31;158,389;24348,474;2272,5024;6,4516
sps4ext_201711_013;0,29;167,387;25232,528;2355,0240;6,8965
sps4ext_201711_013;0,32;150,981;23891,526;2229,8640;6,2500
sps4ext_201711_013;0,29;181,757;23324,999;2176,9776;6,8965
sps4ext_201711_013;0,30;154,461;24944,910;2328,1776;6,6666
sps4ext_201711_013;0,31;16,707;3093,000;288,6576;6,4516
sps4ext_201711_014;0,29;22,947;3235,161;301,9296;6,8965
sps4ext_201711_014;0,31;128,599;21847,789;2039,1168;6,4516
sps4ext_201711_014;0,30;157,208;25259,539;2357,5440;6,6666
sps4ext_201711_015;0,29;147,761;23524,721;2195,6256;6,8965
sps4ext_201711_015;0,31;144,157;24180,636;2256,8448;6,4516
sps4ext_201711_015;0,28;22,846;3286,128;306,7008;7,1428
sps4ext_201711_016;0,30;140,698;23405,290;2184,4704;6,6666
sps4ext_201711_016;0,31;150,394;24412,472;2278,4832;6,4516
sps4ext_201711_016;0,29;18,848;3191,652;297,8640;6,8965
sps4ext_201711_017;0,32;15,477;2958,426;276,0912;6,2500
sps4ext_201711_017;0,30;159,521;24894,723;2323,5072;6,6666
sps4ext_201711_017;0,29;148,350;23873,474;2228,1840;6,8965
sps4ext_201711_018;0,30;19,736;3182,033;296,9568;6,6666
sps4ext_201711_018;0,31;146,062;23039,956;2150,3664;6,4516
sps4ext_201711_018;0,31;148,525;24193,517;2258,0544;6,4516
sps4ext_201711_019;0,31;17,337;3043,866;284,0880;6,4516
sps4ext_201711_019;0,31;148,863;24606,412;2296,5936;6,4516
sps4ext_201711_019;0,30;163,448;26619,259;2484,4512;6,6666
sps4ext_201711_019;0,31;137,610;22485,640;2098,6560;6,4516
sps4ext_201711_020;0,32;15,647;2971,666;277,3344;6,2500
sps4ext_201711_020;0,30;144,254;22709,188;2119,5216;6,6666
sps4ext_201711_020;0,32;139,861;23947,300;2235,0720;6,2500
sps4ext_201711_020;0,31;148,823;25713,411;2399,9136;6,4516
sps4ext_201811_001;0,29;155,533;23158,191;2161,4208;6,8965
sps4ext_201811_001;0,31;16,470;2833,026;264,3984;6,4516
sps4ext_201811_001;0,32;140,086;23707,328;2212,6608;6,2500
sps4ext_201811_001;0,31;154,643;24662,055;2301,7680;6,4516
sps4ext_201811_002;0,32;127,237;21467,608;2003,6352;6,2500
sps4ext_201811_002;0,30;180,124;25502,432;2380,2240;6,6666
sps4ext_201811_002;0,30;146,624;24596,697;2295,6864;6,6666
sps4ext_201811_002;0,31;16,774;2848,324;265,8432;6,4516
sps4ext_201811_002;0,30;169,952;25371,435;2367,9936;6,6666
sps4ext_201811_003;0,30;145,789;24646,984;2300,3568;6,6666
sps4ext_201811_003;0,29;21,310;2977,665;277,9056;6,8965
sps4ext_201811_003;0,31;151,311;25135,441;2345,9520;6,4516
sps4ext_201811_003;0,30;159,606;25249,774;2356,6368;6,6666
sps4ext_201811_003;0,31;135,875;21688,195;2024,1984;6,4516
sps4ext_201811_004;0,29;168,697;26004,479;2427,0624;6,8965
sps4ext_201811_004;0,32;126,523;21383,523;1995,7728;6,2500
sps4ext_201811_004;0,31;16,266;2819,386;263,1216;6,4516
sps4ext_201811_004;0,31;149,309;23806,807;2221,9680;6,4516
sps4ext_201811_004;0,30;175,924;25645,928;2393,5968;6,6666
sps4ext_201811_005;0,29;22,859;3007,334;280,6608;6,8965
sps4ext_201811_005;0,30;161,399;25917,548;2418,9648;6,6666
sps4ext_201811_005;0,31;142,788;23491,296;2192,5008;6,4516
sps4ext_201811_005;0,33;119,785;20732,745;1935,0240;6,0606
sps4ext_201811_005;0,31;154,384;24743,826;2309,3952;6,4516
sps4ext_201811_006;0,30;189,422;25576,215;2387,1120;6,6666
sps4ext_201811_006;0,21;548,003;34976,588;3264,4752;9,5238
sps4ext_201811_006;0,32;141,708;23889,651;2229,6960;6,2500
sps4ext_201811_006;0,30;206,746;24823,739;2316,8544;6,6666
sps4ext_201811_006;0,22;456,547;33905,879;3164,5152;9,0909
sps4ext_201811_006;0,22;523,239;34494,861;3219,5184;9,0909
sps4ext_201811_006;0,29;204,483;24910,440;2324,9520;6,8965
sps4ext_201811_006;0,28;232,182;24468,391;2283,6912;7,1428
sps4ext_201811_006;0,26;294,101;27764,878;2591,3664;7,6923
sps4ext_201811_006;0,27;282,470;28040,313;2617,0704;7,4074
sps4ext_201811_006;0,31;16,433;2838,584;264,9024;6,4516
sps4ext_201811_007;0,27;287,518;25448,425;2375,1840;7,4074
sps4ext_201811_007;0,27;29,749;3167,472;295,6128;7,4074
sps4ext_201811_007;0,31;138,093;24216,224;2260,1712;6,4516
sps4ext_201811_007;0,32;147,149;23662,838;2208,5280;6,2500
sps4ext_201811_007;0,30;185,392;25204,488;2352,4032;6,6666
sps4ext_201811_007;0,31;157,290;23973,543;2237,5248;6,4516
sps4ext_201811_008;0,32;133,728;21567,096;2012,9088;6,2500
sps4ext_201811_008;0,29;179,567;25697,763;2398,4352;6,8965
sps4ext_201811_008;0,29;23,282;3011,063;281,0304;6,8965
sps4ext_201811_008;0,30;153,260;25252,258;2356,8720;6,6666
sps4ext_201811_008;0,29;151,548;25626,373;2391,7824;6,8965
sps4ext_201811_009;0,30;188,810;25554,844;2385,0960;6,6666
sps4ext_201811_009;0,32;133,956;23143,379;2160,0432;6,2500
sps4ext_201811_009;0,25;37,563;3486,230;325,3488;8,0000
sps4ext_201811_009;0,24;371,082;28273,493;2638,8432;8,3333
sps4ext_201811_009;0,30;152,810;24891,323;2323,1712;6,6666
sps4ext_201811_010;0,30;153,981;24070,552;2246,5632;6,6666
sps4ext_201811_010;0,31;156,677;24245,314;2262,8928;6,4516
sps4ext_201811_010;0,32;142,439;21360,378;1993,6224;6,2500
sps4ext_201811_010;0,33;12,989;2715,199;253,4112;6,0606
sps4ext_201811_010;0,30;163,801;25194,714;2351,4960;6,6666
sps4ext_201811_011;0,31;169,814;24852,951;2319,5760;6,4516
sps4ext_201811_011;0,22;460,662;32889,540;3069,6624;9,0909
sps4ext_201811_011;0,23;481,655;32603,080;3042,9504;8,6956
sps4ext_201811_011;0,29;212,634;26086,538;2434,7232;6,8965
sps4ext_201811_011;0,27;270,847;27733,383;2588,4432;7,4074
sps4ext_201811_011;0,21;532,797;34943,507;3261,3840;9,5238
sps4ext_201811_011;0,27;31,848;3240,068;302,4000;7,4074
sps4ext_201811_011;0,25;331,926;29296,871;2734,3680;8,0000
sps4ext_201811_011;0,25;325,277;27367,180;2554,2384;8,0000
sps4ext_201811_011;0,25;406,440;30102,329;2809,5312;8,0000
sps4ext_201811_011;0,24;355,913;30254,834;2823,7776;8,3333
sps4ext_201811_012;0,33;125,971;23312,356;2175,8016;6,0606
sps4ext_201811_012;0,31;154,140;24130,723;2252,1744;6,4516
sps4ext_201811_012;0,24;37,288;3533,094;329,7504;8,3333
sps4ext_201811_012;0,31;175,337;22230,518;2074,8336;6,4516
sps4ext_201811_012;0,27;285,517;28294,148;2640,7584;7,4074
sps4ext_201811_012;0,31;132,861;23428,792;2186,6544;6,4516
sps4ext_201811_012;0,31;146,662;24303,444;2268,3024;6,4516
sps4ext_201811_013;0,23;42,274;3985,445;371,9520;8,6956
sps4ext_201811_013;0,31;146,924;24397,143;2277,0384;6,4516
sps4ext_201811_013;0,30;170,642;25070,797;2339,9376;6,6666
sps4ext_201811_013;0,23;390,531;29256,069;2730,5376;8,6956
sps4ext_201811_013;0,27;305,864;27224,116;2540,8992;7,4074
sps4ext_201811_013;0,30;161,600;24101,740;2249,4864;6,6666
sps4ext_201811_013;0,29;241,306;26196,371;2444,9712;6,8965
sps4ext_201811_014;0,31;155,652;24846,211;2318,9712;6,4516
sps4ext_201811_014;0,29;177,311;25737,050;2402,0976;6,8965
sps4ext_201811_014;0,26;265,029;26188,827;2444,2656;7,6923
sps4ext_201811_014;0,31;172,505;24844,319;2318,7696;6,4516
sps4ext_201811_014;0,31;143,569;23858,729;2226,8064;6,4516
sps4ext_201811_014;0,31;146,929;24580,345;2294,1408;6,4516
sps4ext_201811_014;0,27;24,209;3172,122;296,0496;7,4074
sps4ext_201811_015;0,26;31,308;3245,198;302,8704;7,6923
sps4ext_201811_015;0,30;181,142;22613,447;2110,5840;6,6666
sps4ext_201811_015;0,29;175,338;25769,538;2405,1552;6,8965
sps4ext_201811_015;0,30;163,918;25434,447;2373,8736;6,6666
sps4ext_201811_015;0,29;163,801;24934,607;2327,2032;6,8965
sps4ext_201811_015;0,28;283,209;26846,800;2505,6864;7,1428
sps4ext_201811_015;0,31;152,249;24400,696;2277,3744;6,4516
sps4ext_201811_016;0,29;184,078;25215,494;2353,4448;6,8965
sps4ext_201811_016;0,32;141,705;23812,163;2222,4384;6,2500
sps4ext_201811_016;0,29;23,176;2932,657;273,7056;6,8965
sps4ext_201811_016;0,29;237,641;23780,760;2219,5152;6,8965
sps4ext_201811_016;0,30;161,629;24940,354;2327,7408;6,6666
sps4ext_201811_016;0,30;181,300;25104,920;2343,0960;6,6666
sps4ext_201811_016;0,26;300,820;29062,067;2712,4272;7,6923
sps4ext_201811_017;0,26;330,490;29298,422;2734,5024;7,6923
sps4ext_201811_017;0,30;171,896;25502,356;2380,1904;6,6666
sps4ext_201811_017;0,29;24,806;3040,649;283,7856;6,8965
sps4ext_201811_017;0,32;131,823;23178,888;2163,3360;6,2500
sps4ext_201811_017;0,31;151,812;23464,968;2190,0480;6,4516
sps4ext_201811_017;0,31;161,339;24630,861;2298,8784;6,4516
sps4ext_201811_017;0,30;154,248;22936,476;2140,7232;6,6666
sps4ext_201811_017;0,26;281,627;28672,783;2676,1056;7,6923
sps4ext_201811_018;0,30;177,764;25529,463;2382,7440;6,6666
sps4ext_201811_018;0,30;162,430;24753,112;2310,2688;6,6666
sps4ext_201811_018;0,25;319,063;29942,876;2794,6464;8,0000
sps4ext_201811_018;0,29;221,154;26287,498;2453,4720;6,8965
sps4ext_201811_018;0,29;193,540;26158,352;2441,4432;6,8965
sps4ext_201811_018;0,32;134,468;22952,214;2142,2016;6,2500
sps4ext_201811_018;0,31;16,124;2881,673;268,9344;6,4516
sps4ext_201811_018;0,30;165,777;23025,645;2149,0560;6,6666
sps4ext_201811_019;0,32;128,270;22585,862;2107,9968;6,2500
sps4ext_201811_019;0,30;189,118;25450,463;2375,3520;6,6666
sps4ext_201811_019;0,30;211,631;25258,995;2357,4768;6,6666
sps4ext_201811_019;0,27;314,492;27812,954;2595,8688;7,4074
sps4ext_201811_019;0,23;409,935;29725,481;2774,3520;8,6956
sps4ext_201811_019;0,30;174,581;24960,294;2329,6224;6,6666
sps4ext_201811_019;0,30;166,149;24491,236;2285,8416;6,6666
sps4ext_201811_019;0,22;44,032;4073,205;380,1504;9,0909
sps4ext_201811_020;0,30;183,607;25612,281;2390,4720;6,6666
sps4ext_201811_020;0,30;166,447;24734,329;2308,5216;6,6666
sps4ext_201811_020;0,25;36,867;3440,197;321,0816;8,0000
sps4ext_201811_020;0,32;136,801;23013,971;2147,9472;6,2500
sps4ext_201811_020;0,25;366,471;30132,620;2812,3536;8,0000
sps4ext_201811_020;0,24;342,220;27945,790;2608,2672;8,3333
sps4ext_201811_020;0,26;304,163;29446,834;2748,3456;7,6923
sps4ext_201811_020;0,30;170,213;24852,168;2319,5088;6,6666
sps4ext_201911_001;0,31;15,286;3011,485;281,0640;6,4516
sps4ext_201911_001;0,32;138,875;22932,514;2140,3536;6,2500
sps4ext_201911_001;0,30;151,710;22580,929;2107,5264;6,6666
sps4ext_201911_001;0,31;152,405;23113,820;2157,2880;6,4516
sps4ext_201911_001;0,27;282,743;27912,219;2605,1088;7,4074
sps4ext_201911_001;0,31;166,874;23782,426;2219,6832;6,4516
sps4ext_201911_001;0,31;155,610;24223,205;2260,8096;6,4516
sps4ext_201911_001;0,32;141,864;23683,203;2210,4096;6,2500
sps4ext_201911_002;0,28;250,707;27130,050;2532,1296;7,1428
sps4ext_201911_002;0,30;167,349;23902,129;2230,8384;6,6666
sps4ext_201911_002;0,30;188,287;25655,467;2394,5040;6,6666
sps4ext_201911_002;0,31;164,289;23785,699;2219,9856;6,4516
sps4ext_201911_002;0,33;134,397;23071,167;2153,2896;6,0606
sps4ext_201911_002;0,27;25,055;3397,638;317,0832;7,4074
sps4ext_201911_002;0,25;333,016;28955,447;2702,4816;8,0000
sps4ext_201911_002;0,29;158,140;23391,353;2183,1600;6,8965
sps4ext_201911_003;0,24;446,300;31563,561;2945,9136;8,3333
sps4ext_201911_003;0,25;352,710;28814,761;2689,3776;8,0000
sps4ext_201911_003;0,30;195,210;25021,203;2335,3008;6,6666
sps4ext_201911_003;0,28;27,304;3338,628;311,5728;7,1428
sps4ext_201911_003;0,28;232,610;26071,632;2433,3456;7,1428
sps4ext_201911_003;0,20;575,754;35275,978;3292,3968;10,0000
sps4ext_201911_003;0,22;459,564;33296,926;3107,6976;9,0909
sps4ext_201911_003;0,32;140,722;23586,759;2201,4048;6,2500
sps4ext_201911_003;0,31;175,624;24601,509;2296,1232;6,4516
sps4ext_201911_003;0,21;571,312;35123,718;3278,1840;9,5238
sps4ext_201911_003;0,29;218,280;23928,251;2233,2912;6,8965
sps4ext_201911_004;0,26;378,701;29234,170;2728,5216;7,6923
sps4ext_201911_004;0,31;157,421;23398,571;2183,8656;6,4516
sps4ext_201911_004;0,24;364,897;31440,310;2934,4224;8,3333
sps4ext_201911_004;0,30;20,519;3169,150;295,7808;6,6666
sps4ext_201911_004;0,32;120,646;21455,304;2002,4928;6,2500
sps4ext_201911_004;0,24;380,241;29905,059;2791,1184;8,3333
sps4ext_201911_004;0,30;173,505;24797,046;2314,3680;6,6666
sps4ext_201911_004;0,28;243,537;26910,746;2511,6672;7,1428
sps4ext_201911_005;0,30;196,908;25414,429;2371,9920;6,6666
sps4ext_201911_005;0,28;275,062;26810,317;2502,2928;7,1428
sps4ext_201911_005;0,29;194,702;25953,246;2422,2912;6,8965
sps4ext_201911_005;0,22;483,962;32709,040;3052,8288;9,0909
sps4ext_201911_005;0,28;277,988;27103,588;2529,6432;7,1428
sps4ext_201911_005;0,26;334,425;28182,819;2630,3760;7,6923
sps4ext_201911_005;0,30;22,689;3179,915;296,7888;6,6666
sps4ext_201911_005;0,27;290,095;26480,328;2471,4816;7,4074
sps4ext_201911_005;0,26;312,425;26833,103;2504,4096;7,6923
sps4ext_201911_005;0,22;469,438;34009,474;3174,1920;9,0909
sps4ext_201911_005;0,25;374,390;30135,737;2812,6560;8,0000
sps4ext_201911_006;0,32;150,106;23654,317;2207,7216;6,2500
sps4ext_201911_006;0,33;135,110;23052,047;2151,5088;6,0606
sps4ext_201911_006;0,32;135,281;23799,565;2221,2624;6,2500
sps4ext_201911_006;0,32;127,879;23299,168;2174,5584;6,2500
sps4ext_201911_006;0,23;427,993;32499,712;3033,2736;8,6956
sps4ext_201911_006;0,33;12,656;2937,729;274,1760;6,0606
sps4ext_201911_006;0,31;166,734;23722,489;2214,0720;6,4516
sps4ext_201911_006;0,32;129,087;22557,628;2105,3760;6,2500
sps4ext_201911_006;0,32;116,975;21515,176;2008,0704;6,2500
sps4ext_201911_006;0,33;129,416;22932,319;2140,3200;6,0606
sps4ext_201911_006;0,32;135,678;23042,466;2150,6016;6,2500
sps4ext_201911_007;0,33;12,992;2957,868;276,0576;6,0606
sps4ext_201911_007;0,23;413,920;32799,397;3061,2624;8,6956
sps4ext_201911_007;0,32;135,832;22957,585;2142,7056;6,2500
sps4ext_201911_007;0,32;136,601;23438,860;2187,5952;6,2500
sps4ext_201911_007;0,32;132,370;23803,728;2221,6656;6,2500
sps4ext_201911_007;0,32;131,409;22950,663;2142,0336;6,2500
sps4ext_201911_007;0,32;128,989;23252,394;2170,1904;6,2500
sps4ext_201911_007;0,32;133,825;23593,543;2202,0432;6,2500
sps4ext_201911_007;0,33;108,457;20837,108;1944,7680;6,0606
sps4ext_201911_007;0,32;150,474;22949,769;2141,9664;6,2500
sps4ext_201911_007;0,31;159,030;24037,596;2243,5056;6,4516
sps4ext_201911_008;0,33;119,319;22260,978;2077,6896;6,0606
sps4ext_201911_008;0,32;129,711;22495,740;2099,5968;6,2500
sps4ext_201911_008;0,29;197,829;24731,737;2308,2864;6,8965
sps4ext_201911_008;0,32;136,089;24021,429;2241,9936;6,2500
sps4ext_201911_008;0,32;122,082;21259,215;1984,1808;6,2500
sps4ext_201911_008;0,23;395,951;32409,294;3024,8400;8,6956
sps4ext_201911_008;0,33;13,108;2959,770;276,2256;6,0606
sps4ext_201911_008;0,33;135,510;23133,217;2159,0688;6,0606
sps4ext_201911_008;0,32;134,668;23543,017;2197,3392;6,2500
sps4ext_201911_008;0,32;140,343;23195,301;2164,8816;6,2500
sps4ext_201911_008;0,32;137,213;23420,626;2185,9152;6,2500
sps4ext_201911_009;0,22;453,884;33335,545;3111,2928;9,0909
sps4ext_201911_009;0,23;448,483;32889,721;3069,6960;8,6956
sps4ext_201911_009;0,27;284,154;27700,690;2585,3856;7,4074
sps4ext_201911_009;0,33;13,394;2947,085;275,0496;6,0606
sps4ext_201911_009;0,32;141,568;23703,496;2212,3248;6,2500
sps4ext_201911_009;0,26;331,958;27983,446;2611,7616;7,6923
sps4ext_201911_009;0,32;124,445;21657,434;2021,3424;6,2500
sps4ext_201911_009;0,32;130,745;22452,802;2095,5648;6,2500
sps4ext_201911_009;0,23;463,810;31910,838;2978,3376;8,6956
sps4ext_201911_009;0,31;148,410;24297,140;2267,7312;6,4516
sps4ext_201911_009;0,22;441,161;33902,187;3164,1792;9,0909
sps4ext_201911_010;0,32;153,539;23834,719;2224,5552;6,2500
sps4ext_201911_010;0,31;172,925;23549,143;2197,9104;6,4516
sps4ext_201911_010;0,33;115,716;22050,858;2058,0672;6,0606
sps4ext_201911_010;0,32;136,088;23628,944;2205,3360;6,2500
sps4ext_201911_010;0,33;130,129;22463,763;2096,6064;6,0606
sps4ext_201911_010;0,33;116,829;22912,814;2138,5056;6,0606
sps4ext_201911_010;0,32;120,758;21755,207;2030,4816;6,2500
sps4ext_201911_010;0,32;134,951;23663,837;2208,5952;6,2500
sps4ext_201911_010;0,32;141,516;23560,414;2198,9520;6,2500
sps4ext_201911_010;0,33;12,579;2956,816;275,9568;6,0606
sps4ext_201911_010;0,23;419,752;32515,673;3034,7856;8,6956
sps4ext_201911_011;0,30;191,715;24812,512;2315,8128;6,6666
sps4ext_201911_011;0,32;135,600;24004,399;2240,3808;6,2500
sps4ext_201911_011;0,32;126,587;22674,647;2116,2960;6,2500
sps4ext_201911_011;0,32;154,572;22872,092;2134,7088;6,2500
sps4ext_201911_011;0,32;136,070;23438,767;2187,5952;6,2500
sps4ext_201911_011;0,26;297,511;28348,154;2645,7984;7,6923
sps4ext_201911_011;0,32;135,537;23695,773;2211,5856;6,2500
sps4ext_201911_011;0,33;110,218;20934,760;1953,9072;6,0606
sps4ext_201911_011;0,33;12,992;2960,665;276,3264;6,0606
sps4ext_201911_011;0,33;137,260;23072,112;2153,3904;6,0606
sps4ext_201911_011;0,32;135,958;22855,771;2133,1968;6,2500
sps4ext_201911_012;0,26;272,084;27746,708;2589,6864;7,6923
sps4ext_201911_012;0,31;170,027;24302,817;2268,2352;6,4516
sps4ext_201911_012;0,31;177,377;24584,402;2294,5440;6,4516
sps4ext_201911_012;0,30;165,734;24216,487;2260,2048;6,6666
sps4ext_201911_012;0,31;17,187;3136,936;292,7568;6,4516
sps4ext_201911_012;0,30;171,021;24847,869;2319,1056;6,6666
sps4ext_201911_012;0,32;150,076;23685,824;2210,6448;6,2500
sps4ext_201911_012;0,28;257,961;24853,619;2319,6432;7,1428
sps4ext_201911_012;0,25;327,648;29403,152;2744,2800;8,0000
sps4ext_201911_012;0,27;286,148;28149,785;2627,2848;7,4074
sps4ext_201911_013;0,31;150,834;23892,693;2229,9648;6,4516
sps4ext_201911_013;0,32;157,376;23797,403;2221,0608;6,2500
sps4ext_201911_013;0,22;495,868;33558,339;3132,0912;9,0909
sps4ext_201911_013;0,25;396,601;30501,626;2846,7936;8,0000
sps4ext_201911_013;0,32;129,838;22422,298;2092,7424;6,2500
sps4ext_201911_013;0,22;479,832;34677,201;3236,5200;9,0909
sps4ext_201911_013;0,20;56,306;4451,277;415,4304;10,0000
sps4ext_201911_013;0,32;135,912;23649,585;2207,2848;6,2500
sps4ext_201911_013;0,27;255,282;25107,733;2343,3648;7,4074
sps4ext_201911_013;0,32;142,138;23623,368;2204,8320;6,2500
sps4ext_201911_013;0,32;134,382;22634,923;2112,5664;6,2500
sps4ext_201911_014;0,26;302,945;28668,068;2675,6688;7,6923
sps4ext_201911_014;0,22;542,050;34591,913;3228,5568;9,0909
sps4ext_201911_014;0,25;338,463;29143,763;2720,0544;8,0000
sps4ext_201911_014;0,30;180,419;23134,198;2159,1696;6,6666
sps4ext_201911_014;0,19;649,237;37205,767;3472,5264;10,5263
sps4ext_201911_014;0,22;467,424;33874,800;3161,6256;9,0909
sps4ext_201911_014;0,31;161,181;24391,394;2276,5008;6,4516
sps4ext_201911_014;0,28;228,412;26724,480;2494,2624;7,1428
sps4ext_201911_014;0,33;12,287;2932,973;273,7392;6,0606
sps4ext_201911_014;0,22;472,139;34373,659;3208,1952;9,0909
sps4ext_201911_014;0,23;448,960;31912,655;2978,5056;8,6956
sps4ext_201911_015;0,27;282,217;27736,751;2588,7456;7,4074
sps4ext_201911_015;0,31;159,485;24523,754;2288,8656;6,4516
sps4ext_201911_015;0,26;342,945;28341,782;2645,2272;7,6923
sps4ext_201911_015;0,31;151,883;24039,093;2243,6400;6,4516
sps4ext_201911_015;0,30;194,587;25261,781;2357,7456;6,6666
sps4ext_201911_015;0,25;350,204;30269,938;2825,1888;8,0000
sps4ext_201911_015;0,24;362,595;31394,179;2930,1216;8,3333
sps4ext_201911_015;0,26;275,147;25851,682;2412,8160;7,6923
sps4ext_201911_015;0,30;159,822;23877,715;2228,5536;6,6666
sps4ext_201911_015;0,28;27,526;3428,721;320,0064;7,1428
sps4ext_201911_016;0,32;139,273;23444,948;2188,1664;6,2500
sps4ext_201911_016;0,30;148,483;22654,328;2114,3808;6,6666
sps4ext_201911_016;0,30;166,781;25316,786;2362,8864;6,6666
sps4ext_201911_016;0,25;345,795;29912,884;2791,8576;8,0000
sps4ext_201911_016;0,28;225,502;26717,686;2493,6240;7,1428
sps4ext_201911_016;0,32;13,402;2980,559;278,1744;6,2500
sps4ext_201911_016;0,32;147,649;22934,165;2140,5216;6,2500
sps4ext_201911_016;0,24;380,849;30999,492;2893,2624;8,3333
sps4ext_201911_016;0,28;239,933;27130,060;2532,1296;7,1428
sps4ext_201911_016;0,31;166,480;23586,016;2201,3376;6,4516
sps4ext_201911_017;0,25;305,358;26909,090;2511,4992;8,0000
sps4ext_201911_017;0,29;201,683;25071,156;2339,9712;6,8965
sps4ext_201911_017;0,27;259,877;27874,349;2601,5808;7,4074
sps4ext_201911_017;0,24;43,726;3821,260;356,6304;8,3333
sps4ext_201911_017;0,29;209,260;26031,361;2429,5824;6,8965
sps4ext_201911_017;0,32;147,373;23143,050;2160,0096;6,2500
sps4ext_201911_017;0,27;270,460;26680,582;2490,1632;7,4074
sps4ext_201911_017;0,31;168,376;24494,259;2286,1104;6,4516
sps4ext_201911_017;0,31;154,590;23329,787;2177,4144;6,4516
sps4ext_201911_017;0,32;150,061;22973,440;2144,1840;6,2500
sps4ext_201911_017;0,31;164,307;24584,972;2294,5776;6,4516
sps4ext_201911_018;0,31;157,446;23293,208;2174,0208;6,4516
sps4ext_201911_018;0,27;294,715;27944,701;2608,1664;7,4074
sps4ext_201911_018;0,29;218,661;26094,568;2435,4624;6,8965
sps4ext_201911_018;0,29;178,855;24861,001;2320,3488;6,8965
sps4ext_201911_018;0,30;153,551;22697,304;2118,4128;6,6666
sps4ext_201911_018;0,30;164,059;24859,462;2320,2144;6,6666
sps4ext_201911_018;0,33;12,310;2921,707;272,6640;6,0606
sps4ext_201911_018;0,28;241,120;27210,505;2539,6224;7,1428
sps4ext_201911_018;0,27;254,848;28218,940;2633,7360;7,4074
sps4ext_201911_019;0,24;382,803;29831,715;2784,2640;8,3333
sps4ext_201911_019;0,29;230,305;26022,461;2428,7424;6,8965
sps4ext_201911_019;0,30;19,648;3180,317;296,8224;6,6666
sps4ext_201911_019;0,29;214,562;24895,748;2323,5744;6,8965
sps4ext_201911_019;0,30;152,692;22688,847;2117,6064;6,6666
sps4ext_201911_019;0,23;510,960;32465,910;3030,1488;8,6956
sps4ext_201911_019;0,31;181,016;24503,182;2286,9504;6,4516
sps4ext_201911_019;0,30;177,951;24691,232;2304,4896;6,6666
sps4ext_201911_019;0,31;162,392;23446,286;2188,3008;6,4516
sps4ext_201911_019;0,31;162,967;24364,952;2274,0480;6,4516
sps4ext_201911_020;0,27;29,529;3435,128;320,6112;7,4074
sps4ext_201911_020;0,31;168,653;24229,499;2261,4144;6,4516
sps4ext_201911_020;0,32;157,221;24078,078;2247,2688;6,2500
sps4ext_201911_020;0,29;214,819;25553,210;2384,9616;6,8965
sps4ext_201911_020;0,31;160,789;23546,516;2197,6416;6,4516
sps4ext_201911_020;0,28;237,597;26451,521;2468,7936;7,1428
sps4ext_201911_020;0,26;347,296;28056,126;2618,5488;7,6923
sps4ext_201911_020;0,25;339,465;29090,585;2715,1152;8,0000
sps4ext_201911_020;0,26;294,194;26562,418;2479,1424;7,6923
sps4ext_201911_020;0,31;161,751;24148,926;2253,8880;6,4516
sps4ext_202011_001;0,26;280,724;25981,794;2424,9456;7,6923
sps4ext_202011_001;0,30;185,851;24339,107;2271,6288;6,6666
sps4ext_202011_001;0,30;168,505;25663,350;2395,2432;6,6666
sps4ext_202011_001;0,32;146,379;23983,227;2238,4320;6,2500
sps4ext_202011_001;0,27;27,098;3469,632;323,8032;7,4074
sps4ext_202011_001;0,29;176,058;25310,352;2362,2816;6,8965
sps4ext_202011_001;0,30;172,704;25256,573;2357,2752;6,6666
sps4ext_202011_001;0,29;221,279;26168,632;2442,3840;6,8965
sps4ext_202011_001;0,26;281,618;29289,878;2733,6960;7,6923
sps4ext_202011_001;0,28;257,214;26175,727;2443,0560;7,1428
sps4ext_202011_002;0,30;167,292;25309,304;2362,1808;6,6666
sps4ext_202011_002;0,31;182,952;23943,813;2234,7360;6,4516
sps4ext_202011_002;0,28;245,766;26781,301;2499,5712;7,1428
sps4ext_202011_002;0,31;161,540;23806,927;2221,9680;6,4516
sps4ext_202011_002;0,25;315,905;27783,905;2593,1472;8,0000
sps4ext_202011_002;0,26;31,897;3525,512;329,0448;7,6923
sps4ext_202011_002;0,30;177,222;25372,301;2368,0608;6,6666
sps4ext_202011_002;0,30;170,675;25371,466;2367,9936;6,6666
sps4ext_202011_002;0,30;201,907;24799,641;2314,6032;6,6666
sps4ext_202011_002;0,29;211,670;25728,380;2401,2912;6,8965
sps4ext_202011_003;0,23;450,375;33473,202;3124,1616;8,6956
sps4ext_202011_003;0,31;172,886;23970,211;2237,1888;6,4516
sps4ext_202011_003;0,22;516,156;34771,224;3245,2896;9,0909
sps4ext_202011_003;0,25;384,032;30525,827;2849,0448;8,0000
sps4ext_202011_003;0,22;466,784;33333,377;3111,0912;9,0909
sps4ext_202011_003;0,26;290,094;26730,572;2494,8336;7,6923
sps4ext_202011_003;0,26;31,372;3548,557;331,1952;7,6923
sps4ext_202011_003;0,28;229,385;25931,884;2420,3088;7,1428
sps4ext_202011_003;0,21;560,172;35988,313;3358,8912;9,5238
sps4ext_202011_003;0,32;137,529;23628,436;2205,3024;6,2500
sps4ext_202011_003;0,28;263,699;27273,793;2545,5360;7,1428
sps4ext_202011_004;0,25;351,729;28858,587;2693,4432;8,0000
sps4ext_202011_004;0,22;528,640;33069,964;3086,5296;9,0909
sps4ext_202011_004;0,26;347,945;29105,202;2716,4592;7,6923
sps4ext_202011_004;0,26;293,663;27954,555;2609,0736;7,6923
sps4ext_202011_004;0,29;219,188;26352,767;2459,5872;6,8965
sps4ext_202011_004;0,28;264,767;27011,647;2521,0752;7,1428
sps4ext_202011_004;0,32;133,143;23542,429;2197,2720;6,2500
sps4ext_202011_004;0,26;277,331;26531,424;2476,2528;7,6923
sps4ext_202011_004;0,22;485,744;34463,464;3216,5616;9,0909
sps4ext_202011_004;0,21;571,285;35874,820;3348,3072;9,5238
sps4ext_202011_004;0,31;17,521;3011,749;281,0640;6,4516
sps4ext_202011_005;0,28;255,633;27030,678;2522,8560;7,1428
sps4ext_202011_005;0,28;255,067;26300,911;2454,7488;7,1428
sps4ext_202011_005;0,26;332,861;28307,055;2641,9680;7,6923
sps4ext_202011_005;0,23;442,392;32621,350;3044,6304;8,6956
sps4ext_202011_005;0,25;312,403;26904,220;2511,0288;8,0000
sps4ext_202011_005;0,24;375,654;31493,282;2939,3616;8,3333
sps4ext_202011_005;0,27;263,608;27856,375;2599,9008;7,4074
sps4ext_202011_005;0,32;16,152;3130,748;292,1856;6,2500
sps4ext_202011_005;0,32;134,924;23754,204;2217,0288;6,2500
sps4ext_202011_005;0,23;448,985;33353,909;3113,0064;8,6956
sps4ext_202011_005;0,23;414,054;31621,741;2951,3568;8,6956
sps4ext_202011_006;0,30;195,073;25344,952;2365,5072;6,6666
sps4ext_202011_006;0,29;230,954;26239,817;2449,0368;6,8965
sps4ext_202011_006;0,30;187,977;24195,837;2258,2560;6,6666
sps4ext_202011_006;0,32;135,017;23098,795;2155,8768;6,2500
sps4ext_202011_006;0,33;12,902;3014,400;281,3328;6,0606
sps4ext_202011_006;0,29;210,119;26283,415;2453,1024;6,8965
sps4ext_202011_006;0,29;219,111;25155,417;2347,8336;6,8965
sps4ext_202011_006;0,25;321,281;29641,243;2766,4896;8,0000
sps4ext_202011_006;0,32;130,839;21590,493;2015,0928;6,2500
sps4ext_202011_006;0,31;171,221;24829,691;2317,4256;6,4516
sps4ext_202011_007;0,32;135,852;23137,481;2159,4720;6,2500
sps4ext_202011_007;0,31;143,519;24438,437;2280,9024;6,4516
sps4ext_202011_007;0,28;232,920;26695,120;2491,5408;7,1428
sps4ext_202011_007;0,32;113,089;21366,022;1994,1600;6,2500
sps4ext_202011_007;0,33;12,881;2993,936;279,4176;6,0606
sps4ext_202011_007;0,28;224,686;26157,415;2441,3424;7,1428
sps4ext_202011_007;0,30;182,034;25476,417;2377,7712;6,6666
sps4ext_202011_007;0,29;218,154;26702,381;2492,2128;6,8965
sps4ext_202011_007;0,30;201,425;24375,002;2274,9888;6,6666
sps4ext_202011_007;0,25;374,766;30221,468;2820,6528;8,0000
sps4ext_202011_008;0,27;261,629;25755,784;2403,8448;7,4074
sps4ext_202011_008;0,26;36,206;3602,601;336,2352;7,6923
sps4ext_202011_008;0,26;300,471;27772,004;2592,0384;7,6923
sps4ext_202011_008;0,31;153,835;24220,566;2260,5744;6,4516
sps4ext_202011_008;0,31;172,612;24782,631;2313,0240;6,4516
sps4ext_202011_008;0,29;223,741;25881,939;2415,6384;6,8965
sps4ext_202011_008;0,27;286,628;28087,098;2621,4384;7,4074
sps4ext_202011_008;0,31;151,457;23434,361;2187,1920;6,4516
sps4ext_202011_008;0,26;298,998;28628,874;2672,0064;7,6923
sps4ext_202011_008;0,32;147,117;23525,005;2195,6592;6,2500
sps4ext_202011_009;0,27;288,667;27248,009;2543,1168;7,4074
sps4ext_202011_009;0,29;180,547;25969,961;2423,8368;6,8965
sps4ext_202011_009;0,27;296,268;28233,563;2635,1136;7,4074
sps4ext_202011_010;0,33;125,342;23227,034;2167,8384;6,0606
sps4ext_202011_010;0,23;395,559;31610,964;2950,3488;8,6956
sps4ext_202011_010;0,28;249,118;26069,639;2433,1440;7,1428
sps4ext_202011_010;0,31;163,956;24453,809;2282,3472;6,4516
sps4ext_202011_010;0,30;181,447;25609,363;2390,2032;6,6666
sps4ext_202011_010;0,30;157,472;24101,631;2249,4528;6,6666
sps4ext_202011_010;0,30;18,744;3237,913;302,1984;6,6666
sps4ext_202011_010;0,23;392,780;29980,311;2798,1408;8,6956
sps4ext_202011_010;0,27;266,118;27439,051;2560,9584;7,4074
sps4ext_202011_010;0,28;246,608;27327,534;2550,5424;7,1428
sps4ext_202011_011;0,30;165,476;24866,924;2320,8864;6,6666
sps4ext_202011_011;0,29;201,521;26435,295;2467,2816;6,8965
sps4ext_202011_011;0,23;370,488;31147,578;2907,1056;8,6956
sps4ext_202011_011;0,31;155,723;24690,898;2304,4560;6,4516
sps4ext_202011_011;0,29;196,368;25976,849;2424,4752;6,8965
sps4ext_202011_011;0,33;12,798;3015,804;281,4672;6,0606
sps4ext_202011_011;0,32;137,961;23692,477;2211,2832;6,2500
sps4ext_202011_011;0,24;385,369;30640,130;2859,7296;8,3333
sps4ext_202011_011;0,32;125,618;21878,535;2041,9728;6,2500
sps4ext_202011_011;0,30;168,398;24975,439;2331,0336;6,6666
sps4ext_202011_012;0,24;358,477;30008,753;2800,7952;8,3333
sps4ext_202011_012;0,32;137,060;23764,448;2218,0032;6,2500
sps4ext_202011_012;0,31;155,086;24021,253;2241,9600;6,4516
sps4ext_202011_012;0,31;13,908;3031,337;282,9120;6,4516
sps4ext_202011_012;0,29;198,336;25210,314;2352,9408;6,8965
sps4ext_202011_012;0,29;186,229;25884,041;2415,8400;6,8965
sps4ext_202011_012;0,32;126,986;21499,235;2006,5920;6,2500
sps4ext_202011_012;0,28;236,488;27321,478;2549,9712;7,1428
sps4ext_202011_012;0,30;175,259;24868,228;2321,0208;6,6666
sps4ext_202011_012;0,27;262,604;27954,253;2609,0400;7,4074
sps4ext_202011_013;0,30;172,442;25018,553;2335,0320;6,6666
sps4ext_202011_013;0,26;289,640;28987,346;2705,4720;7,6923
sps4ext_202011_013;0,32;141,782;23907,293;2231,3424;6,2500
sps4ext_202011_013;0,31;172,215;24747,624;2309,7648;6,4516
sps4ext_202011_013;0,27;248,274;26744,604;2496,1440;7,4074
sps4ext_202011_013;0,33;13,954;3097,454;289,0944;6,0606
sps4ext_202011_013;0,26;324,239;29103,937;2716,3584;7,6923
sps4ext_202011_013;0,30;162,249;24257,985;2264,0688;6,6666
sps4ext_202011_013;0,30;188,809;24485,015;2285,2368;6,6666
sps4ext_202011_013;0,28;222,023;24969,809;2330,4960;7,1428
sps4ext_202011_014;0,19;626,955;37758,764;3524,1360;10,5263
sps4ext_202011_014;0,20;593,558;36613,546;3417,2544;10,0000
sps4ext_202011_014;0,32;157,684;23946,046;2234,9376;6,2500
sps4ext_202011_014;0,31;141,861;24347,276;2272,4016;6,4516
sps4ext_202011_014;0,26;286,737;28570,577;2666,5632;7,6923
sps4ext_202011_014;0,29;225,706;25201,763;2352,1344;6,8965
sps4ext_202011_014;0,27;26,468;3427,142;319,8384;7,4074
sps4ext_202011_014;0,29;237,982;26181,198;2443,5600;6,8965
sps4ext_202011_014;0,30;188,501;25167,755;2348,9760;6,6666
sps4ext_202011_014;0,27;262,005;25283,094;2359,7280;7,4074
sps4ext_202011_014;0,22;478,931;34686,768;3237,4272;9,0909
sps4ext_202011_015;0,26;285,655;28736,406;2682,0528;7,6923
sps4ext_202011_015;0,32;123,059;21403,678;1997,6544;6,2500
sps4ext_202011_015;0,31;16,514;3140,303;293,0928;6,4516
sps4ext_202011_015;0,31;161,635;24000,516;2240,0448;6,4516
sps4ext_202011_015;0,29;183,455;25842,053;2411,9088;6,8965
sps4ext_202011_015;0,29;217,371;25212,829;2353,1760;6,8965
sps4ext_202011_015;0,30;164,508;25163,108;2348,5392;6,6666
sps4ext_202011_015;0,30;163,178;24977,686;2331,2352;6,6666
sps4ext_202011_015;0,31;165,975;23935,354;2233,9632;6,4516
sps4ext_202011_015;0,23;422,504;32511,272;3034,3824;8,6956
sps4ext_202011_016;0,29;181,826;26141,334;2439,8304;6,8965
sps4ext_202011_016;0,30;184,422;24782,399;2312,9904;6,6666
sps4ext_202011_016;0,27;290,895;28226,651;2634,4752;7,4074
sps4ext_202011_016;0,31;146,793;22206,775;2072,6160;6,4516
sps4ext_202011_016;0,24;362,075;30885,028;2882,5776;8,3333
sps4ext_202011_016;0,30;171,230;24305,754;2268,5040;6,6666
sps4ext_202011_016;0,28;221,223;26006,125;2427,2304;7,1428
sps4ext_202011_016;0,32;14,938;3092,153;288,5904;6,2500
sps4ext_202011_016;0,31;155,124;24409,628;2278,2144;6,4516
sps4ext_202011_016;0,31;171,263;24815,838;2316,1152;6,4516
sps4ext_202011_017;0,22;527,618;34037,513;3176,8128;9,0909
sps4ext_202011_017;0,29;188,211;23248,522;2169,8544;6,8965
sps4ext_202011_017;0,26;320,353;29133,695;2719,1136;7,6923
sps4ext_202011_017;0,31;144,728;24385,369;2275,9632;6,4516
sps4ext_202011_017;0,32;14,520;2995,757;279,5856;6,2500
sps4ext_202011_017;0,27;259,799;27450,659;2562,0336;7,4074
sps4ext_202011_017;0,20;587,495;36221,729;3380,6640;10,0000
sps4ext_202011_017;0,27;265,788;26806,284;2501,8896;7,4074
sps4ext_202011_017;0,22;446,262;33616,786;3137,5344;9,0909
sps4ext_202011_017;0,24;383,531;29844,189;2785,4400;8,3333
sps4ext_202011_017;0,22;480,205;34377,213;3208,5312;9,0909
sps4ext_202011_018;0,31;138,187;24239,467;2262,3216;6,4516
sps4ext_202011_018;0,24;395,172;31767,746;2964,9648;8,3333
sps4ext_202011_018;0,32;132,744;23506,511;2193,9120;6,2500
sps4ext_202011_018;0,31;146,811;23726,286;2214,4416;6,4516
sps4ext_202011_018;0,32;122,360;21555,170;2011,8000;6,2500
sps4ext_202011_018;0,31;147,956;24202,542;2258,8944;6,4516
sps4ext_202011_018;0,32;144,551;24120,848;2251,2672;6,2500
sps4ext_202011_018;0,33;12,442;2964,067;276,6288;6,0606
sps4ext_202011_018;0,31;154,839;23365,883;2180,8080;6,4516
sps4ext_202011_018;0,31;135,161;23769,412;2218,4736;6,4516
sps4ext_202011_019;0,32;136,897;23320,436;2176,5408;6,2500
sps4ext_202011_019;0,32;131,142;23346,946;2179,0272;6,2500
sps4ext_202011_019;0,33;126,780;23377,275;2181,8496;6,0606
sps4ext_202011_019;0,28;230,785;26809,206;2502,1920;7,1428
sps4ext_202011_019;0,32;140,977;23948,809;2235,2064;6,2500
sps4ext_202011_019;0,33;13,031;2940,274;274,4112;6,0606
sps4ext_202011_019;0,23;407,527;31747,420;2963,0832;8,6956
sps4ext_202011_019;0,32;115,321;21508,733;2007,4656;6,2500
sps4ext_202011_019;0,31;137,770;24173,275;2256,1392;6,4516
sps4ext_202011_019;0,31;134,392;24182,974;2257,0464;6,4516
sps4ext_202011_020;0,23;437,875;31556,004;2945,2080;8,6956
sps4ext_202011_020;0,25;405,494;30049,599;2804,6256;8,0000
sps4ext_202011_020;0,23;450,713;33252,141;3103,5312;8,6956
sps4ext_202011_020;0,32;149,191;24046,771;2244,3456;6,2500
sps4ext_202011_020;0,26;308,978;27791,072;2593,8192;7,6923
sps4ext_202011_020;0,29;241,784;25651,112;2394,1008;6,8965
sps4ext_202011_020;0,27;26,323;3381,527;315,6048;7,4074
sps4ext_202011_020;0,24;416,641;31595,498;2948,9040;8,3333
sps4ext_202011_020;0,24;335,073;28071,632;2619,9936;8,3333
sps4ext_202011_020;0,28;223,871;27034,477;2523,1920;7,1428
sps4ext_202011_020;0,25;372,154;30475,465;2844,3744;8,0000
sps4ext_202111_001;0,23;481,952;32889,990;3069,7296;8,6956
sps4ext_202111_001;0,26;338,654;29425,432;2746,3632;7,6923
sps4ext_202111_001;0,30;179,321;23237,959;2168,8464;6,6666
sps4ext_202111_001;0,22;553,283;33452,860;3122,2464;9,0909
sps4ext_202111_001;0,31;151,899;24399,280;2277,2400;6,4516
sps4ext_202111_001;0,26;325,702;28413,540;2651,9136;7,6923
sps4ext_202111_001;0,23;471,895;33268,343;3105,0432;8,6956
sps4ext_202111_001;0,31;16,748;3127,791;291,9168;6,4516
sps4ext_202111_001;0,23;392,453;32628,652;3045,3360;8,6956
sps4ext_202111_001;0,30;175,939;24520,812;2288,5968;6,6666
sps4ext_202111_001;0,26;336,677;28547,624;2664,4128;7,6923
sps4ext_202111_002;0,30;183,406;25220,396;2353,8816;6,6666
sps4ext_202111_002;0,30;171,624;24340,159;2271,7296;6,6666
sps4ext_202111_002;0,30;169,936;25220,408;2353,8816;6,6666
sps4ext_202111_002;0,26;313,644;28370,283;2647,8816;7,6923
sps4ext_202111_002;0,29;189,239;25956,192;2422,5600;6,8965
sps4ext_202111_002;0,31;152,160;22519,002;2101,7472;6,4516
sps4ext_202111_002;0,31;151,315;23545,996;2197,6080;6,4516
sps4ext_202111_002;0,32;13,819;3089,908;288,3888;6,2500
sps4ext_202111_002;0,28;270,537;26797,661;2501,0832;7,1428
sps4ext_202111_002;0,28;276,857;27362,116;2553,7680;7,1428
sps4ext_202111_003;0,26;290,774;28965,583;2703,4224;7,6923
sps4ext_202111_003;0,26;312,192;28387,005;2649,4272;7,6923
sps4ext_202111_003;0,26;327,380;29099,612;2715,9552;7,6923
sps4ext_202111_003;0,29;23,821;3217,378;300,2832;6,8965
sps4ext_202111_003;0,30;181,615;25225,261;2354,3520;6,6666
sps4ext_202111_003;0,24;336,704;27945,511;2608,2336;8,3333
sps4ext_202111_003;0,22;507,353;33664,647;3142,0032;9,0909
sps4ext_202111_003;0,28;249,582;26632,662;2485,6944;7,1428
sps4ext_202111_003;0,21;493,488;33913,994;3165,2880;9,5238
sps4ext_202111_003;0,22;489,430;34097,094;3182,3904;9,0909
sps4ext_202111_003;0,23;492,640;32321,568;3016,6752;8,6956
sps4ext_202111_004;0,32;138,538;23571,357;2199,9600;6,2500
sps4ext_202111_004;0,32;13,290;3059,426;285,5328;6,2500
sps4ext_202111_004;0,30;177,110;25267,451;2358,2832;6,6666
sps4ext_202111_004;0,24;463,376;31732,627;2961,7056;8,3333
sps4ext_202111_004;0,28;248,509;26125,886;2438,3856;7,1428
sps4ext_202111_004;0,25;379,705;29585,407;2761,2816;8,0000
sps4ext_202111_004;0,29;198,759;26011,623;2427,7344;6,8965
sps4ext_202111_004;0,30;188,642;24601,802;2296,1568;6,6666
sps4ext_202111_004;0,27;291,611;27581,766;2574,2976;7,4074
sps4ext_202111_004;0,25;369,347;29728,630;2774,6544;8,0000
sps4ext_202111_004;0,32;117,910;21565,612;2012,7744;6,2500
sps4ext_202111_005;0,30;173,003;24956,944;2329,2864;6,6666
sps4ext_202111_005;0,31;16,406;3075,896;287,0784;6,4516
sps4ext_202111_005;0,31;152,847;24652,061;2300,8272;6,4516
sps4ext_202111_005;0,24;396,180;31576,889;2947,1568;8,3333
sps4ext_202111_005;0,25;358,061;29062,303;2712,4608;8,0000
sps4ext_202111_005;0,25;317,665;28789,354;2686,9920;8,0000
sps4ext_202111_005;0,23;442,658;31526,424;2942,4528;8,6956
sps4ext_202111_005;0,25;405,324;30038,535;2803,5840;8,0000
sps4ext_202111_005;0,26;306,194;26006,111;2427,2304;7,6923
sps4ext_202111_005;0,24;418,556;31890,930;2976,4560;8,3333
sps4ext_202111_005;0,23;385,259;32299,726;3014,6256;8,6956
sps4ext_202111_006;0,24;402,359;30789,763;2873,7072;8,3333
sps4ext_202111_006;0,31;140,327;24186,272;2257,3824;6,4516
sps4ext_202111_006;0,25;327,765;27421,797;2559,3456;8,0000
sps4ext_202111_006;0,21;468,611;35179,342;3283,3920;9,5238
sps4ext_202111_006;0,23;485,941;32900,856;3070,7376;8,6956
sps4ext_202111_006;0,25;336,160;28772,889;2685,4464;8,0000
sps4ext_202111_006;0,32;17,154;2993,068;279,3504;6,2500
sps4ext_202111_006;0,27;304,868;28138,501;2626,2432;7,4074
sps4ext_202111_006;0,22;492,076;34619,048;3231,1104;9,0909
sps4ext_202111_006;0,27;285,781;28230,148;2634,8112;7,4074
sps4ext_202111_006;0,25;343,087;29804,717;2781,7440;8,0000
sps4ext_202111_007;0,22;484,032;34238,432;3195,5616;9,0909
sps4ext_202111_007;0,22;490,027;34235,568;3195,2928;9,0909
sps4ext_202111_007;0,30;181,523;25148,509;2347,1616;6,6666
sps4ext_202111_007;0,25;354,370;27790,626;2593,7856;8,0000
sps4ext_202111_007;0,30;188,241;25280,884;2359,5264;6,6666
sps4ext_202111_007;0,22;460,165;33372,255;3114,7200;9,0909
sps4ext_202111_007;0,22;462,883;32959,838;3076,2480;9,0909
sps4ext_202111_007;0,28;27,702;3341,116;311,8080;7,1428
sps4ext_202111_007;0,25;312,745;28619,086;2671,0992;8,0000
sps4ext_202111_007;0,27;267,576;28199,078;2631,8880;7,4074
sps4ext_202111_007;0,28;224,161;25858,360;2413,4208;7,1428
sps4ext_202111_008;0,22;489,248;33680,939;3143,5488;9,0909
sps4ext_202111_008;0,21;525,587;35165,470;3282,0816;9,5238
sps4ext_202111_008;0,30;187,684;23135,698;2159,3040;6,6666
sps4ext_202111_008;0,30;20,973;3118,640;291,0432;6,6666
sps4ext_202111_008;0,22;529,660;34693,678;3238,0656;9,0909
sps4ext_202111_008;0,26;330,247;28500,725;2660,0448;7,6923
sps4ext_202111_008;0,32;140,396;24045,028;2244,1776;6,2500
sps4ext_202111_008;0,22;437,778;33563,339;3132,5616;9,0909
sps4ext_202111_008;0,26;327,261;28719,577;2680,4736;7,6923
sps4ext_202111_008;0,26;312,960;28347,414;2645,7312;7,6923
sps4ext_202111_008;0,25;333,436;30168,708;2815,7136;8,0000
sps4ext_202111_009;0,31;145,811;24458,197;2282,7504;6,4516
sps4ext_202111_009;0,31;135,068;23517,708;2194,9536;6,4516
sps4ext_202111_009;0,29;210,827;25746,252;2402,9712;6,8965
sps4ext_202111_009;0,32;136,771;23876,337;2228,4528;6,2500
sps4ext_202111_009;0,31;133,535;24078,485;2247,3024;6,4516
sps4ext_202111_009;0,32;121,424;21550,017;2011,3296;6,2500
sps4ext_202111_009;0,33;132,888;23185,253;2163,9408;6,0606
sps4ext_202111_009;0,32;13,006;2987,658;278,8464;6,2500
sps4ext_202111_009;0,32;145,217;23997,235;2239,7088;6,2500
sps4ext_202111_009;0,32;130,735;23220,715;2167,2336;6,2500
sps4ext_202111_009;0,30;176,329;24666,472;2302,1712;6,6666
sps4ext_202111_010;0,23;421,947;32054,357;2991,7104;8,6956
sps4ext_202111_010;0,25;332,002;29284,612;2733,2256;8,0000
sps4ext_202111_010;0,23;442,049;32058,260;2992,0800;8,6956
sps4ext_202111_010;0,26;286,713;28518,393;2661,6912;7,6923
sps4ext_202111_010;0,22;452,888;32779,938;3059,4480;9,0909
sps4ext_202111_010;0,26;281,150;25986,852;2425,4160;7,6923
sps4ext_202111_010;0,26;326,842;28624,109;2671,5696;7,6923
sps4ext_202111_010;0,29;215,471;26526,330;2475,7824;6,8965
sps4ext_202111_010;0,24;392,519;31331,914;2924,3088;8,3333
sps4ext_202111_010;0,31;17,805;3046,531;284,3232;6,4516
sps4ext_202111_010;0,25;380,761;30608,707;2856,8064;8,0000
sps4ext_202111_011;0,25;341,792;27553,538;2571,6432;8,0000
sps4ext_202111_011;0,29;236,716;25673,626;2396,1840;6,8965
sps4ext_202111_011;0,21;533,465;35516,115;3314,8080;9,5238
sps4ext_202111_011;0,23;437,454;32307,674;3015,3648;8,6956
sps4ext_202111_011;0,27;28,415;3438,046;320,8800;7,4074
sps4ext_202111_011;0,30;213,482;25099,866;2342,6256;6,6666
sps4ext_202111_011;0,29;219,549;26359,767;2460,2256;6,8965
sps4ext_202111_011;0,31;159,027;24255,368;2263,8336;6,4516
sps4ext_202111_011;0,25;376,304;29173,802;2722,8768;8,0000
sps4ext_202111_011;0,21;508,519;34983,403;3265,1136;9,5238
sps4ext_202111_011;0,30;190,532;25474,034;2377,5696;6,6666
sps4ext_202111_012;0,25;405,294;27016,837;2521,5456;8,0000
sps4ext_202111_012;0,23;478,500;31902,629;2977,5648;8,6956
sps4ext_202111_012;0,30;221,936;25558,859;2385,4656;6,6666
sps4ext_202111_012;0,27;262,733;28312,665;2642,5056;7,4074
sps4ext_202111_012;0,28;215,280;26641,568;2486,5344;7,1428
sps4ext_202111_012;0,22;490,174;34546,940;3224,3568;9,0909
sps4ext_202111_012;0,25;352,975;30094,175;2808,7584;8,0000
sps4ext_202111_012;0,29;211,204;25078,463;2340,6432;6,8965
sps4ext_202111_012;0,23;436,954;31831,512;2970,9120;8,6956
sps4ext_202111_012;0,30;20,414;3155,022;294,4368;6,6666
sps4ext_202111_012;0,31;166,383;24874,859;2321,6256;6,4516
sps4ext_202111_013;0,21;508,166;35368,486;3301,0320;9,5238
sps4ext_202111_013;0,25;380,286;30160,288;2814,9408;8,0000
sps4ext_202111_013;0,28;234,079;25923,165;2419,4688;7,1428
sps4ext_202111_013;0,30;183,443;24549,142;2291,2512;6,6666
sps4ext_202111_013;0,22;469,102;33137,177;3092,7792;9,0909
sps4ext_202111_013;0,28;26,557;3382,670;315,7056;7,1428
sps4ext_202111_013;0,21;555,683;35735,436;3335,3040;9,5238
sps4ext_202111_013;0,26;280,408;28723,823;2680,8768;7,6923
sps4ext_202111_013;0,22;465,820;34641,455;3233,1936;9,0909
sps4ext_202111_013;0,29;192,622;23911,743;2231,7456;6,8965
sps4ext_202111_013;0,31;150,010;24481,258;2284,9008;6,4516
sps4ext_202111_014;0,25;350,070;29597,187;2762,3904;8,0000
sps4ext_202111_014;0,26;313,915;29168,503;2722,3728;7,6923
sps4ext_202111_014;0,21;544,098;35611,790;3323,7456;9,5238
sps4ext_202111_014;0,26;286,628;26630,790;2485,5264;7,6923
sps4ext_202111_014;0,22;502,155;33262,905;3104,5056;9,0909
sps4ext_202111_014;0,30;20,774;3144,494;293,4624;6,6666
sps4ext_202111_014;0,22;462,341;34029,567;3176,0736;9,0909
sps4ext_202111_014;0,32;133,365;23807,149;2221,9680;6,2500
sps4ext_202111_014;0,23;431,807;32279,545;3012,7440;8,6956
sps4ext_202111_014;0,25;355,319;29300,936;2734,7376;8,0000
sps4ext_202111_014;0,27;277,129;27442,400;2561,2608;7,4074
sps4ext_202111_015;0,24;405,344;30631,129;2858,8896;8,3333
sps4ext_202111_015;0,32;138,426;23802,019;2221,4976;6,2500
sps4ext_202111_015;0,29;244,219;25694,598;2398,1328;6,8965
sps4ext_202111_015;0,33;111,554;21009,211;1960,8288;6,0606
sps4ext_202111_015;0,22;444,596;33576,844;3133,8384;9,0909
sps4ext_202111_015;0,28;246,299;26939,254;2514,3216;7,1428
sps4ext_202111_015;0,25;355,743;29063,383;2712,5616;8,0000
sps4ext_202111_015;0,26;326,203;28495,227;2659,5408;7,6923
sps4ext_202111_015;0,22;462,863;34171,750;3189,3456;9,0909
sps4ext_202111_015;0,20;59,556;4375,872;408,4080;10,0000
sps4ext_202111_015;0,29;218,533;25892,351;2416,6128;6,8965
sps4ext_202111_016;0,29;214,808;26310,719;2455,6560;6,8965
sps4ext_202111_016;0,22;507,310;33853,622;3159,6432;9,0909
sps4ext_202111_016;0,28;234,795;26287,517;2453,4720;7,1428
sps4ext_202111_016;0,26;342,056;29087,195;2714,7792;7,6923
sps4ext_202111_016;0,21;530,509;35017,130;3268,2384;9,5238
sps4ext_202111_016;0,31;16,834;3176,967;296,4864;6,4516
sps4ext_202111_016;0,32;153,139;23933,395;2233,7616;6,2500
sps4ext_202111_016;0,29;242,945;25306,055;2361,8784;6,8965
sps4ext_202111_016;0,25;372,361;27773,753;2592,2064;8,0000
sps4ext_202111_016;0,24;411,781;30906,519;2884,5936;8,3333
sps4ext_202111_016;0,22;480,523;32926,651;3073,1232;9,0909
sps4ext_202111_017;0,32;155,269;24063,605;2245,9248;6,2500
sps4ext_202111_017;0,23;395,379;29740,668;2775,7632;8,6956
sps4ext_202111_017;0,29;202,249;25946,701;2421,6864;6,8965
sps4ext_202111_017;0,29;215,177;26220,155;2447,1888;6,8965
sps4ext_202111_017;0,23;395,201;32354,550;3019,7328;8,6956
sps4ext_202111_017;0,21;478,200;35192,140;3284,5680;9,5238
sps4ext_202111_017;0,26;318,619;28396,939;2650,3680;7,6923
sps4ext_202111_017;0,26;302,692;27535,179;2569,9296;7,6923
sps4ext_202111_017;0,27;288,832;27059,221;2525,5104;7,4074
sps4ext_202111_017;0,29;24,104;3278,102;305,9280;6,8965
sps4ext_202111_017;0,25;386,635;30493,681;2846,0544;8,0000
sps4ext_202111_018;0,25;360,863;30383,584;2835,7728;8,0000
sps4ext_202111_018;0,32;14,580;3029,385;282,7104;6,2500
sps4ext_202111_018;0,22;520,333;33625,114;3138,3408;9,0909
sps4ext_202111_018;0,26;268,596;25903,130;2417,6208;7,6923
sps4ext_202111_018;0,29;208,157;26111,266;2437,0416;6,8965
sps4ext_202111_018;0,22;458,909;32991,646;3079,2048;9,0909
sps4ext_202111_018;0,21;543,701;35383,293;3302,4096;9,5238
sps4ext_202111_018;0,30;180,464;24505,609;2287,1856;6,6666
sps4ext_202111_018;0,22;444,678;32482,951;3031,7280;9,0909
sps4ext_202111_018;0,23;491,251;33215,088;3100,0704;8,6956
sps4ext_202111_018;0,23;417,769;32239,520;3009,0144;8,6956
sps4ext_202111_019;0,23;423,299;32063,559;2992,5840;8,6956
sps4ext_202111_019;0,26;359,378;28044,694;2617,4736;7,6923
sps4ext_202111_019;0,32;139,937;23721,665;2214,0048;6,2500
sps4ext_202111_019;0,27;245,675;28002,993;2613,6096;7,4074
sps4ext_202111_019;0,26;350,224;29182,586;2723,6832;7,6923
sps4ext_202111_019;0,30;21,542;3135,813;292,6560;6,6666
sps4ext_202111_019;0,23;399,447;32257,811;3010,7280;8,6956
sps4ext_202111_019;0,30;185,878;25569,380;2386,4736;6,6666
sps4ext_202111_019;0,23;385,035;29526,791;2755,8048;8,6956
sps4ext_202111_019;0,24;444,128;31687,368;2957,4720;8,3333
sps4ext_202111_019;0,27;286,002;27224,315;2540,9328;7,4074
sps4ext_202111_020;0,30;21,010;3169,345;295,7808;6,6666
sps4ext_202111_020;0,26;327,993;29017,305;2708,2608;7,6923
sps4ext_202111_020;0,30;171,212;24930,139;2326,8000;6,6666
sps4ext_202111_020;0,23;450,742;32293,566;3014,0544;8,6956
sps4ext_202111_020;0,25;309,581;27010,384;2520,9408;8,0000
sps4ext_202111_020;0,22;470,513;32957,247;3075,9792;9,0909
sps4ext_202111_020;0,25;333,451;28695,066;2678,1888;8,0000
sps4ext_202111_020;0,22;492,601;34144,221;3186,7920;9,0909
sps4ext_202111_020;0,30;211,303;25331,366;2364,2304;6,6666
sps4ext_202111_020;0,22;470,439;34326,876;3203,8272;9,0909
sps4ext_202111_020;0,27;312,732;27361,306;2553,7008;7,4074
sps4ext_202211_001;0,24;476,003;31960,974;2983,0080;8,3333
sps4ext_202211_001;0,21;466,260;34910,426;3258,2928;9,5238
sps4ext_202211_001;0,32;14,432;2943,380;274,7136;6,2500
sps4ext_202211_001;0,24;412,326;31939,465;2980,9920;8,3333
sps4ext_202211_001;0,31;131,410;21896,856;2043,6864;6,4516
sps4ext_202211_001;0,25;356,208;30829,739;2877,4368;8,0000
sps4ext_202211_001;0,23;383,396;31050,680;2898,0336;8,6956
sps4ext_202211_001;0,22;458,044;33201,237;3098,7600;9,0909
sps4ext_202211_001;0,23;426,585;32266,931;3011,5680;8,6956
sps4ext_202211_001;0,30;182,541;25346,167;2365,6416;6,6666
sps4ext_202211_001;0,31;153,215;23625,313;2205,0000;6,4516
sps4ext_202211_002;0,29;201,511;25947,307;2421,7200;6,8965
sps4ext_202211_002;0,23;463,718;32224,541;3007,6032;8,6956
sps4ext_202211_002;0,30;172,382;25241,284;2355,8304;6,6666
sps4ext_202211_002;0,22;479,498;32888,752;3069,5952;9,0909
sps4ext_202211_002;0,30;20,136;3090,098;288,3888;6,6666
sps4ext_202211_002;0,22;473,271;33899,831;3163,9776;9,0909
sps4ext_202211_002;0,28;299,390;27400,685;2557,3968;7,1428
sps4ext_202211_002;0,25;312,775;28840,908;2691,7968;8,0000
sps4ext_202211_002;0,21;531,508;35809,392;3342,1920;9,5238
sps4ext_202211_002;0,29;222,064;25672,087;2396,0496;6,8965
sps4ext_202211_002;0,27;267,192;25508,877;2380,7952;7,4074
sps4ext_202211_003;0,28;247,212;26679,395;2490,0624;7,1428
sps4ext_202211_003;0,31;154,603;24715,517;2306,7744;6,4516
sps4ext_202211_003;0,23;484,159;32997,239;3079,7088;8,6956
sps4ext_202211_003;0,29;204,019;26266,041;2451,4896;6,8965
sps4ext_202211_003;0,30;177,475;24965,219;2330,0592;6,6666
sps4ext_202211_003;0,29;199,497;25218,849;2353,7472;6,8965
sps4ext_202211_003;0,22;423,564;33433,169;3120,3984;9,0909
sps4ext_202211_003;0,22;473,854;33091,555;3088,5120;9,0909
sps4ext_202211_003;0,32;13,825;3152,005;294,1680;6,2500
sps4ext_202211_003;0,32;126,558;21901,638;2044,1232;6,2500
sps4ext_202211_003;0,27;300,592;27704,452;2585,7216;7,4074
sps4ext_202211_004;0,27;255,266;27177,410;2536,5312;7,4074
sps4ext_202211_004;0,31;168,957;24812,898;2315,8464;6,4516
sps4ext_202211_004;0,22;476,366;32509,473;3034,2144;9,0909
sps4ext_202211_004;0,30;184,449;25019,118;2335,0992;6,6666
sps4ext_202211_004;0,21;486,723;34312,355;3202,4832;9,5238
sps4ext_202211_004;0,30;19,205;3067,541;286,2720;6,6666
sps4ext_202211_004;0,24;423,180;30984,992;2891,9184;8,3333
sps4ext_202211_004;0,27;261,657;25811,386;2409,0528;7,4074
sps4ext_202211_004;0,27;269,466;28060,869;2618,9856;7,4074
sps4ext_202211_004;0,25;359,224;30090,586;2808,4224;8,0000
sps4ext_202211_004;0,31;156,282;24639,558;2299,6848;6,4516
sps4ext_202211_005;0,24;43,201;3765,192;351,3888;8,3333
sps4ext_202211_005;0,28;250,163;27018,110;2521,6800;7,1428
sps4ext_202211_005;0,27;244,090;27733,991;2588,4768;7,4074
sps4ext_202211_005;0,30;205,787;24251,969;2263,4976;6,6666
sps4ext_202211_005;0,24;363,112;31102,948;2902,9392;8,3333
sps4ext_202211_005;0,22;454,045;32419,484;3025,8144;9,0909
sps4ext_202211_005;0,26;330,178;29129,887;2718,7776;7,6923
sps4ext_202211_005;0,31;159,737;24250,530;2263,3632;6,4516
sps4ext_202211_005;0,23;419,895;31509,265;2940,8400;8,6956
sps4ext_202211_005;0,25;325,515;27509,588;2567,5440;8,0000
sps4ext_202211_005;0,30;184,884;25352,955;2366,2464;6,6666
sps4ext_202211_006;0,28;236,658;26305,944;2455,2192;7,1428
sps4ext_202211_006;0,29;202,058;25898,949;2417,2176;6,8965
sps4ext_202211_006;0,25;360,480;30332,477;2831,0016;8,0000
sps4ext_202211_006;0,32;15,611;3083,432;287,7840;6,2500
sps4ext_202211_006;0,23;413,360;31273,011;2918,7984;8,6956
sps4ext_202211_006;0,24;385,119;31212,658;2913,1536;8,3333
sps4ext_202211_006;0,22;457,475;33995,560;3172,9152;9,0909
sps4ext_202211_006;0,31;137,654;21817,628;2036,2944;6,4516
sps4ext_202211_006;0,25;383,378;30396,624;2837,0160;8,0000
sps4ext_202211_006;0,23;418,583;31633,542;2952,4320;8,6956
sps4ext_202211_006;0,27;255,075;27784,034;2593,1472;7,4074
sps4ext_202211_007;0,24;393,205;30818,495;2876,3616;8,3333
sps4ext_202211_007;0,27;323,748;27182,480;2537,0016;7,4074
sps4ext_202211_007;0,22;565,688;34767,784;3244,9872;9,0909
sps4ext_202211_007;0,31;125,649;21977,045;2051,1792;6,4516
sps4ext_202211_007;0,31;149,093;24536,112;2290,0080;6,4516
sps4ext_202211_007;0,23;464,997;33114,981;3090,7296;8,6956
sps4ext_202211_007;0,30;190,965;24635,878;2299,3152;6,6666
sps4ext_202211_007;0,31;168,750;24840,820;2318,4672;6,4516
sps4ext_202211_007;0,23;418,326;32721,820;3054,0048;8,6956
sps4ext_202211_007;0,29;213,133;26123,139;2438,1504;6,8965
sps4ext_202211_007;0,33;13,217;3054,659;285,0960;6,0606
sps4ext_202211_008;0,32;161,246;24056,870;2245,2864;6,2500
sps4ext_202211_008;0,25;369,871;29115,978;2717,4672;8,0000
sps4ext_202211_008;0,26;315,061;28006,072;2613,8784;7,6923
sps4ext_202211_008;0,23;433,294;32969,248;3077,1216;8,6956
sps4ext_202211_008;0,30;185,929;25229,558;2354,7552;6,6666
sps4ext_202211_008;0,25;365,263;29518,563;2755,0656;8,0000
sps4ext_202211_008;0,25;351,892;30289,453;2827,0032;8,0000
sps4ext_202211_008;0,25;298,908;27170,949;2535,9264;8,0000
sps4ext_202211_008;0,23;43,337;3798,309;354,4800;8,6956
sps4ext_202211_008;0,25;368,316;29832,851;2784,3984;8,0000
sps4ext_202211_008;0,29;240,020;26457,516;2469,3648;6,8965
sps4ext_202211_009;0,22;510,909;32901,219;3070,7712;9,0909
sps4ext_202211_009;0,26;316,705;29229,893;2728,1184;7,6923
sps4ext_202211_009;0,32;144,678;24080,701;2247,5040;6,2500
sps4ext_202211_009;0,27;300,847;28439,112;2654,2992;7,4074
sps4ext_202211_009;0,26;369,565;29427,272;2746,5312;7,6923
sps4ext_202211_009;0,21;489,505;35015,132;3268,0704;9,5238
sps4ext_202211_009;0,22;511,590;34201,536;3192,1344;9,0909
sps4ext_202211_009;0,24;367,460;30259,954;2824,2480;8,3333
sps4ext_202211_009;0,31;19,073;3111,815;290,4048;6,4516
sps4ext_202211_009;0,25;346,436;29155,339;2721,1632;8,0000
sps4ext_202211_009;0,26;287,052;26167,452;2442,2832;7,6923
sps4ext_202211_010;0,27;286,709;28236,481;2635,3824;7,4074
sps4ext_202211_010;0,31;157,038;24497,045;2286,3792;6,4516
sps4ext_202211_010;0,25;370,057;28922,301;2699,3904;8,0000
sps4ext_202211_010;0,24;392,968;31988,659;2985,5952;8,3333
sps4ext_202211_010;0,28;223,995;25885,565;2415,9744;7,1428
sps4ext_202211_010;0,31;16,897;3171,645;296,0160;6,4516
sps4ext_202211_010;0,21;501,863;35666,382;3328,8528;9,5238
sps4ext_202211_010;0,24;412,392;31365,626;2927,4336;8,3333
sps4ext_202211_010;0,27;269,132;27627,843;2578,5984;7,4074
sps4ext_202211_010;0,30;214,556;24587,962;2294,8464;6,6666
sps4ext_202211_010;0,31;137,548;22498,756;2099,8656;6,4516
sps4ext_202211_011;0,22;444,944;33684,391;3143,8512;9,0909
sps4ext_202211_011;0,29;223,496;26581,863;2480,9568;6,8965
sps4ext_202211_011;0,27;29,929;3475,924;324,4080;7,4074
sps4ext_202211_011;0,26;315,241;28215,140;2633,4000;7,6923
sps4ext_202211_011;0,23;452,054;33355,454;3113,1744;8,6956
sps4ext_202211_011;0,26;329,371;28348,899;2645,8656;7,6923
sps4ext_202211_011;0,22;490,242;34793,621;3247,3728;9,0909
sps4ext_202211_011;0,32;140,043;23650,953;2207,4192;6,2500
sps4ext_202211_011;0,29;239,806;26469,869;2470,5072;6,8965
sps4ext_202211_011;0,25;315,070;29191,022;2724,4896;8,0000
sps4ext_202211_011;0,27;247,433;24980,145;2331,4704;7,4074
sps4ext_202211_012;0,22;473,550;33659,836;3141,5664;9,0909
sps4ext_202211_012;0,31;169,301;24883,136;2322,3984;6,4516
sps4ext_202211_012;0,28;244,950;26296,206;2454,3120;7,1428
sps4ext_202211_012;0,30;200,655;25546,057;2384,2896;6,6666
sps4ext_202211_012;0,23;437,719;32892,527;3069,9648;8,6956
sps4ext_202211_012;0,28;245,187;26557,653;2478,7056;7,1428
sps4ext_202211_012;0,27;27,334;3405,389;317,8224;7,4074
sps4ext_202211_012;0,30;205,212;25722,968;2400,7872;6,6666
sps4ext_202211_012;0,24;380,514;30756,002;2870,5488;8,3333
sps4ext_202211_012;0,22;527,835;34401,873;3210,8160;9,0909
sps4ext_202211_012;0,26;281,968;25839,726;2411,7072;7,6923
sps4ext_202211_013;0,22;447,185;32962,478;3076,4832;9,0909
sps4ext_202211_013;0,31;168,860;24124,075;2251,5696;6,4516
sps4ext_202211_013;0,31;179,710;24919,978;2325,8592;6,4516
sps4ext_202211_013;0,26;297,663;27629,688;2578,7664;7,6923
sps4ext_202211_013;0,32;125,425;21478,348;2004,6432;6,2500
sps4ext_202211_013;0,32;13,444;3015,920;281,4672;6,2500
sps4ext_202211_013;0,22;493,118;34522,451;3222,0720;9,0909
sps4ext_202211_013;0,23;454,279;32920,443;3072,5520;8,6956
sps4ext_202211_013;0,21;476,480;35718,347;3333,6912;9,5238
sps4ext_202211_013;0,28;262,241;26999,210;2519,8992;7,1428
sps4ext_202211_013;0,29;205,056;25986,388;2425,3824;6,8965
sps4ext_202211_014;0,22;477,239;34524,320;3222,2400;9,0909
sps4ext_202211_014;0,30;179,185;22972,202;2144,0496;6,6666
sps4ext_202211_014;0,31;152,681;24104,926;2249,7888;6,4516
sps4ext_202211_014;0,22;517,715;34223,712;3194,1840;9,0909
sps4ext_202211_014;0,22;476,407;33175,275;3096,3408;9,0909
sps4ext_202211_014;0,23;399,405;32042,550;2990,6352;8,6956
sps4ext_202211_014;0,25;395,694;30617,820;2857,6464;8,0000
sps4ext_202211_014;0,28;283,863;27546,293;2570,9712;7,1428
sps4ext_202211_014;0,31;17,693;3091,813;288,5568;6,4516
sps4ext_202211_014;0,22;440,259;32598,022;3042,4800;9,0909
sps4ext_202211_014;0,25;323,611;28967,931;2703,6576;8,0000
sps4ext_202211_015;0,26;312,788;28769,369;2685,1104;7,6923
sps4ext_202211_015;0,24;38,330;3769,473;351,7920;8,3333
sps4ext_202211_015;0,31;159,907;24567,347;2292,9312;6,4516
sps4ext_202211_015;0,27;265,557;26663,359;2488,5504;7,4074
sps4ext_202211_015;0,32;132,593;23594,057;2202,1104;6,2500
sps4ext_202211_015;0,24;411,434;31728,048;2961,2688;8,3333
sps4ext_202211_015;0,23;399,231;29514,801;2754,6960;8,6956
sps4ext_202211_015;0,24;370,339;30127,662;2811,8832;8,3333
sps4ext_202211_015;0,25;356,694;29843,754;2785,4064;8,0000
sps4ext_202211_015;0,29;209,168;25693,507;2398,0320;6,8965
sps4ext_202211_015;0,23;441,691;32110,546;2996,9520;8,6956
sps4ext_202211_016;0,29;227,770;26318,206;2456,3616;6,8965
sps4ext_202211_016;0,25;312,851;27583,651;2574,4656;8,0000
sps4ext_202211_016;0,22;516,938;34191,899;3191,2272;9,0909
sps4ext_202211_016;0,29;202,664;25477,951;2377,9392;6,8965
sps4ext_202211_016;0,23;429,369;33203,941;3099,0288;8,6956
sps4ext_202211_016;0,22;508,596;34009,523;3174,1920;9,0909
sps4ext_202211_016;0,22;474,594;34505,059;3220,4592;9,0909
sps4ext_202211_016;0,29;206,531;26089,953;2435,0592;6,8965
sps4ext_202211_016;0,23;395,538;31418,568;2932,3728;8,6956
sps4ext_202211_016;0,31;18,341;3075,672;287,0448;6,4516
sps4ext_202211_016;0,24;427,085;30346,902;2832,3456;8,3333
sps4ext_202211_017;0,21;479,276;35570,105;3319,8480;9,5238
sps4ext_202211_017;0,31;139,015;24439,810;2281,0368;6,4516
sps4ext_202211_017;0,28;246,038;26058,713;2432,1360;7,1428
sps4ext_202211_017;0,30;185,222;25259,425;2357,5440;6,6666
sps4ext_202211_017;0,32;123,238;21705,590;2025,8448;6,2500
sps4ext_202211_017;0,31;165,911;24216,049;2260,1376;6,4516
sps4ext_202211_017;0,22;497,033;33205,454;3099,1632;9,0909
sps4ext_202211_017;0,31;142,333;23737,877;2215,5168;6,4516
sps4ext_202211_017;0,30;168,584;25107,989;2343,3984;6,6666
sps4ext_202211_017;0,32;13,511;2973,804;277,5360;6,2500
sps4ext_202211_017;0,32;140,067;24131,736;2252,2752;6,2500
sps4ext_202211_018;0,26;310,034;28364,203;2647,3104;7,6923
sps4ext_202211_018;0,26;322,117;28682,617;2677,0128;7,6923
sps4ext_202211_018;0,24;389,464;31676,843;2956,4976;8,3333
sps4ext_202211_018;0,24;341,678;29855,315;2786,4816;8,3333
sps4ext_202211_018;0,26;297,092;28641,482;2673,1824;7,6923
sps4ext_202211_018;0,30;175,072;22588,783;2108,2656;6,6666
sps4ext_202211_018;0,31;155,906;24281,840;2266,2864;6,4516
sps4ext_202211_018;0,21;502,627;35762,499;3337,8240;9,5238
sps4ext_202211_018;0,26;305,893;29165,109;2722,0704;7,6923
sps4ext_202211_018;0,28;235,760;26384,195;2462,5104;7,1428
sps4ext_202211_018;0,27;31,102;3484,148;325,1808;7,4074
sps4ext_202211_019;0,23;430,031;32109,921;2996,9184;8,6956
sps4ext_202211_019;0,22;547,170;34060,905;3178,9968;9,0909
sps4ext_202211_019;0,25;324,675;29383,439;2742,4320;8,0000
sps4ext_202211_019;0,25;351,935;30067,819;2806,3056;8,0000
sps4ext_202211_019;0,22;455,879;33733,223;3148,4208;9,0909
sps4ext_202211_019;0,32;15,224;3011,509;281,0640;6,2500
sps4ext_202211_019;0,29;210,002;26023,102;2428,8096;6,8965
sps4ext_202211_019;0,25;324,250;28677,949;2676,5760;8,0000
sps4ext_202211_019;0,21;534,555;36163,716;3375,2544;9,5238
sps4ext_202211_019;0,27;248,421;25538,365;2383,5504;7,4074
sps4ext_202211_019;0,28;240,684;25883,952;2415,8064;7,1428
sps4ext_202211_020;0,27;301,962;27629,087;2578,6992;7,4074
sps4ext_202211_020;0,30;178,508;24573,828;2293,5360;6,6666
sps4ext_202211_020;0,32;123,297;21601,046;2016,0672;6,2500
sps4ext_202211_020;0,25;371,096;29570,274;2759,8704;8,0000
sps4ext_202211_020;0,30;169,033;24257,010;2263,9680;6,6666
sps4ext_202211_020;0,25;333,608;29902,254;2790,8496;8,0000
sps4ext_202211_020;0,33;131,734;23316,819;2176,2048;6,0606
sps4ext_202211_020;0,28;226,678;26713,425;2493,2208;7,1428
sps4ext_202211_020;0,31;151,394;24803,382;2314,9728;6,4516
sps4ext_202211_020;0,24;401,642;31935,446;2980,6224;8,3333
sps4ext_202211_020;0,33;13,206;3029,604;282,7440;6,0606
sps4ext_202311_001;0,23;48,353;3951,084;368,7600;8,6956
sps4ext_202311_001;0,32;140,752;23850,922;2226,0672;6,2500
sps4ext_202311_001;0,32;146,475;23839,239;2224,9920;6,2500
sps4ext_202311_001;0,29;205,160;25856,761;2413,2864;6,8965
sps4ext_202311_001;0,32;143,593;23142,681;2159,9760;6,2500
sps4ext_202311_001;0,20;541,047;34594,019;3228,7584;10,0000
sps4ext_202311_001;0,33;130,688;22570,013;2106,5184;6,0606
sps4ext_202311_001;0,23;439,108;31325,684;2923,7040;8,6956
sps4ext_202311_001;0,26;351,068;29186,637;2724,0528;7,6923
sps4ext_202311_001;0,24;385,877;30852,746;2879,5872;8,3333
sps4ext_202311_001;0,30;137,327;24902,340;2324,2128;6,6666
sps4ext_202311_002;0,31;140,925;23292,251;2173,9200;6,4516
sps4ext_202311_002;0,26;318,861;28555,353;2665,1520;7,6923
sps4ext_202311_002;0,25;314,335;27660,574;2581,6224;8,0000
sps4ext_202311_002;0,29;21,057;3183,114;297,0576;6,8965
sps4ext_202311_002;0,21;541,200;35528,938;3316,0176;9,5238
sps4ext_202311_002;0,27;299,724;28128,486;2625,3024;7,4074
sps4ext_202311_002;0,21;495,083;34379,496;3208,7328;9,5238
sps4ext_202311_002;0,32;136,252;23415,391;2185,4112;6,2500
sps4ext_202311_002;0,32;133,968;23738,626;2215,5840;6,2500
sps4ext_202311_002;0,31;140,349;24326,492;2270,4528;6,4516
sps4ext_202311_002;0,28;285,442;26591,481;2481,8640;7,1428
sps4ext_202311_003;0,21;528,712;35488,598;3312,2544;9,5238
sps4ext_202311_003;0,29;22,324;3206,385;299,2416;6,8965
sps4ext_202311_003;0,26;317,185;28616,824;2670,8976;7,6923
sps4ext_202311_003;0,29;246,415;26124,095;2438,2176;6,8965
sps4ext_202311_003;0,22;512,578;34333,594;3204,4656;9,0909
sps4ext_202311_003;0,26;274,586;25922,070;2419,3680;7,6923
sps4ext_202311_003;0,25;346,860;30001,806;2800,1568;8,0000
sps4ext_202311_003;0,20;614,496;36770,484;3431,9040;10,0000
sps4ext_202311_003;0,28;255,150;26979,817;2518,0848;7,1428
sps4ext_202311_003;0,24;398,924;29794,324;2780,8032;8,3333
sps4ext_202311_003;0,29;158,920;25713,232;2399,8800;6,8965
sps4ext_202311_004;0,29;22,141;3213,708;299,9136;6,8965
sps4ext_202311_004;0,28;241,807;24676,663;2303,1456;7,1428
sps4ext_202311_004;0,28;249,308;27022,154;2522,0496;7,1428
sps4ext_202311_004;0,20;605,089;36806,928;3435,2976;10,0000
sps4ext_202311_004;0,26;327,222;29340,770;2738,4672;7,6923
sps4ext_202311_004;0,27;276,510;26909,335;2511,5328;7,4074
sps4ext_202311_004;0,30;187,164;25406,980;2371,2864;6,6666
sps4ext_202311_004;0,25;313,697;29501,821;2753,4864;8,0000
sps4ext_202311_004;0,23;439,454;33062,960;3085,8576;8,6956
sps4ext_202311_004;0,24;437,077;31323,260;2923,5024;8,3333
sps4ext_202311_004;0,31;142,915;23966,707;2236,8864;6,4516
sps4ext_202311_005;0,31;144,755;23450,799;2188,7376;6,4516
sps4ext_202311_005;0,25;342,394;29764,048;2777,9472;8,0000
sps4ext_202311_005;0,22;474,207;33114,293;3090,6624;9,0909
sps4ext_202311_005;0,27;276,595;25733,778;2401,7952;7,4074
sps4ext_202311_005;0,27;279,868;27856,054;2599,8672;7,4074
sps4ext_202311_005;0,32;131,017;22827,404;2130,5424;6,2500
sps4ext_202311_005;0,30;134,027;24894,103;2323,4400;6,6666
sps4ext_202311_005;0,23;44,806;3876,738;361,8048;8,6956
sps4ext_202311_005;0,22;497,091;33990,967;3172,4784;9,0909
sps4ext_202311_005;0,32;145,386;23967,734;2236,9872;6,2500
sps4ext_202311_005;0,32;134,670;23592,071;2201,9088;6,2500
sps4ext_202311_006;0,21;549,673;35991,611;3359,1936;9,5238
sps4ext_202311_006;0,31;137,211;24440,528;2281,1040;6,4516
sps4ext_202311_006;0,31;144,953;24285,779;2266,6560;6,4516
sps4ext_202311_006;0,30;189,163;25246,782;2356,3344;6,6666
sps4ext_202311_006;0,20;626,579;38390,965;3583,1376;10,0000
sps4ext_202311_006;0,33;132,942;23328,834;2177,3472;6,0606
sps4ext_202311_006;0,24;387,981;29087,903;2714,8464;8,3333
sps4ext_202311_006;0,31;19,786;3128,773;292,0176;6,4516
sps4ext_202311_006;0,33;125,327;22405,278;2091,1296;6,0606
sps4ext_202311_006;0,22;499,637;33634,081;3139,1808;9,0909
sps4ext_202311_006;0,31;141,805;23385,354;2182,6224;6,4516
sps4ext_202311_007;0,29;22,860;3234,805;301,8960;6,8965
sps4ext_202311_007;0,24;426,866;30670,878;2862,5856;8,3333
sps4ext_202311_007;0,27;229,431;27776,596;2592,4752;7,4074
sps4ext_202311_007;0,25;352,966;29441,218;2747,8416;8,0000
sps4ext_202311_007;0,20;642,168;36899,121;3443,8992;10,0000
sps4ext_202311_007;0,24;440,125;31546,202;2944,3008;8,3333
sps4ext_202311_007;0,28;260,460;26856,774;2506,6272;7,1428
sps4ext_202311_007;0,23;480,892;32176,437;3003,1008;8,6956
sps4ext_202311_007;0,27;284,092;28131,886;2625,6384;7,4074
sps4ext_202311_007;0,28;204,666;24340,353;2271,7632;7,1428
sps4ext_202311_007;0,27;287,015;27814,040;2595,9696;7,4074
sps4ext_202311_008;0,23;430,384;31589,259;2948,2992;8,6956
sps4ext_202311_008;0,27;261,109;27688,401;2584,2432;7,4074
sps4ext_202311_008;0,33;13,584;3009,628;280,8960;6,0606
sps4ext_202311_008;0,23;444,928;32014,742;2988,0144;8,6956
sps4ext_202311_008;0,22;483,019;33972,553;3170,7648;9,0909
sps4ext_202311_008;0,25;357,249;29265,418;2731,4112;8,0000
sps4ext_202311_008;0,31;157,159;24225,800;2261,0448;6,4516
sps4ext_202311_008;0,28;228,640;24814,226;2315,9808;7,1428
sps4ext_202311_008;0,22;466,476;34036,715;3176,7456;9,0909
sps4ext_202311_008;0,29;186,135;26279,072;2452,6992;6,8965
sps4ext_202311_008;0,23;439,126;32725,861;3054,4080;8,6956
sps4ext_202311_009;0,32;132,488;23102,867;2156,2464;6,2500
sps4ext_202311_009;0,33;114,760;21076,669;1967,1456;6,0606
sps4ext_202311_009;0,32;14,677;2992,144;279,2496;6,2500
sps4ext_202311_009;0,32;129,486;23147,220;2160,3792;6,2500
sps4ext_202311_009;0,32;132,453;23827,555;2223,8832;6,2500
sps4ext_202311_009;0,31;135,359;24095,160;2248,8816;6,4516
sps4ext_202311_009;0,33;123,344;22758,141;2124,0912;6,0606
sps4ext_202311_009;0,32;131,111;23634,062;2205,8400;6,2500
sps4ext_202311_009;0,33;126,605;22999,760;2146,6368;6,0606
sps4ext_202311_009;0,31;136,125;24724,405;2307,5808;6,4516
sps4ext_202311_009;0,32;128,123;23578,593;2200,6656;6,2500
sps4ext_202311_010;0,30;21,005;3149,976;293,9664;6,6666
sps4ext_202311_010;0,29;219,325;25874,572;2414,9328;6,8965
sps4ext_202311_010;0,30;201,747;24673,816;2302,8768;6,6666
sps4ext_202311_010;0,25;330,469;28682,848;2677,0464;8,0000
sps4ext_202311_010;0,26;284,432;29019,053;2708,4288;7,6923
sps4ext_202311_010;0,23;446,436;33086,935;3088,1088;8,6956
sps4ext_202311_010;0,25;364,377;29346,822;2739,0048;8,0000
sps4ext_202311_010;0,28;233,498;27000,454;2520,0336;7,1428
sps4ext_202311_010;0,24;385,008;31036,565;2896,7232;8,3333
sps4ext_202311_010;0,24;391,530;31125,251;2905,0224;8,3333
sps4ext_202311_010;0,28;238,338;24848,475;2319,1728;7,1428
sps4ext_202311_011;0,28;250,538;26427,955;2466,5760;7,1428
sps4ext_202311_011;0,27;278,130;27089,552;2528,3328;7,4074
sps4ext_202311_011;0,30;205,275;25637,310;2392,7904;6,6666
sps4ext_202311_011;0,26;298,286;29307,353;2735,3424;7,6923
sps4ext_202311_011;0,23;425,630;33061,435;3085,7232;8,6956
sps4ext_202311_011;0,27;281,309;27803,025;2594,9280;7,4074
sps4ext_202311_011;0,27;289,184;27848,935;2599,2288;7,4074
sps4ext_202311_011;0,26;344,279;29484,694;2751,8736;7,6923
sps4ext_202311_011;0,32;16,395;3036,545;283,3824;6,2500
sps4ext_202311_011;0,26;292,758;26535,392;2476,6224;7,6923
sps4ext_202311_011;0,27;278,648;27454,853;2562,4368;7,4074
sps4ext_202311_012;0,24;391,606;31796,193;2967,6192;8,3333
sps4ext_202311_012;0,24;402,684;31584,175;2947,8288;8,3333
sps4ext_202311_012;0,23;436,450;31754,306;2963,7216;8,6956
sps4ext_202311_012;0,26;315,948;29298,635;2734,5360;7,6923
sps4ext_202311_012;0,20;554,476;35370,220;3301,2000;10,0000
sps4ext_202311_012;0,26;313,053;28886,333;2696,0304;7,6923
sps4ext_202311_012;0,28;230,504;24588,151;2294,8800;7,1428
sps4ext_202311_012;0,30;190,786;25299,276;2361,2400;6,6666
sps4ext_202311_012;0,29;208,065;25287,239;2360,1312;6,8965
sps4ext_202311_012;0,33;13,618;2965,240;276,7296;6,0606
sps4ext_202311_012;0,22;463,994;34003,696;3173,6544;9,0909
sps4ext_202311_013;0,26;314,586;28811,187;2689,0416;7,6923
sps4ext_202311_013;0,26;301,096;28812,665;2689,1760;7,6923
sps4ext_202311_013;0,29;242,239;25753,419;2403,6432;6,8965
sps4ext_202311_013;0,23;381,567;31240,910;2915,8080;8,6956
sps4ext_202311_013;0,30;204,535;25605,188;2389,8000;6,6666
sps4ext_202311_013;0,30;197,883;25541,098;2383,8192;6,6666
sps4ext_202311_013;0,28;253,523;26827,016;2503,8384;7,1428
sps4ext_202311_013;0,27;256,783;25092,730;2341,9872;7,4074
sps4ext_202311_013;0,26;30,952;3497,732;326,4240;7,6923
sps4ext_202311_013;0,26;284,633;27712,824;2586,5280;7,6923
sps4ext_202311_013;0,22;525,952;33003,829;3080,3472;9,0909
sps4ext_202311_014;0,26;324,414;29340,594;2738,4336;7,6923
sps4ext_202311_014;0,20;548,338;35935,236;3353,9520;10,0000
sps4ext_202311_014;0,33;12,309;2889,119;269,6400;6,0606
sps4ext_202311_014;0,26;302,596;28725,498;2681,0448;7,6923
sps4ext_202311_014;0,26;328,384;29220,463;2727,2112;7,6923
sps4ext_202311_014;0,24;356,985;31905,298;2977,8000;8,3333
sps4ext_202311_014;0,20;573,647;37111,295;3463,6896;10,0000
sps4ext_202311_014;0,28;244,801;27005,542;2520,5040;7,1428
sps4ext_202311_014;0,29;233,936;25607,464;2390,0016;6,8965
sps4ext_202311_014;0,28;232,144;24568,845;2293,0656;7,1428
sps4ext_202311_014;0,29;232,751;26392,131;2463,2496;6,8965
sps4ext_202311_015;0,25;338,332;30017,029;2801,5680;8,0000
sps4ext_202311_015;0,29;205,578;23842,136;2225,2608;6,8965
sps4ext_202311_015;0,26;300,458;28894,420;2696,8032;7,6923
sps4ext_202311_015;0,24;385,766;31078,087;2900,6208;8,3333
sps4ext_202311_015;0,26;323,755;28002,309;2613,5424;7,6923
sps4ext_202311_015;0,21;530,119;35045,151;3270,8592;9,5238
sps4ext_202311_015;0,28;282,090;27322,938;2550,1392;7,1428
sps4ext_202311_015;0,32;14,743;3002,062;280,1904;6,2500
sps4ext_202311_015;0,26;351,538;29555,731;2758,5264;7,6923
sps4ext_202311_015;0,28;263,815;26265,621;2451,4560;7,1428
sps4ext_202311_015;0,27;283,812;28128,568;2625,3024;7,4074
sps4ext_202311_016;0,27;313,808;28087,197;2621,4384;7,4074
sps4ext_202311_016;0,30;205,997;25270,678;2358,5856;6,6666
sps4ext_202311_016;0,29;22,193;3179,111;296,6880;6,8965
sps4ext_202311_016;0,27;282,411;28106,193;2623,2192;7,4074
sps4ext_202311_016;0,26;313,286;27724,541;2587,6032;7,6923
sps4ext_202311_016;0,28;254,632;26745,326;2496,2112;7,1428
sps4ext_202311_016;0,21;496,482;35049,023;3271,2288;9,5238
sps4ext_202311_016;0,23;421,761;32583,927;3041,1360;8,6956
sps4ext_202311_016;0,26;264,555;25875,427;2415,0336;7,6923
sps4ext_202311_016;0,25;383,163;29265,707;2731,4448;8,0000
sps4ext_202311_016;0,26;327,829;28268,883;2638,4064;7,6923
sps4ext_202311_017;0,29;214,893;25885,062;2415,9072;6,8965
sps4ext_202311_017;0,28;212,676;24514,495;2287,9920;7,1428
sps4ext_202311_017;0,23;432,594;32186,495;3004,0416;8,6956
sps4ext_202311_017;0,20;551,248;35866,842;3347,5680;10,0000
sps4ext_202311_017;0,24;401,034;30996,184;2892,9600;8,3333
sps4ext_202311_017;0,24;375,314;30522,404;2848,7424;8,3333
sps4ext_202311_017;0,30;191,097;25366,189;2367,4896;6,6666
sps4ext_202311_017;0,22;459,307;34069,129;3179,7696;9,0909
sps4ext_202311_017;0,33;13,143;2930,764;273,5376;6,0606
sps4ext_202311_017;0,31;170,501;23635,684;2205,9744;6,4516
sps4ext_202311_017;0,24;365,992;31011,582;2894,4048;8,3333
sps4ext_202311_018;0,24;398,416;31978,288;2984,6208;8,3333
sps4ext_202311_018;0,23;404,598;32858,489;3066,7728;8,6956
sps4ext_202311_018;0,30;176,991;23222,103;2167,3680;6,6666
sps4ext_202311_018;0,33;13,029;2933,890;273,8064;6,0606
sps4ext_202311_018;0,24;356,650;30900,034;2883,9888;8,3333
sps4ext_202311_018;0,22;488,621;32755,489;3057,1632;9,0909
sps4ext_202311_018;0,22;446,222;32696,688;3051,6864;9,0909
sps4ext_202311_018;0,26;329,463;29000,015;2706,6480;7,6923
sps4ext_202311_018;0,27;303,638;28341,493;2645,1936;7,4074
sps4ext_202311_018;0,27;272,520;28077,629;2620,5648;7,4074
sps4ext_202311_018;0,25;321,505;28922,824;2699,4576;8,0000
sps4ext_202311_019;0,32;14,993;3028,289;282,6096;6,2500
sps4ext_202311_019;0,26;308,560;28879,333;2695,3920;7,6923
sps4ext_202311_019;0,29;221,138;26164,741;2442,0144;6,8965
sps4ext_202311_019;0,28;227,469;25894,366;2416,7808;7,1428
sps4ext_202311_019;0,26;337,113;29404,070;2744,3472;7,6923
sps4ext_202311_019;0,21;570,081;36588,008;3414,8688;9,5238
sps4ext_202311_019;0,26;341,214;29450,587;2748,7152;7,6923
sps4ext_202311_019;0,22;455,983;33618,412;3137,7024;9,0909
sps4ext_202311_019;0,20;547,755;35985,071;3358,5888;10,0000
sps4ext_202311_019;0,30;156,566;22687,471;2117,4720;6,6666
sps4ext_202311_019;0,26;310,599;27651,489;2580,7824;7,6923
sps4ext_202311_020;0,28;211,840;24271,919;2265,3456;7,1428
sps4ext_202311_020;0,24;378,826;30979,648;2891,4144;8,3333
sps4ext_202311_020;0,25;381,689;29439,391;2747,6736;8,0000
sps4ext_202311_020;0,28;248,075;27019,069;2521,7472;7,1428
sps4ext_202311_020;0,24;348,261;30323,486;2830,1616;8,3333
sps4ext_202311_020;0,29;236,634;26163,158;2441,8800;6,8965
sps4ext_202311_020;0,24;456,169;30458,476;2842,7616;8,3333
sps4ext_202311_020;0,28;245,489;26689,980;2491,0368;7,1428
sps4ext_202311_020;0,26;303,213;28748,382;2683,1616;7,6923
sps4ext_202311_020;0,33;13,764;2979,070;278,0400;6,0606
sps4ext_202311_020;0,21;484,889;35074,999;3273,6480;9,5238
sps4ext_202411_001;0,21;506,454;36139,657;3373,0032;9,5238
sps4ext_202411_001;0,29;191,887;23582,170;2201,0016;6,8965
sps4ext_202411_001;0,25;373,017;29847,333;2785,7424;8,0000
sps4ext_202411_001;0,33;13,314;2952,563;275,5536;6,0606
sps4ext_202411_001;0,26;325,198;29097,045;2715,7200;7,6923
sps4ext_202411_001;0,25;382,947;30658,960;2861,4768;8,0000
sps4ext_202411_001;0,26;308,633;27893,567;2603,3952;7,6923
sps4ext_202411_001;0,30;178,297;25195,092;2351,5296;6,6666
sps4ext_202411_001;0,24;384,472;29880,143;2788,8000;8,3333
sps4ext_202411_001;0,30;181,127;24198,640;2258,5248;6,6666
sps4ext_202411_001;0,21;569,922;36425,227;3399,6816;9,5238
sps4ext_202411_002;0,21;490,759;35758,783;3337,4544;9,5238
sps4ext_202411_002;0,21;539,753;34490,077;3219,0480;9,5238
sps4ext_202411_002;0,31;141,394;22242,542;2075,9424;6,4516
sps4ext_202411_002;0,26;327,755;29095,414;2715,5520;7,6923
sps4ext_202411_002;0,32;13,115;2959,141;276,1584;6,2500
sps4ext_202411_002;0,27;268,541;28229,129;2634,7104;7,4074
sps4ext_202411_002;0,26;286,665;28662,286;2675,1312;7,6923
sps4ext_202411_002;0,28;245,907;26242,452;2449,2720;7,1428
sps4ext_202411_002;0,25;338,438;29686,526;2770,7232;8,0000
sps4ext_202411_002;0,23;432,313;32669,890;3049,1664;8,6956
sps4ext_202411_002;0,21;499,798;34645,197;3233,5296;9,5238
sps4ext_202411_003;0,22;478,485;34129,790;3185,4144;9,0909
sps4ext_202411_003;0,32;13,568;2959,737;276,2256;6,2500
sps4ext_202411_003;0,26;306,405;29045,218;2710,8816;7,6923
sps4ext_202411_003;0,27;297,540;28454,834;2655,7776;7,4074
sps4ext_202411_003;0,31;171,714;24484,251;2285,1696;6,4516
sps4ext_202411_003;0,31;156,712;22310,195;2082,2592;6,4516
sps4ext_202411_003;0,26;398,655;29676,630;2769,8160;7,6923
sps4ext_202411_003;0,25;343,215;29208,980;2726,1696;8,0000
sps4ext_202411_003;0,23;429,768;32880,959;3068,8560;8,6956
sps4ext_202411_003;0,28;248,315;26520,197;2475,2112;7,1428
sps4ext_202411_003;0,21;522,780;35329,184;3297,3696;9,5238
sps4ext_202411_004;0,31;169,587;24284,954;2266,5888;6,4516
sps4ext_202411_004;0,22;465,651;33733,772;3148,4544;9,0909
sps4ext_202411_004;0,23;476,266;31066,219;2899,5120;8,6956
sps4ext_202411_004;0,28;243,597;24591,349;2295,1824;7,1428
sps4ext_202411_004;0,25;369,936;29498,166;2753,1504;8,0000
sps4ext_202411_004;0,25;337,183;29058,068;2712,0576;8,0000
sps4ext_202411_004;0,25;417,182;30256,314;2823,9120;8,0000
sps4ext_202411_004;0,33;13,294;2961,550;276,3936;6,0606
sps4ext_202411_004;0,24;368,459;31187,532;2910,8352;8,3333
sps4ext_202411_004;0,30;206,167;25639,824;2393,0256;6,6666
sps4ext_202411_004;0,28;236,811;26941,258;2514,4896;7,1428
sps4ext_202411_005;0,20;612,631;36935,351;3447,2928;10,0000
sps4ext_202411_005;0,31;166,081;24027,134;2242,5312;6,4516
sps4ext_202411_005;0,23;427,325;32452,709;3028,9056;8,6956
sps4ext_202411_005;0,27;301,529;27590,079;2575,0704;7,4074
sps4ext_202411_005;0,23;475,995;32155,530;3001,1520;8,6956
sps4ext_202411_005;0,26;313,134;27977,121;2611,1904;7,6923
sps4ext_202411_005;0,25;361,568;28853,944;2693,0064;8,0000
sps4ext_202411_005;0,29;196,878;23792,606;2220,6240;6,8965
sps4ext_202411_005;0,27;297,298;28107,998;2623,3872;7,4074
sps4ext_202411_005;0,33;13,468;2970,187;277,2000;6,0606
sps4ext_202411_005;0,31;156,566;24107,451;2250,0240;6,4516
sps4ext_202411_006;0,28;226,940;24278,519;2265,9840;7,1428
sps4ext_202411_006;0,23;403,193;32612,325;3043,7904;8,6956
sps4ext_202411_006;0,27;297,188;27355,970;2553,1968;7,4074
sps4ext_202411_006;0,21;553,159;35361,568;3300,3936;9,5238
sps4ext_202411_006;0,28;272,133;26535,223;2476,5888;7,1428
sps4ext_202411_006;0,28;249,943;27080,557;2527,4928;7,1428
sps4ext_202411_006;0,25;338,659;28872,891;2694,7872;8,0000
sps4ext_202411_006;0,30;186,707;25247,187;2356,4016;6,6666
sps4ext_202411_006;0,29;221,375;25636,838;2392,7568;6,8965
sps4ext_202411_006;0,33;12,230;2944,554;274,8144;6,0606
sps4ext_202411_006;0,24;453,221;32033,310;2989,7616;8,3333
sps4ext_202411_007;0,29;177,527;23366,983;2180,9088;6,8965
sps4ext_202411_007;0,26;310,469;29172,198;2722,7088;7,6923
sps4ext_202411_007;0,22;440,724;32552,156;3038,1792;9,0909
sps4ext_202411_007;0,28;242,358;25706,628;2399,2752;7,1428
sps4ext_202411_007;0,33;13,135;2915,606;272,0928;6,0606
sps4ext_202411_007;0,23;448,158;33175,144;3096,3408;8,6956
sps4ext_202411_007;0,22;460,003;33433,712;3120,4656;9,0909
sps4ext_202411_007;0,29;223,665;26403,819;2464,3248;6,8965
sps4ext_202411_007;0,23;453,611;33182,739;3097,0464;8,6956
sps4ext_202411_007;0,24;358,012;31004,243;2893,6992;8,3333
sps4ext_202411_007;0,30;201,869;25549,743;2384,6256;6,6666
sps4ext_202411_008;0,23;416,895;32932,076;3073,6272;8,6956
sps4ext_202411_008;0,22;553,238;33361,716;3113,7456;9,0909
sps4ext_202411_008;0,29;215,688;26385,762;2462,6448;6,8965
sps4ext_202411_008;0,26;329,075;29475,264;2751,0000;7,6923
sps4ext_202411_008;0,27;297,491;27536,414;2570,0640;7,4074
sps4ext_202411_008;0,30;157,582;22728,857;2121,3360;6,6666
sps4ext_202411_008;0,33;13,068;2953,568;275,6544;6,0606
sps4ext_202411_008;0,24;394,079;30878,520;2881,9728;8,3333
sps4ext_202411_008;0,20;582,044;36788,771;3433,6176;10,0000
sps4ext_202411_008;0,29;214,367;25073,996;2340,2064;6,8965
sps4ext_202411_008;0,25;354,757;30001,795;2800,1568;8,0000
sps4ext_202411_009;0,27;263,087;27520,647;2568,5856;7,4074
sps4ext_202411_009;0,31;153,135;23465,760;2190,1152;6,4516
sps4ext_202411_009;0,28;272,031;26234,101;2448,4992;7,1428
sps4ext_202411_009;0,19;602,945;39371,096;3674,6304;10,5263
sps4ext_202411_009;0,30;188,990;25242,414;2355,9312;6,6666
sps4ext_202411_009;0,26;318,448;28858,376;2693,4432;7,6923
sps4ext_202411_009;0,22;520,323;33650,582;3140,6928;9,0909
sps4ext_202411_009;0,27;292,860;28470,616;2657,2560;7,4074
sps4ext_202411_009;0,22;500,109;34565,216;3226,0704;9,0909
sps4ext_202411_009;0,33;12,966;2921,400;272,6640;6,0606
sps4ext_202411_009;0,32;125,973;21443,771;2001,4176;6,2500
sps4ext_202411_010;0,22;548,767;33546,606;3131,0160;9,0909
sps4ext_202411_010;0,28;271,157;27359,309;2553,5328;7,1428
sps4ext_202411_010;0,31;146,030;22131,145;2065,5600;6,4516
sps4ext_202411_010;0,31;173,342;24736,958;2308,7568;6,4516
sps4ext_202411_010;0,19;598,632;39332,441;3671,0016;10,5263
sps4ext_202411_010;0,26;355,525;29475,757;2751,0672;7,6923
sps4ext_202411_010;0,32;13,399;2971,470;277,3344;6,2500
sps4ext_202411_010;0,27;259,252;27793,489;2594,0544;7,4074
sps4ext_202411_010;0,27;301,574;27132,571;2532,3648;7,4074
sps4ext_202411_010;0,25;327,942;28939,351;2701,0032;8,0000
sps4ext_202411_010;0,28;252,081;26680,962;2490,1968;7,1428
sps4ext_202411_011;0,33;13,243;2957,227;275,9904;6,0606
sps4ext_202411_011;0,27;271,630;27685,967;2584,0080;7,4074
sps4ext_202411_011;0,25;362,075;29590,555;2761,7520;8,0000
sps4ext_202411_011;0,31;131,077;21900,492;2044,0224;6,4516
sps4ext_202411_011;0,30;191,814;25425,310;2373,0000;6,6666
sps4ext_202411_011;0,27;283,608;27953,118;2608,9392;7,4074
sps4ext_202411_011;0,28;223,892;26047,431;2431,0608;7,1428
sps4ext_202411_011;0,21;505,363;34081,352;3180,9120;9,5238
sps4ext_202411_011;0,20;605,330;38343,584;3578,7024;10,0000
sps4ext_202411_011;0,26;308,792;29112,189;2717,1312;7,6923
sps4ext_202411_011;0,24;402,022;30924,582;2886,2736;8,3333
sps4ext_202411_012;0,19;578,680;38722,857;3614,1168;10,5263
sps4ext_202411_012;0,27;279,669;27613,915;2577,2880;7,4074
sps4ext_202411_012;0,23;403,402;32108,912;2996,8176;8,6956
sps4ext_202411_012;0,30;205,584;25629,596;2392,0848;6,6666
sps4ext_202411_012;0,24;392,441;30862,740;2880,4944;8,3333
sps4ext_202411_012;0,32;13,268;3017,767;281,6352;6,2500
sps4ext_202411_012;0,26;325,907;28285,628;2639,9856;7,6923
sps4ext_202411_012;0,32;135,177;21691,845;2024,5680;6,2500
sps4ext_202411_012;0,26;346,397;29341,813;2738,5680;7,6923
sps4ext_202411_012;0,31;169,870;23922,829;2232,7872;6,4516
sps4ext_202411_012;0,29;231,944;26374,972;2461,6368;6,8965
sps4ext_202411_013;0,28;225,111;26498,997;2473,2288;7,1428
sps4ext_202411_013;0,24;371,942;30172,738;2816,1168;8,3333
sps4ext_202411_013;0,21;466,491;33824,048;3156,8880;9,5238
sps4ext_202411_013;0,30;159,335;24067,675;2246,2944;6,6666
sps4ext_202411_013;0,32;123,740;21405,678;1997,8560;6,2500
sps4ext_202411_013;0,20;586,498;38184,978;3563,9184;10,0000
sps4ext_202411_013;0,27;292,191;28308,532;2642,1024;7,4074
sps4ext_202411_013;0,32;13,616;2950,390;275,3520;6,2500
sps4ext_202411_013;0,30;203,376;25032,407;2336,3424;6,6666
sps4ext_202411_013;0,24;391,884;31368,514;2927,7024;8,3333
sps4ext_202411_013;0,23;472,494;33000,146;3080,0112;8,6956
sps4ext_202411_014;0,29;214,843;25860,504;2413,6224;6,8965
sps4ext_202411_014;0,24;374,649;31806,078;2968,5600;8,3333
sps4ext_202411_014;0,22;510,833;33610,409;3136,9632;9,0909
sps4ext_202411_014;0,28;233,312;25796,222;2407,6416;7,1428
sps4ext_202411_014;0,27;259,682;26894,514;2510,1216;7,4074
sps4ext_202411_014;0,32;120,324;21621,597;2017,9824;6,2500
sps4ext_202411_014;0,21;520,546;35541,177;3317,1600;9,5238
sps4ext_202411_014;0,33;13,042;2927,932;273,2688;6,0606
sps4ext_202411_014;0,30;188,083;25258,373;2357,4432;6,6666
sps4ext_202411_014;0,32;132,375;23841,997;2225,2272;6,2500
sps4ext_202411_014;0,22;485,200;34320,639;3203,2560;9,0909
sps4ext_202411_015;0,27;286,098;27936,267;2607,3600;7,4074
sps4ext_202411_015;0,21;536,225;36333,817;3391,1472;9,5238
sps4ext_202411_015;0,32;123,886;21701,840;2025,4752;6,2500
sps4ext_202411_015;0,21;640,083;36424,655;3399,6144;9,5238
sps4ext_202411_015;0,26;299,409;27599,095;2575,9104;7,6923
sps4ext_202411_015;0,24;360,350;30858,945;2880,1584;8,3333
sps4ext_202411_015;0,22;462,540;32747,228;3056,3904;9,0909
sps4ext_202411_015;0,31;166,197;23785,247;2219,9520;6,4516
sps4ext_202411_015;0,29;220,029;26153,376;2440,9728;6,8965
sps4ext_202411_015;0,33;12,995;2929,916;273,4368;6,0606
sps4ext_202411_015;0,21;496,713;35323,063;3296,7984;9,5238
sps4ext_202411_016;0,23;395,819;31538,149;2943,5280;8,6956
sps4ext_202411_016;0,24;387,359;31177,310;2909,8608;8,3333
sps4ext_202411_016;0,27;287,213;27103,006;2529,6096;7,4074
sps4ext_202411_016;0,20;619,135;38247,683;3569,7648;10,0000
sps4ext_202411_016;0,20;609,388;38151,502;3560,7936;10,0000
sps4ext_202411_016;0,28;253,358;26870,344;2507,8704;7,1428
sps4ext_202411_016;0,29;216,037;26051,614;2431,4640;6,8965
sps4ext_202411_016;0,28;245,582;26110,827;2437,0080;7,1428
sps4ext_202411_016;0,32;131,476;21784,934;2033,2368;6,2500
sps4ext_202411_016;0,34;11,434;2903,556;270,9840;5,8823
sps4ext_202411_016;0,28;247,711;26778,156;2499,2688;7,1428
sps4ext_202411_017;0,28;247,296;27116,778;2530,8864;7,1428
sps4ext_202411_017;0,22;486,881;34928,381;3259,9728;9,0909
sps4ext_202411_017;0,30;174,140;22877,126;2135,1792;6,6666
sps4ext_202411_017;0,25;351,092;30410,117;2838,2592;8,0000
sps4ext_202411_017;0,27;268,353;26932,243;2513,6496;7,4074
sps4ext_202411_017;0,28;217,365;25782,059;2406,2976;7,1428
sps4ext_202411_017;0,27;287,455;27835,234;2597,9520;7,4074
sps4ext_202411_017;0,19;578,813;38825,561;3623,6928;10,5263
sps4ext_202411_017;0,29;237,376;25411,948;2371,7568;6,8965
sps4ext_202411_017;0,29;228,304;26463,905;2469,9360;6,8965
sps4ext_202411_017;0,32;13,901;2925,670;273,0336;6,2500
sps4ext_202411_018;0,26;338,978;29292,364;2733,9312;7,6923
sps4ext_202411_018;0,24;407,127;31717,736;2960,2944;8,3333
sps4ext_202411_018;0,27;265,153;26823,186;2503,4688;7,4074
sps4ext_202411_018;0,27;274,722;26954,305;2515,7328;7,4074
sps4ext_202411_018;0,26;321,538;29590,746;2761,7856;7,6923
sps4ext_202411_018;0,25;321,276;29171,843;2722,6752;8,0000
sps4ext_202411_018;0,33;13,146;2928,466;273,3024;6,0606
sps4ext_202411_018;0,23;487,473;33220,436;3100,5408;8,6956
sps4ext_202411_018;0,27;270,150;27904,168;2604,3696;7,4074
sps4ext_202411_018;0,32;125,214;21403,841;1997,6880;6,2500
sps4ext_202411_018;0,21;564,599;35308,308;3295,4208;9,5238
sps4ext_202411_019;0,26;304,158;29118,459;2717,7024;7,6923
sps4ext_202411_019;0,30;200,946;24352,934;2272,9392;6,6666
sps4ext_202411_019;0,30;197,344;24607,042;2296,6272;6,6666
sps4ext_202411_019;0,32;122,148;21378,907;1995,3360;6,2500
sps4ext_202411_019;0,29;234,453;26471,721;2470,6752;6,8965
sps4ext_202411_019;0,22;514,431;34747,300;3243,0720;9,0909
sps4ext_202411_019;0,20;599,467;38398,348;3583,8432;10,0000
sps4ext_202411_019;0,24;419,387;30618,184;2857,6800;8,3333
sps4ext_202411_019;0,29;221,317;26023,063;2428,8096;6,8965
sps4ext_202411_019;0,33;12,064;2896,317;270,3120;6,0606
sps4ext_202411_019;0,23;456,552;32954,674;3075,7440;8,6956
sps4ext_202411_020;0,21;537,272;36480,269;3404,8224;9,5238
sps4ext_202411_020;0,33;117,814;21148,342;1973,8320;6,0606
sps4ext_202411_020;0,32;13,441;2942,335;274,6128;6,2500
sps4ext_202411_020;0,21;517,495;35601,341;3322,7712;9,5238
sps4ext_202411_020;0,23;493,813;32790,307;3060,4224;8,6956
sps4ext_202411_020;0,29;224,196;25886,412;2416,0416;6,8965
sps4ext_202411_020;0,22;435,563;32546,209;3037,6416;9,0909
sps4ext_202411_020;0,28;244,747;26060,039;2432,2368;7,1428
sps4ext_202411_020;0,28;268,904;27463,155;2563,2096;7,1428
sps4ext_202411_020;0,28;221,884;26666,890;2488,8864;7,1428
sps4ext_202411_020;0,24;344,791;30219,559;2820,4848;8,3333
